Date,EURUSD_Open,EURUSD_High,EURUSD_Low,EURUSD_Close,EURUSD_Volume,GBPUSD_Open,GBPUSD_High,GBPUSD_Low,GBPUSD_Close,GBPUSD_Volume,GOLD_Open,GOLD_High,GOLD_Low,GOLD_Close,GOLD_Volume,OIL_Open,OIL_High,OIL_Low,OIL_Close,OIL_Volume,FED_RATE,INFLATION,USD_INDEX,VIX,US10Y_YIELD,POLICY_EVENT,POLICY_TYPE,POLICY_DESCRIPTION,POLICY_SEVERITY,POLICY_ASSETS,POLICY_PERIOD,PERIOD
2018-01-02,1.2010858058929443,1.2080942392349243,1.200855016708374,1.2011579275131226,0.0,1.35111403465271,1.3596748113632202,1.3509314060211182,1.3511322736740112,0.0,1302.300048828125,1317.5999755859375,1302.300048828125,1313.699951171875,68.0,60.20000076293945,60.7400016784668,60.09999847412109,60.369998931884766,510313.0,1.41,248.859,109.6445,9.77,2.46,0,,,,,,TRAIN
2018-01-03,1.2061998844146729,1.2067092657089231,1.200494647026062,1.2063454389572144,0.0,1.3594529628753662,1.3614704608917236,1.3498737812042236,1.359619379043579,0.0,1320.0,1320.0999755859375,1312.0999755859375,1316.199951171875,42.0,60.38999938964844,61.970001220703125,60.27999877929688,61.630001068115234,673859.0,1.41,248.859,109.6751,9.15,2.44,0,,,,,,TRAIN
2018-01-04,1.2011290788650513,1.209189772605896,1.200494647026062,1.2010425329208374,0.0,1.3511687517166138,1.3561160564422607,1.3506578207015991,1.3511322736740112,0.0,1319.4000244140625,1322.0,1319.4000244140625,1319.4000244140625,2.0,61.959999084472656,62.209999084472656,61.59000015258789,62.0099983215332,654363.0,1.41,248.859,109.4777,9.22,2.46,0,,,,,,TRAIN
2018-01-05,1.2066218852996826,1.2084592580795288,1.202154278755188,1.2068840265274048,0.0,1.355380892753601,1.3580313920974731,1.3526674509048462,1.3552889823913574,0.0,1320.300048828125,1320.300048828125,1320.300048828125,1320.300048828125,1.0,61.900001525878906,62.040000915527344,61.09000015258789,61.43999862670898,563036.0,1.41,248.859,109.3496,9.22,2.47,0,,,,,,TRAIN
2018-01-08,1.203948974609375,1.2054002285003662,1.195971965789795,1.2037460803985596,0.0,1.3575520515441897,1.3585480451583862,1.3525760173797607,1.3575890064239502,0.0,1319.9000244140625,1319.9000244140625,1314.5999755859375,1318.5999755859375,41.0,61.61000061035156,61.970001220703125,61.34000015258789,61.72999954223633,616474.0,1.41,248.859,109.5681,9.52,2.49,0,,,,,,TRAIN
2018-01-09,1.1969597339630127,1.1975760459899902,1.1917957067489624,1.1970456838607788,0.0,1.3570178747177124,1.3585110902786257,1.3509862422943115,1.3571282625198364,0.0,1309.5999755859375,1311.699951171875,1309.5999755859375,1311.699951171875,16.0,61.91999816894531,63.47999954223633,61.79999923706055,62.959999084472656,844720.0,1.41,248.859,109.9025,10.08,2.55,0,,,,,,TRAIN
2018-01-10,1.1929330825805664,1.2016342878341677,1.1924494504928589,1.1929330825805664,0.0,1.353179931640625,1.356024146080017,1.3485267162322998,1.353234887123108,0.0,1320.300048828125,1320.699951171875,1315.300048828125,1317.4000244140625,70.0,63.40999984741211,63.66999816894531,63.09000015258789,63.56999969482422,697844.0,1.41,248.859,109.628,9.82,2.55,0,,,,,,TRAIN
2018-01-11,1.1954858303070068,1.2059234380722046,1.1931180953979492,1.195614457130432,0.0,1.3512965440750122,1.3555278778076172,1.3459312915802002,1.351278305053711,0.0,1317.0999755859375,1320.5999755859375,1316.300048828125,1320.5999755859375,9.0,63.5,64.7699966430664,63.43000030517578,63.79999923706055,876642.0,1.41,248.859,109.4888,9.88,2.54,0,,,,,,TRAIN
2018-01-12,1.2042099237442017,1.2156133651733398,1.2041373252868652,1.2042099237442017,0.0,1.354169487953186,1.3694878816604614,1.3540045022964478,1.3541878461837769,0.0,1327.800048828125,1338.199951171875,1327.800048828125,1333.4000244140625,14.0,63.56999969482422,64.5,63.060001373291016,64.30000305175781,678727.0,1.41,248.859,108.901,10.16,2.55,0,,,,,,TRAIN
2018-01-15,1.2193039655685425,1.229900360107422,1.21881365776062,1.2192296981811523,0.0,1.3731547594070437,1.3819599151611328,1.3731547594070437,1.3733056783676147,0.0,,,,,,,,,,,1.41,248.859,108.901,10.16,2.55,0,,,,,,TRAIN
2018-01-16,1.2269939184188845,1.2281240224838257,1.2196757793426514,1.2268433570861816,0.0,1.3793864250183103,1.380643367767334,1.3742681741714478,1.379824161529541,0.0,1331.0999755859375,1335.4000244140625,1331.0,1335.4000244140625,13.0,64.43000030517578,64.88999938964844,63.38999938964844,63.72999954223633,867771.0,1.41,248.859,108.3218,11.66,2.54,0,,,,,,TRAIN
2018-01-17,1.227144479751587,1.2321492433547974,1.2199138402938845,1.227129340171814,0.0,1.3796910047531128,1.384466290473938,1.3758565187454224,1.3798813819885254,0.0,1334.4000244140625,1338.0,1326.800048828125,1338.0,27.0,63.88999938964844,64.16999816894531,63.310001373291016,63.970001220703125,444384.0,1.41,248.859,108.1526,11.91,2.57,0,,,,,,TRAIN
2018-01-18,1.218145489692688,1.2262566089630127,1.2175078392028809,1.218397855758667,0.0,1.382590413093567,1.3910139799118042,1.380662441253662,1.382800817489624,0.0,1328.9000244140625,1328.9000244140625,1326.0,1326.0,211.0,64.06999969482422,64.3499984741211,63.470001220703125,63.95000076293945,204504.0,1.41,248.859,108.0655,12.22,2.62,0,,,,,,TRAIN
2018-01-19,1.223585844039917,1.2294830083847046,1.222030758857727,1.2236607074737549,0.0,1.3893712759017944,1.3947001695632937,1.3843704462051392,1.3894678354263306,0.0,1330.0999755859375,1333.0,1330.0999755859375,1331.9000244140625,50.0,63.7400016784668,63.77000045776367,62.84999847412109,63.369998931884766,142711.0,1.41,248.859,107.9455,11.27,2.64,0,,,,,,TRAIN
2018-01-22,1.2255953550338743,1.2266627550125122,1.2214635610580444,1.2255502939224243,0.0,1.388946771621704,1.396921157836914,1.385809302330017,1.3891589641571045,0.0,1328.4000244140625,1330.9000244140625,1328.4000244140625,1330.9000244140625,162.0,63.61000061035156,64.13999938964844,63.16999816894531,63.4900016784668,625662.0,1.41,248.859,108.107,11.03,2.66,1,TARIFF,Section 201 tariffs on solar panels and washing machines,MEDIUM,"EURUSD,GBPUSD,GOLD,OIL",TRAIN,TRAIN
2018-01-23,1.225730538368225,1.2306995391845703,1.2223594188690186,1.2256253957748413,0.0,1.3984841108322144,1.402917981147766,1.391788363456726,1.3984841108322144,0.0,1335.800048828125,1335.9000244140625,1335.699951171875,1335.699951171875,47.0,63.880001068115234,64.87999725341797,63.70000076293945,64.47000122070312,662456.0,1.41,248.859,107.9979,11.1,2.63,0,,,,,,TRAIN
2018-01-24,1.2309662103652954,1.240199327468872,1.2295132875442505,1.2310267686843872,0.0,1.4012471437454224,1.4239740371704102,1.4001679420471191,1.401738166809082,0.0,1355.9000244140625,1357.199951171875,1355.9000244140625,1355.9000244140625,18.0,64.41999816894531,66.05000305175781,64.33999633789062,65.61000061035156,887018.0,1.41,248.859,107.0802,11.47,2.65,0,,,,,,TRAIN
2018-01-25,1.23960280418396,1.2529915571212769,1.2386507987976074,1.239111304283142,0.0,1.42237389087677,1.4339590072631836,1.421666145324707,1.4220906496047974,0.0,1356.300048828125,1362.4000244140625,1346.699951171875,1362.4000244140625,4.0,65.87999725341797,66.66000366210938,65.08000183105469,65.51000213623047,771758.0,1.41,248.859,106.5052,11.58,2.63,0,,,,,,TRAIN
2018-01-26,1.239234209060669,1.2490164041519165,1.2387429475784302,1.239234209060669,0.0,1.4150274991989136,1.428122639656067,1.4147073030471802,1.4150274991989136,0.0,1351.5999755859375,1352.0,1350.9000244140625,1351.5999755859375,280546.0,65.25,66.3499984741211,64.91000366210938,66.13999938964844,678186.0,1.41,248.859,106.6911,11.08,2.66,0,,,,,,TRAIN
2018-01-29,1.2428226470947266,1.243193507194519,1.2338062524795532,1.2428072690963743,0.0,1.4149274826049805,1.4158289432525637,1.402721285820007,1.4149274826049805,0.0,,,,,,66.18000030517578,66.45999908447266,64.9800033569336,65.55999755859375,656168.0,1.41,248.859,107.1142,13.84,2.7,0,,,,,,TRAIN
2018-01-30,1.238175392150879,1.245221495628357,1.233684539794922,1.2381141185760498,0.0,1.4072812795639038,1.414987564086914,1.3983275890350342,1.4076577425003052,0.0,1338.699951171875,1347.800048828125,1332.800048828125,1335.4000244140625,52100.0,65.52999877929688,65.55999755859375,63.88999938964844,64.5,688380.0,1.41,248.859,107.1064,14.79,2.73,0,,,,,,TRAIN
2018-01-31,1.240833401679993,1.2476606369018557,1.2400639057159424,1.2409565448760986,0.0,1.4153079986572266,1.4224750995635986,1.4129881858825684,1.4155884981155396,0.0,1337.5,1346.9000244140625,1331.800048828125,1339.0,4881.0,64.02999877929688,64.94000244140625,63.66999816894531,64.7300033569336,613258.0,1.41,248.859,106.7696,13.54,2.72,0,,,,,,TRAIN
2018-02-01,1.2417423725128174,1.2487823963165283,1.2386507987976074,1.241865873336792,0.0,1.4200108051300049,1.4273276329040527,1.4162501096725464,1.420051097869873,0.0,1343.800048828125,1350.5999755859375,1336.800048828125,1344.300048828125,1680.0,64.76000213623047,66.25,64.62999725341797,65.80000305175781,685750.0,1.42,249.529,106.4877,13.47,2.78,0,,,,,,TRAIN
2018-02-02,1.2512669563293457,1.251799464225769,1.241187572479248,1.2510008811950684,0.0,1.4267168045043943,1.427633285522461,1.4104372262954712,1.4266760349273682,0.0,1348.5,1352.0999755859375,1327.699951171875,1333.699951171875,2841.0,65.98999786376953,66.30000305175781,64.47000122070312,65.44999694824219,857572.0,1.42,249.529,107.1151,17.31,2.84,0,,,,,,TRAIN
2018-02-05,1.2447099685668943,1.2478163242340088,1.2401562929153442,1.244694471359253,0.0,1.411213517189026,1.4150274991989136,1.3989927768707275,1.411133885383606,0.0,1331.0999755859375,1340.199951171875,1329.0,1333.0,641.0,65.0999984741211,65.4000015258789,63.41999816894531,64.1500015258789,891063.0,1.42,249.529,107.33,37.32,2.77,0,,,,,,TRAIN
2018-02-06,1.236827731132507,1.2428536415100098,1.231618046760559,1.2367818355560305,0.0,1.3941168785095217,1.3998740911483765,1.3840447664260864,1.3943694829940796,0.0,1338.199951171875,1343.699951171875,1319.5,1326.0999755859375,529.0,63.43000030517578,64.29000091552734,63.119998931884766,63.38999938964844,797814.0,1.42,249.529,107.5204,29.98,2.79,0,,,,,,TRAIN
2018-02-07,1.2381447553634644,1.2403254508972168,1.2278525829315186,1.238129496574402,0.0,1.395965576171875,1.3992276191711426,1.3871742486953735,1.395868182182312,0.0,1325.4000244140625,1331.0999755859375,1310.5,1311.5999755859375,491.0,63.91999816894531,64.18000030517578,61.25,61.790000915527344,1029408.0,1.42,249.529,107.7175,27.73,2.84,0,,,,,,TRAIN
2018-02-08,1.2268433570861816,1.2294527292251587,1.2216575145721436,1.2268133163452148,0.0,1.3879250288009644,1.4063708782196045,1.3848114013671875,1.3879250288009644,0.0,1317.0999755859375,1321.0999755859375,1307.0,1316.9000244140625,459.0,61.70000076293945,62.09000015258789,60.27000045776367,61.150001525878906,929578.0,1.42,249.529,108.3025,33.46,2.85,0,,,,,,TRAIN
2018-02-09,1.2260762453079224,1.2285465002059937,1.2226433753967283,1.2260762453079224,0.0,1.393378734588623,1.3986600637435913,1.378796935081482,1.3934950828552246,0.0,1320.9000244140625,1322.0,1311.9000244140625,1313.0999755859375,451.0,60.43000030517578,60.77000045776367,58.06999969482422,59.20000076293945,933307.0,1.42,249.529,108.2582,29.06,2.83,0,,,,,,TRAIN
2018-02-12,1.2253400087356567,1.2297097444534302,1.2236307859420776,1.2252799272537231,0.0,1.3825522661209106,1.3874821662902832,1.3798623085021973,1.3827433586120603,0.0,1323.800048828125,1325.5,1318.0,1324.199951171875,140.0,59.119998931884766,60.83000183105469,59.09999847412109,59.290000915527344,736917.0,1.42,249.529,108.0332,25.61,2.86,0,,,,,,TRAIN
2018-02-13,1.2301182746887207,1.2371996641159058,1.228606939315796,1.2303755283355713,0.0,1.3848114013671875,1.3924086093902588,1.383336305618286,1.3852334022521973,0.0,1324.5,1329.5999755859375,1323.4000244140625,1328.0999755859375,71.0,59.34999847412109,59.72999954223633,58.38999938964844,59.18999862670898,580600.0,1.42,249.529,107.7574,24.97,2.83,0,,,,,,TRAIN
2018-02-14,1.2352999448776243,1.2416189908981323,1.2278525829315186,1.235376238822937,0.0,1.3886960744857788,1.3980343341827393,1.3807005882263184,1.3886960744857788,0.0,1332.800048828125,1355.5,1324.0,1355.5,400.0,58.97999954223633,60.900001525878906,58.20000076293945,60.59999847412109,650324.0,1.42,249.529,107.4691,19.26,2.91,0,,,,,,TRAIN
2018-02-15,1.2467117309570312,1.2511996030807495,1.2450509071350098,1.2467273473739624,0.0,1.4015023708343506,1.409840703010559,1.4001288414001465,1.401581048965454,0.0,1352.0,1355.9000244140625,1349.699951171875,1352.0999755859375,111.0,60.709999084472656,61.63999938964844,59.720001220703125,61.34000015258789,340401.0,1.42,249.529,106.9867,19.13,2.9,0,,,,,,TRAIN
2018-02-16,1.250734806060791,1.2558081150054932,1.2430543899536133,1.2503595352172852,0.0,1.4105764627456665,1.414467215538025,1.4006386995315552,1.4104173183441162,0.0,1354.0,1361.4000244140625,1344.9000244140625,1353.199951171875,110.0,61.45000076293945,61.9900016784668,60.880001068115234,61.68000030517578,181179.0,1.42,249.529,107.0359,19.46,2.87,0,,,,,,TRAIN
2018-02-19,1.241187572479248,1.2437996864318848,1.2371032238006592,1.241187572479248,0.0,1.403311848640442,1.405283808708191,1.3962385654449463,1.403154373168945,0.0,,,,,,,,,,,1.42,249.529,107.0359,19.46,2.87,0,,,,,,TRAIN
2018-02-20,1.2399102449417114,1.2409104108810425,1.2321947813034058,1.2398641109466553,0.0,1.3992668390274048,1.4023475646972656,1.393378734588623,1.3992668390274048,0.0,1348.4000244140625,1350.199951171875,1328.5,1328.800048828125,283.0,61.630001068115234,62.7400016784668,61.58000183105469,61.900001525878906,794481.0,1.42,249.529,107.6249,20.6,2.88,0,,,,,,TRAIN
2018-02-21,1.233547568321228,1.2347005605697632,1.2300727367401123,1.233532428741455,0.0,1.3999131917953491,1.4009525775909424,1.391072154045105,1.4001091718673706,0.0,1326.800048828125,1331.5,1324.4000244140625,1330.0,119.0,61.630001068115234,61.86000061035156,60.91999816894531,61.68000030517578,466924.0,1.42,249.529,107.8679,20.02,2.94,0,,,,,,TRAIN
2018-02-22,1.2280335426330566,1.2353304624557495,1.2261663675308228,1.2281843423843384,0.0,1.3910139799118042,1.395206093788147,1.385809302330017,1.3910139799118042,0.0,1322.0,1331.4000244140625,1322.0,1330.5999755859375,70.0,61.34000015258789,63.09000015258789,60.75,62.77000045776367,592603.0,1.42,249.529,107.8668,18.72,2.92,0,,,,,,TRAIN
2018-02-23,1.2326048612594604,1.233500361442566,1.2280486822128296,1.2326656579971311,0.0,1.3951282501220703,1.4004818201065063,1.3925055265426636,1.3953033685684204,0.0,1328.0,1332.0999755859375,1327.699951171875,1328.199951171875,427.0,62.59999847412109,63.72999954223633,62.33000183105469,63.54999923706055,460597.0,1.42,249.529,107.6804,16.49,2.88,0,,,,,,TRAIN
2018-02-26,1.2288333177566528,1.2354830503463743,1.228244662284851,1.228712558746338,0.0,1.396921157836914,1.4072614908218384,1.3933398723602295,1.3968042135238647,0.0,1335.0,1340.5,1330.699951171875,1330.699951171875,652.0,63.59999847412109,64.23999786376953,63.060001373291016,63.90999984741211,469853.0,1.42,249.529,107.7347,15.8,2.86,0,,,,,,TRAIN
2018-02-27,1.231602907180786,1.2345678806304932,1.2223145961761477,1.2315573692321775,0.0,1.396453022956848,1.3994430303573608,1.3861743211746216,1.3966480493545532,0.0,1331.699951171875,1332.5999755859375,1312.699951171875,1315.5,710.0,64.05999755859375,64.08000183105469,62.63999938964844,63.0099983215332,562670.0,1.42,249.529,108.1731,18.59,2.9,0,,,,,,TRAIN
2018-02-28,1.2222100496292114,1.224289894104004,1.2189176082611084,1.2230321168899536,0.0,1.3903371095657349,1.3915947675704956,1.377771019935608,1.390607833862305,0.0,1315.4000244140625,1321.0,1315.4000244140625,1315.5,58.0,62.790000915527344,63.43999862670898,61.36000061035156,61.63999938964844,768409.0,1.42,249.529,108.3903,19.85,2.87,0,,,,,,TRAIN
2018-03-01,1.2190959453582764,1.2221801280975342,1.2157995700836182,1.2191256284713743,0.0,1.3753076791763306,1.3777141571044922,1.3715351819992063,1.375421166419983,0.0,1310.4000244140625,1318.0999755859375,1301.800048828125,1302.9000244140625,43.0,61.54999923706055,61.83000183105469,60.18000030517578,60.9900016784668,812505.0,1.51,249.577,108.5358,22.47,2.81,1,TARIFF,Trump announces 25% steel and 10% aluminum tariffs (Section 232),HIGH,"EURUSD,GBPUSD,GOLD,OIL",TRAIN,TRAIN
2018-03-02,1.227129340171814,1.2330456972122192,1.2252799272537231,1.2270842790603638,0.0,1.377467393875122,1.381577968597412,1.375932216644287,1.377543330192566,0.0,1314.300048828125,1323.199951171875,1314.300048828125,1321.0999755859375,155.0,61.34000015258789,61.59999847412109,60.130001068115234,61.25,613514.0,1.51,249.577,108.5358,19.59,2.86,0,,,,,,TRAIN
2018-03-05,1.231845736503601,1.2348270416259766,1.2275512218475342,1.2315422296524048,0.0,1.3798813819885254,1.3877323865890503,1.3769173622131348,1.3795006275177002,0.0,1323.5,1325.9000244140625,1318.0999755859375,1318.0999755859375,18.0,61.54999923706055,62.790000915527344,61.09999847412109,62.56999969482422,599266.0,1.51,249.577,108.3614,18.73,2.88,0,,,,,,TRAIN
2018-03-06,1.2337758541107178,1.2419891357421875,1.233121633529663,1.2336541414260864,0.0,1.3850032091140747,1.392835259437561,1.382055401802063,1.3852334022521973,0.0,1321.5999755859375,1333.5999755859375,1321.4000244140625,1333.5999755859375,18.0,62.58000183105469,63.27999877929688,62.16999816894531,62.59999847412109,634953.0,1.51,249.577,107.7969,18.36,2.88,0,,,,,,TRAIN
2018-03-07,1.2419275045394895,1.2440595626831057,1.2386049032211304,1.2416653633117676,0.0,1.39002788066864,1.3910139799118042,1.384868860244751,1.390008568763733,0.0,1338.0999755859375,1338.0999755859375,1326.0,1326.0,27.0,62.29999923706055,62.58000183105469,60.58000183105469,61.150001525878906,879119.0,1.51,249.577,108.0911,17.76,2.89,0,,,,,,TRAIN
2018-03-08,1.2416189908981323,1.24447762966156,1.2306329011917114,1.2414649724960327,0.0,1.390627145767212,1.391207575798035,1.3814635276794434,1.390627145767212,0.0,1324.800048828125,1326.800048828125,1319.300048828125,1319.9000244140625,62.0,61.33000183105469,61.400001525878906,59.95000076293945,60.119998931884766,720510.0,1.51,249.577,108.2671,16.54,2.86,0,,,,,,TRAIN
2018-03-09,1.2307844161987305,1.2333801984786987,1.2275512218475342,1.2306632995605469,0.0,1.380319356918335,1.3886574506759644,1.3789299726486206,1.3805670738220217,0.0,1316.800048828125,1322.4000244140625,1313.0,1322.4000244140625,88.0,60.27000045776367,62.18000030517578,60.13999938964844,62.040000915527344,659722.0,1.51,249.577,107.923,14.64,2.9,0,,,,,,TRAIN
2018-03-12,1.2308601140975952,1.2342007160186768,1.229135513305664,1.2308752536773682,0.0,1.385809302330017,1.390627145767212,1.3843896389007568,1.38554048538208,0.0,1319.4000244140625,1319.4000244140625,1319.4000244140625,1319.4000244140625,0.0,62.09999847412109,62.33000183105469,60.66999816894531,61.36000061035156,537990.0,1.51,249.577,107.9438,15.78,2.87,0,,,,,,TRAIN
2018-03-13,1.2338672876358032,1.2398948669433594,1.231496810913086,1.2339584827423096,0.0,1.3908206224441528,1.3987970352172852,1.387578368186951,1.3907625675201416,0.0,1325.9000244140625,1325.9000244140625,1325.300048828125,1325.9000244140625,13.0,61.369998931884766,61.970001220703125,60.27000045776367,60.709999084472656,747738.0,1.51,249.577,107.7384,16.35,2.84,0,,,,,,TRAIN
2018-03-14,1.2392956018447876,1.2416189908981323,1.235010027885437,1.239234209060669,0.0,1.397252917289734,1.3997761011123655,1.3926994800567627,1.397233486175537,0.0,1322.199951171875,1324.4000244140625,1322.199951171875,1324.4000244140625,19.0,60.869998931884766,61.33000183105469,60.11000061035156,60.959999084472656,665017.0,1.51,249.577,107.8623,17.23,2.81,0,,,,,,TRAIN
2018-03-15,1.2375319004058838,1.2386969327926636,1.2320733070373535,1.2375624179840088,0.0,1.3970773220062256,1.3987970352172852,1.3924474716186523,1.3971552848815918,0.0,1316.800048828125,1316.800048828125,1316.800048828125,1316.800048828125,0.0,60.95000076293945,61.540000915527344,60.81999969482422,61.18999862670898,430201.0,1.51,249.577,108.2032,16.59,2.82,0,,,,,,TRAIN
2018-03-16,1.2307692766189575,1.23350191116333,1.2261513471603394,1.2309207916259766,0.0,1.3937865495681765,1.398014783859253,1.3892555236816406,1.3938642740249634,0.0,1310.0999755859375,1311.300048828125,1310.0999755859375,1311.300048828125,34.0,61.18999862670898,62.540000915527344,61.08000183105469,62.34000015258789,202493.0,1.51,249.577,108.4332,15.8,2.85,0,,,,,,TRAIN
2018-03-19,1.228078842163086,1.2332433462142944,1.226046085357666,1.228078842163086,0.0,1.3943500518798828,1.4087482690811155,1.3914011716842651,1.3943500518798828,0.0,1309.4000244140625,1316.9000244140625,1307.300048828125,1316.800048828125,6.0,62.22999954223633,62.34999847412109,61.36000061035156,62.060001373291016,115962.0,1.51,249.577,108.3145,19.02,2.85,0,,,,,,TRAIN
2018-03-20,1.2338062524795532,1.2354220151901243,1.2264971733093262,1.233684539794922,0.0,1.4023277759552002,1.406865477561951,1.3985426425933838,1.4025245904922483,0.0,1311.0999755859375,1311.0999755859375,1311.0999755859375,1311.0999755859375,4.0,62.09999847412109,63.810001373291016,62.08000183105469,63.400001525878906,717709.0,1.51,249.577,108.4953,18.2,2.89,0,,,,,,TRAIN
2018-03-21,1.224814772605896,1.229619026184082,1.2246992588043213,1.2251899242401123,0.0,1.400403380393982,1.4078954458236694,1.4003640413284302,1.4004818201065063,0.0,1312.4000244140625,1328.800048828125,1312.4000244140625,1320.699951171875,34.0,63.720001220703125,65.55000305175781,63.58000183105469,65.16999816894531,763768.0,1.51,249.577,108.4953,17.86,2.89,0,,,,,,TRAIN
2018-03-22,1.234872817993164,1.2386815547943115,1.230042576789856,1.234766125679016,0.0,1.4144271612167358,1.4199503660202026,1.4079549312591553,1.414627194404602,0.0,1326.5999755859375,1326.5999755859375,1326.5999755859375,1326.5999755859375,0.0,65.5,65.73999786376953,64.13999938964844,64.30000305175781,689172.0,1.51,249.577,107.9935,23.34,2.83,1,TARIFF,Section 301 memorandum directing tariffs on China,HIGH,"EURUSD,GBPUSD,GOLD,OIL",TRAIN,TRAIN
2018-03-23,1.2326048612594604,1.2360174655914309,1.2319974899291992,1.2324985265731812,0.0,1.4112931489944458,1.4170929193496704,1.4088078737258911,1.4114724397659302,0.0,1343.199951171875,1349.300048828125,1343.199951171875,1349.300048828125,8.0,64.27999877929688,66.0,64.11000061035156,65.87999725341797,752994.0,1.51,249.577,107.7495,24.87,2.82,0,,,,,,TRAIN
2018-03-26,1.2353914976119995,1.2448959350585938,1.2352389097213743,1.235437273979187,0.0,1.414627194404602,1.4245014190673828,1.414627194404602,1.4147672653198242,0.0,1348.5,1354.4000244140625,1345.0999755859375,1354.4000244140625,10.0,65.9000015258789,66.55000305175781,65.08000183105469,65.55000305175781,585899.0,1.51,249.577,107.1819,21.03,2.85,0,,,,,,TRAIN
2018-03-27,1.2455006837844849,1.2478163242340088,1.237332820892334,1.2457488775253296,0.0,1.423669934272766,1.4242985248565674,1.4069050550460815,1.423892855644226,0.0,1341.0,1341.300048828125,1341.0,1341.300048828125,290889.0,65.52999877929688,66.41000366210938,64.52999877929688,65.25,670811.0,1.51,249.577,107.3359,22.5,2.78,0,,,,,,TRAIN
2018-03-28,1.240802526473999,1.2422360181808472,1.233714938163757,1.240787148475647,0.0,1.417575120925903,1.420454502105713,1.409343957901001,1.417635440826416,0.0,1345.0,1346.4000244140625,1322.4000244140625,1324.199951171875,59284.0,64.69999694824219,65.12999725341797,63.720001220703125,64.37999725341797,697678.0,1.51,249.577,107.5733,22.87,2.77,0,,,,,,TRAIN
2018-03-29,1.231284499168396,1.2338062524795532,1.2285163402557373,1.2310267686843872,0.0,1.408450722694397,1.409641981124878,1.4020919799804688,1.4080342054367063,0.0,1324.0,1327.0999755859375,1321.699951171875,1322.800048828125,5585.0,64.69000244140625,65.26000213623047,64.16000366210938,64.94000244140625,562819.0,1.51,249.577,107.665,19.97,2.74,0,,,,,,TRAIN
2018-03-30,1.2302544116973877,1.2333498001098633,1.229800581932068,1.2302846908569336,0.0,1.4028589725494385,1.4061731100082395,1.401443600654602,1.4029377698898315,0.0,,,,,,,,,,,1.51,249.577,107.4784,19.97,2.74,0,,,,,,TRAIN
2018-04-02,1.231284499168396,1.2345678806304932,1.228380560874939,1.231420874595642,0.0,1.4035875797271729,1.407736897468567,1.402760624885559,1.403823971748352,0.0,1327.0,1344.199951171875,1324.699951171875,1342.0999755859375,649.0,64.91000366210938,65.41999816894531,62.79999923706055,63.0099983215332,582742.0,1.69,250.227,107.7033,23.62,2.73,1,TARIFF,China imposes retaliatory tariffs on US goods,HIGH,"EURUSD,GBPUSD,GOLD,OIL",TRAIN,TRAIN
2018-04-03,1.2293318510055542,1.2336997985839844,1.225505232810974,1.229271411895752,0.0,1.4050863981246948,1.4088475704193115,1.4023277759552002,1.4046719074249268,0.0,1340.4000244140625,1341.5,1328.5,1332.800048828125,702.0,62.88999938964844,63.86000061035156,62.86000061035156,63.5099983215332,527289.0,1.69,250.227,107.5624,21.1,2.79,0,,,,,,TRAIN
2018-04-04,1.2279430627822876,1.2310571670532229,1.225760579109192,1.2278525829315186,0.0,1.4071228504180908,1.409840703010559,1.401738166809082,1.406865477561951,0.0,1331.800048828125,1347.300048828125,1331.5999755859375,1335.800048828125,718.0,63.59000015258789,63.63999938964844,62.060001373291016,63.369998931884766,760596.0,1.69,250.227,107.6361,20.06,2.79,0,,,,,,TRAIN
2018-04-05,1.2287880182266235,1.2291052341461182,1.2219412326812744,1.228682279586792,0.0,1.4087880849838257,1.409602165222168,1.396765112876892,1.4088078737258911,0.0,1333.5,1333.699951171875,1322.5999755859375,1324.300048828125,258.0,63.59999847412109,64.12000274658203,63.06999969482422,63.540000915527344,588597.0,1.69,250.227,107.7281,18.94,2.83,0,,,,,,TRAIN
2018-04-06,1.2250999212265017,1.2280033826828003,1.221806883811951,1.2251598834991455,0.0,1.4007760286331177,1.410258173942566,1.3984057903289795,1.400874137878418,0.0,1326.5,1333.0,1319.0,1331.9000244140625,348.0,63.70000076293945,63.790000915527344,61.810001373291016,62.060001373291016,753262.0,1.69,250.227,107.7886,21.49,2.77,0,,,,,,TRAIN
2018-04-09,1.227144479751587,1.2330456972122192,1.2262566089630127,1.227144479751587,0.0,1.409085750579834,1.4164307117462158,1.4081333875656128,1.4091651439666748,0.0,1333.0,1337.5,1327.0,1336.300048828125,290.0,62.0,63.61000061035156,61.93000030517578,63.41999816894531,655831.0,1.69,250.227,107.5316,21.77,2.78,0,,,,,,TRAIN
2018-04-10,1.2322251796722412,1.2377768754959106,1.2303755283355713,1.2322403192520142,0.0,1.4133875370025637,1.4187617301940918,1.4122298955917358,1.4138271808624268,0.0,1335.199951171875,1342.0,1333.0,1342.0,105.0,63.29999923706055,65.86000061035156,63.20000076293945,65.51000213623047,840280.0,1.69,250.227,107.3659,20.47,2.8,0,,,,,,TRAIN
2018-04-11,1.2363842725753784,1.2393723726272583,1.235406756401062,1.2363078594207764,0.0,1.4181782007217407,1.4222726821899414,1.4162299633026123,1.4182183742523191,0.0,1340.0999755859375,1365.4000244140625,1340.0999755859375,1356.5,118.0,65.58999633789062,67.44999694824219,65.1500015258789,66.81999969482422,963017.0,1.69,250.227,107.1224,20.24,2.79,0,,,,,,TRAIN
2018-04-12,1.237623691558838,1.2379761934280396,1.230042576789856,1.2371643781661987,0.0,1.418781876564026,1.424663782119751,1.4147073030471802,1.4189025163650513,0.0,1351.199951171875,1351.5,1334.5999755859375,1338.4000244140625,34.0,66.75,67.33000183105469,66.0,67.06999969482422,687468.0,1.69,250.227,107.2905,18.49,2.83,0,,,,,,TRAIN
2018-04-13,1.2333498001098633,1.234872817993164,1.2308752536773682,1.2329696416854858,0.0,1.4239537715911863,1.429592490196228,1.422313213348389,1.4238117933273315,0.0,1335.9000244140625,1346.0,1335.9000244140625,1344.800048828125,67.0,67.18000030517578,67.76000213623047,66.69999694824219,67.38999938964844,624203.0,1.69,250.227,107.2368,17.41,2.82,0,,,,,,TRAIN
2018-04-16,1.233304142951965,1.2394031286239624,1.232635259628296,1.233258605003357,0.0,1.4246435165405271,1.4336917400360107,1.4238320589065552,1.4246840476989746,0.0,1341.0,1348.800048828125,1341.0,1347.5,60.0,67.23999786376953,67.73999786376953,66.12999725341797,66.22000122070312,560076.0,1.69,250.227,107.0595,16.56,2.83,0,,,,,,TRAIN
2018-04-17,1.238466739654541,1.2415003776550293,1.2338367700576782,1.2385127544403076,0.0,1.4341851472854614,1.4377111196517944,1.4294085502624512,1.4342057704925537,0.0,1348.0,1348.0999755859375,1339.0,1347.199951171875,409.0,66.41999816894531,66.75,65.55999755859375,66.5199966430664,486076.0,1.69,250.227,107.0344,15.25,2.82,0,,,,,,TRAIN
2018-04-18,1.2373021841049194,1.2396950721740725,1.2344460487365725,1.237317442893982,0.0,1.4297561645507812,1.431639313697815,1.417474627494812,1.429653882980347,0.0,1343.5,1354.199951171875,1343.5,1351.199951171875,45.0,66.68000030517578,68.91000366210938,66.55999755859375,68.47000122070312,221664.0,1.69,250.227,107.1096,15.6,2.87,0,,,,,,TRAIN
2018-04-19,1.2378535270690918,1.240199327468872,1.2330456972122192,1.237914800643921,0.0,1.4203133583068848,1.4247043132781982,1.4166713953018188,1.4204343557357788,0.0,1348.5999755859375,1355.199951171875,1341.5999755859375,1346.800048828125,387.0,68.75,69.55999755859375,67.9800033569336,68.29000091552734,125993.0,1.69,250.227,107.5197,15.96,2.92,0,,,,,,TRAIN
2018-04-20,1.2344155311584473,1.2352694272994995,1.225505232810974,1.2345526218414309,0.0,1.4084309339523315,1.4088475704193115,1.4008938074111938,1.4086490869522097,0.0,1342.5,1343.4000244140625,1335.300048828125,1336.699951171875,310.0,68.26000213623047,68.62000274658203,67.5,68.37999725341797,724906.0,1.69,250.227,108.1787,16.88,2.96,0,,,,,,TRAIN
2018-04-23,1.227385401725769,1.2289692163467407,1.2212249040603638,1.2273402214050293,0.0,1.4003444910049438,1.404297113418579,1.3938837051391602,1.4001679420471191,0.0,1334.0,1334.4000244140625,1322.5,1322.5,68.0,68.22000122070312,69.02999877929688,67.13999938964844,68.63999938964844,740941.0,1.69,250.227,108.9332,16.34,2.98,0,,,,,,TRAIN
2018-04-24,1.2211204767227173,1.223466157913208,1.2184869050979614,1.22089684009552,0.0,1.393844723701477,1.39819073677063,1.3919821977615356,1.3938252925872805,0.0,1326.4000244140625,1331.699951171875,1326.199951171875,1331.4000244140625,28.0,68.94999694824219,69.37999725341797,67.54000091552734,67.69999694824219,832296.0,1.69,250.227,108.7906,18.02,3.0,0,,,,,,TRAIN
2018-04-25,1.2236157655715942,1.2236157655715942,1.21690034866333,1.2241400480270386,0.0,1.3992079496383667,1.3992079496383667,1.39271879196167,1.3993842601776123,0.0,1324.0,1325.0,1320.0,1321.199951171875,278.0,67.75,68.18000030517578,67.11000061035156,68.05000305175781,764049.0,1.69,250.227,109.3447,17.84,3.03,0,,,,,,TRAIN
2018-04-26,1.2170779705047607,1.2210012674331665,1.2099798917770386,1.2171669006347656,0.0,1.3935922384262085,1.3996193408966064,1.3896030187606812,1.3939224481582642,0.0,1315.699951171875,1316.300048828125,1315.699951171875,1316.300048828125,569.0,68.02999877929688,68.77999877929688,67.70999908447266,68.19000244140625,660549.0,1.69,250.227,109.3646,16.24,3.0,0,,,,,,TRAIN
2018-04-27,1.2107563018798828,1.2116997241973877,1.2056035995483398,1.2109616994857788,0.0,1.3917109966278076,1.3935340642929075,1.3750240802764893,1.391943335533142,0.0,1315.300048828125,1321.699951171875,1312.800048828125,1320.300048828125,622.0,68.20999908447266,68.36000061035156,67.63999938964844,68.0999984741211,542549.0,1.69,250.227,109.1735,15.41,2.96,0,,,,,,TRAIN
2018-04-30,1.2128562927246094,1.2138574123382568,1.2066364288330078,1.2122827768325806,0.0,1.376993179321289,1.3793102502822876,1.3716667890548706,1.37710702419281,0.0,1309.5999755859375,1316.199951171875,1309.5999755859375,1316.199951171875,49.0,68.1500015258789,69.33999633789062,67.16999816894531,68.56999969482422,755186.0,1.69,250.227,109.3363,15.93,2.95,0,,,,,,TRAIN
2018-05-01,1.208313226699829,1.2084592580795288,1.1983511447906494,1.2081234455108645,0.0,1.3772207498550415,1.3776001930236816,1.3591018915176392,1.3772207498550415,0.0,1313.199951171875,1313.800048828125,1303.4000244140625,1303.800048828125,28.0,68.55999755859375,68.9000015258789,66.8499984741211,67.25,694771.0,1.7,250.792,109.7445,15.49,2.97,0,,,,,,TRAIN
2018-05-02,1.1992132663726809,1.2031089067459106,1.1954143047332764,1.1991558074951172,0.0,1.36106276512146,1.366474986076355,1.3582526445388794,1.3609329462051392,0.0,1309.0,1309.300048828125,1302.5999755859375,1302.5999755859375,23.0,67.48999786376953,68.13999938964844,66.91999816894531,67.93000030517578,789367.0,1.7,250.792,110.1625,15.97,2.97,0,,,,,,TRAIN
2018-05-03,1.1951714754104614,1.2009127140045166,1.195071578025818,1.19510018825531,0.0,1.357367753982544,1.3628991842269895,1.3540228605270386,1.3573862314224243,0.0,1310.699951171875,1310.699951171875,1310.699951171875,1310.699951171875,4.0,67.68000030517578,68.5999984741211,67.20999908447266,68.43000030517578,691219.0,1.7,250.792,110.1803,15.9,2.94,0,,,,,,TRAIN
2018-05-04,1.1989257335662842,1.1997599601745603,1.1914832592010498,1.1989257335662842,0.0,1.3572388887405396,1.35869562625885,1.3494548797607422,1.3572388887405396,0.0,1312.699951171875,1312.699951171875,1312.699951171875,1312.699951171875,0.0,68.5,69.97000122070312,68.12000274658203,69.72000122070312,690876.0,1.7,250.792,110.25,14.77,2.95,0,,,,,,TRAIN
2018-05-07,1.1955716609954834,1.1978917121887207,1.18995201587677,1.195500135421753,0.0,1.3533265590667725,1.3575890064239502,1.3517167568206787,1.3531982898712158,0.0,1310.5999755859375,1312.5,1310.199951171875,1312.199951171875,4.0,69.8499984741211,70.83999633789062,69.51000213623047,70.7300033569336,758916.0,1.7,250.792,110.5721,14.75,2.95,0,,,,,,TRAIN
2018-05-08,1.1932604312896729,1.1938873529434204,1.183936357498169,1.1933743953704834,0.0,1.3569257259368896,1.3591203689575195,1.3485630750656128,1.3570362329483032,0.0,1310.0999755859375,1312.0,1308.5,1312.0,337.0,70.02999877929688,70.4000015258789,67.62999725341797,69.05999755859375,1253566.0,1.7,250.792,111.063,14.71,2.97,0,,,,,,TRAIN
2018-05-09,1.186676025390625,1.1896122694015503,1.1823545694351196,1.1867886781692505,0.0,1.355380892753601,1.3605997562408447,1.350001335144043,1.35534405708313,0.0,1311.300048828125,1311.300048828125,1311.300048828125,1311.300048828125,70.0,70.05000305175781,71.36000061035156,69.8499984741211,71.13999938964844,863386.0,1.7,250.792,110.8818,13.42,3.0,0,,,,,,TRAIN
2018-05-10,1.1847639083862305,1.1942437887191772,1.184469223022461,1.184721827507019,0.0,1.3546464443206787,1.361767053604126,1.3461849689483645,1.3544628620147705,0.0,1312.199951171875,1320.800048828125,1312.199951171875,1320.800048828125,8.0,71.2300033569336,71.88999938964844,70.55999755859375,71.36000061035156,749808.0,1.7,250.792,110.405,13.23,2.97,0,,,,,,TRAIN
2018-05-11,1.191525936126709,1.1967878341674805,1.1893434524536133,1.1917530298233032,0.0,1.3524478673934937,1.359619379043579,1.3503477573394775,1.352338194847107,0.0,1319.0,1319.0,1319.0,1319.0,3.0,71.44999694824219,71.62999725341797,70.44999694824219,70.69999694824219,634145.0,1.7,250.792,110.2847,12.65,2.97,0,,,,,,TRAIN
2018-05-14,1.1951572895050049,1.199699640274048,1.1951572895050049,1.1952143907546997,0.0,1.3550318479537964,1.3607293367385864,1.354481220245361,1.355380892753601,0.0,1319.9000244140625,1319.9000244140625,1316.5,1316.5,4.0,70.54000091552734,71.26000213623047,70.26000213623047,70.95999908447266,592826.0,1.7,250.792,110.408,12.93,3.0,0,,,,,,TRAIN
2018-05-15,1.1932035684585571,1.1940299272537231,1.182396411895752,1.1931180953979492,0.0,1.3561160564422607,1.3574045896530151,1.3452974557876587,1.3562448024749756,0.0,1304.5999755859375,1304.699951171875,1288.9000244140625,1288.9000244140625,8.0,71.1500015258789,71.91999816894531,70.41999816894531,71.30999755859375,815289.0,1.7,250.792,111.2292,14.63,3.08,0,,,,,,TRAIN
2018-05-16,1.1822566986083984,1.1853959560394287,1.176567554473877,1.1820889711380005,0.0,1.3502565622329712,1.352155327796936,1.3457863330841064,1.3500195741653442,0.0,1290.9000244140625,1294.0,1285.4000244140625,1290.199951171875,26.0,71.0199966430664,71.58999633789062,70.66000366210938,71.48999786376953,574279.0,1.7,250.792,111.3068,13.42,3.09,0,,,,,,TRAIN
2018-05-17,1.1814186573028564,1.1836841106414795,1.1778563261032104,1.1816978454589844,0.0,1.3550136089324951,1.3569257259368896,1.347563624382019,1.354830026626587,0.0,1291.300048828125,1291.300048828125,1288.199951171875,1288.199951171875,2.0,71.55999755859375,72.30000305175781,71.08999633789062,71.48999786376953,562639.0,1.7,250.792,111.3547,13.43,3.11,0,,,,,,TRAIN
2018-05-18,1.1792036294937134,1.182228684425354,1.175046682357788,1.179523468017578,0.0,1.3512418270111084,1.3528138399124146,1.3456233739852903,1.3515340089797974,0.0,1285.199951171875,1290.199951171875,1285.199951171875,1290.199951171875,2.0,71.5999984741211,71.75,70.98999786376953,71.27999877929688,211785.0,1.7,250.792,111.7171,13.42,3.06,0,,,,,,TRAIN
2018-05-21,1.1763737201690674,1.1778979301452637,1.1718658208847046,1.1766643524169922,0.0,1.3475998640060425,1.3475998640060425,1.339297652244568,1.3477089405059814,0.0,1287.4000244140625,1292.0999755859375,1287.4000244140625,1290.199951171875,52.0,71.47000122070312,72.58999633789062,71.25,72.23999786376953,119892.0,1.7,250.792,111.6394,13.08,3.06,0,,,,,,TRAIN
2018-05-22,1.1788839101791382,1.1828161478042605,1.1759449243545532,1.1792453527450562,0.0,1.3430931568145752,1.3490906953811646,1.3414356708526611,1.3431833982467651,0.0,1291.699951171875,1291.699951171875,1291.699951171875,1291.699951171875,50.0,72.52999877929688,72.83000183105469,71.9000015258789,72.12999725341797,723458.0,1.7,250.792,111.1945,13.22,3.06,0,,,,,,TRAIN
2018-05-23,1.1789672374725342,1.1791006326675415,1.168620228767395,1.1788560152053833,0.0,1.3444474935531616,1.3444474935531616,1.3307960033416748,1.3441040515899658,0.0,1289.300048828125,1289.300048828125,1289.300048828125,1289.300048828125,10.0,72.11000061035156,72.26000213623047,71.19000244140625,71.83999633789062,702791.0,1.7,250.792,111.6933,12.58,3.01,0,,,,,,TRAIN
2018-05-24,1.1707134246826172,1.174936294555664,1.1692214012145996,1.1710150241851809,0.0,1.337148666381836,1.3422459363937378,1.3350956439971924,1.337130784988403,0.0,1303.699951171875,1303.699951171875,1303.699951171875,1303.699951171875,0.0,71.83000183105469,72.0,70.5199966430664,70.70999908447266,640725.0,1.7,250.792,111.4885,12.53,2.98,0,,,,,,TRAIN
2018-05-25,1.1723191738128662,1.1733232736587524,1.1648359298706057,1.1722642183303833,0.0,1.338401436805725,1.3385089635849,1.330672025680542,1.3383476734161377,0.0,1303.300048828125,1303.300048828125,1303.300048828125,1303.300048828125,1.0,70.6500015258789,70.80000305175781,67.41999816894531,67.87999725341797,955354.0,1.7,250.792,111.5843,13.22,2.93,0,,,,,,TRAIN
2018-05-28,1.1687567234039309,1.1730204820632937,1.1608469486236572,1.1688934564590454,0.0,1.3307960033416748,1.3347570896148682,1.329734206199646,1.3309022188186646,0.0,,,,,,,,,,,1.7,250.792,111.5843,13.22,2.93,0,,,,,,TRAIN
2018-05-29,1.1627501249313354,1.1639816761016846,1.1514369249343872,1.162696123123169,0.0,1.3313806056976318,1.3326226472854614,1.3207770586013794,1.3315579891204834,0.0,1298.699951171875,1298.699951171875,1298.699951171875,1298.699951171875,386334.0,66.48999786376953,67.3499984741211,65.91999816894531,66.7300033569336,1059750.0,1.7,250.792,112.2127,17.02,2.77,0,,,,,,TRAIN
2018-05-30,1.153761863708496,1.1670994758605957,1.1520073413848877,1.1539349555969238,0.0,1.325574278831482,1.330849051475525,1.324327826499939,1.32538104057312,0.0,1298.0,1303.699951171875,1295.199951171875,1301.5,50845.0,66.8499984741211,68.66999816894531,66.3499984741211,68.20999908447266,726886.0,1.7,250.792,111.6731,14.94,2.84,0,,,,,,TRAIN
2018-05-31,1.1666160821914673,1.1724016666412354,1.16429340839386,1.1667250394821167,0.0,1.3286564350128174,1.334935188293457,1.3278625011444092,1.328356385231018,0.0,1301.0,1306.800048828125,1296.5999755859375,1300.0999755859375,4082.0,68.23999786376953,68.30000305175781,66.55999755859375,67.04000091552734,917563.0,1.7,250.792,111.9894,15.43,2.83,0,,,,,,TRAIN
2018-06-01,1.1693308353424072,1.171550154685974,1.162993550300598,1.1693171262741089,0.0,1.3289036750793457,1.3361839056015017,1.3256269693374634,1.3289390802383425,0.0,1298.5999755859375,1299.5,1288.9000244140625,1294.800048828125,663.0,67.06999969482422,67.33999633789062,65.51000213623047,65.80999755859375,781103.0,1.82,251.018,111.8265,13.46,2.89,0,,,,,,TRAIN
2018-06-04,1.166997313499451,1.174425721168518,1.1668747663497925,1.1668611764907837,0.0,1.3354700803756714,1.339943766593933,1.3296988010406494,1.3356484174728394,0.0,1293.9000244140625,1297.0999755859375,1290.0,1293.0999755859375,144.0,65.70999908447266,66.04000091552734,64.56999969482422,64.75,696050.0,1.82,251.018,111.8247,12.74,2.94,0,,,,,,TRAIN
2018-06-05,1.17017924785614,1.171385407447815,1.1655282974243164,1.1700559854507446,0.0,1.331806182861328,1.3392438888549805,1.3303357362747192,1.3316465616226196,0.0,1292.0999755859375,1299.800048828125,1289.9000244140625,1297.5,357.0,64.94000244140625,65.56999969482422,64.22000122070312,65.5199966430664,714674.0,1.82,251.018,112.264,12.4,2.92,0,,,,,,TRAIN
2018-06-06,1.1726628541946411,1.1797001361846924,1.1714677810668943,1.1726216077804563,0.0,1.3406982421875,1.3444474935531616,1.3399975299835205,1.3406083583831787,0.0,1296.0999755859375,1300.4000244140625,1294.0999755859375,1297.0999755859375,373.0,65.51000213623047,65.95999908447266,64.2699966430664,64.7300033569336,708829.0,1.82,251.018,111.7525,11.64,2.97,0,,,,,,TRAIN
2018-06-07,1.1783976554870603,1.1841003894805908,1.1783559322357178,1.178550362586975,0.0,1.3424620628356934,1.3473457098007202,1.3375064134597778,1.3421558141708374,0.0,1298.4000244140625,1302.800048828125,1296.199951171875,1298.699951171875,79.0,65.06999969482422,66.06999969482422,64.80999755859375,65.94999694824219,675041.0,1.82,251.018,112.0725,12.13,2.93,0,,,,,,TRAIN
2018-06-08,1.1793843507766724,1.181199550628662,1.1728416681289673,1.179523468017578,0.0,1.3415615558624268,1.3436344861984253,1.3357733488082886,1.3419216871261597,0.0,1295.300048828125,1299.4000244140625,1294.800048828125,1298.0999755859375,650.0,65.9800033569336,66.23999786376953,65.1500015258789,65.73999786376953,571224.0,1.82,251.018,112.1066,12.18,2.93,0,,,,,,TRAIN
2018-06-11,1.1786893606185913,1.1820330619812012,1.1776067018508911,1.1783976554870603,0.0,1.3411117792129517,1.3440499305725098,1.3345789909362793,1.341381549835205,0.0,1299.300048828125,1302.0,1295.199951171875,1298.9000244140625,71.0,65.55999755859375,66.3499984741211,64.8499984741211,66.0999984741211,558281.0,1.82,251.018,112.1106,12.35,2.96,0,,,,,,TRAIN
2018-06-12,1.1773293018341064,1.1808466911315918,1.174315333366394,1.177412509918213,0.0,1.337148666381836,1.3422818183898926,1.3347392082214355,1.3374348878860474,0.0,1297.800048828125,1298.0999755859375,1292.699951171875,1295.0999755859375,153.0,66.05000305175781,66.69999694824219,65.87000274658203,66.36000061035156,524411.0,1.82,251.018,112.2138,12.34,2.96,0,,,,,,TRAIN
2018-06-13,1.17475688457489,1.1789672374725342,1.1733646392822266,1.17482590675354,0.0,1.3374526500701904,1.3381506204605105,1.331398367881775,1.3372559547424316,0.0,1294.0,1299.4000244140625,1290.9000244140625,1296.9000244140625,135.0,66.01000213623047,66.88999938964844,65.5199966430664,66.63999938964844,626398.0,1.82,251.018,112.2577,12.94,2.98,0,,,,,,TRAIN
2018-06-14,1.1806375980377195,1.1841607093811035,1.1628854274749756,1.1807769536972046,0.0,1.338329792022705,1.3445558547973633,1.3307428359985352,1.3382760286331177,0.0,1297.199951171875,1307.699951171875,1297.199951171875,1304.0,42.0,66.62000274658203,67.16000366210938,66.36000061035156,66.88999938964844,460168.0,1.82,251.018,112.8593,12.12,2.94,0,,,,,,TRAIN
2018-06-15,1.156336784362793,1.1626555919647217,1.1545344591140747,1.1566576957702637,0.0,1.3255215883255005,1.329787254333496,1.3213355541229248,1.3256621360778809,0.0,1297.199951171875,1307.699951171875,1274.0,1274.5999755859375,589.0,66.62000274658203,67.16000366210938,64.29000091552734,65.05999755859375,512591.0,1.82,251.018,113.3379,11.98,2.93,0,,,,,,TRAIN
2018-06-18,1.1597026586532593,1.1623716354370115,1.156644344329834,1.159595012664795,0.0,1.327492356300354,1.3276686668395996,1.3228213787078855,1.3275099992752075,0.0,1280.699951171875,1280.699951171875,1276.199951171875,1276.199951171875,35.0,64.4000015258789,65.9800033569336,63.59000015258789,65.8499984741211,218933.0,1.82,251.018,113.4899,12.31,2.92,0,,,,,,TRAIN
2018-06-19,1.163007140159607,1.164686679840088,1.153322696685791,1.163074612617493,0.0,1.325556755065918,1.327492356300354,1.3151837587356567,1.3258730173110962,0.0,1278.699951171875,1281.800048828125,1269.9000244140625,1275.5999755859375,34.0,65.81999969482422,65.9000015258789,64.38999938964844,65.06999969482422,122646.0,1.82,251.018,113.639,13.35,2.89,0,,,,,,TRAIN
2018-06-20,1.1589365005493164,1.1600120067596436,1.1546010971069336,1.1588560342788696,0.0,1.317401647567749,1.3215975761413574,1.3149935007095337,1.317332148551941,0.0,1274.4000244140625,1274.4000244140625,1271.199951171875,1271.199951171875,7.0,65.11000061035156,66.52999877929688,65.01000213623047,66.22000122070312,801625.0,1.82,251.018,113.4784,12.79,2.93,0,,,,,,TRAIN
2018-06-21,1.1577022075653076,1.1628313064575195,1.151410460472107,1.1579033136367798,0.0,1.3172974586486816,1.3270167112350464,1.3103240728378296,1.3175230026245115,0.0,1262.699951171875,1268.9000244140625,1260.0,1267.199951171875,46.0,65.33999633789062,66.22000122070312,64.33999633789062,65.54000091552734,760719.0,1.82,251.018,113.6109,14.64,2.9,0,,,,,,TRAIN
2018-06-22,1.1606987714767456,1.1675995588302612,1.1601735353469849,1.1605775356292725,0.0,1.3248542547225952,1.3315579891204834,1.324643611907959,1.3247840404510498,0.0,1268.0999755859375,1270.199951171875,1267.0,1267.4000244140625,74.0,65.93000030517578,69.37999725341797,65.70999908447266,68.58000183105469,1136232.0,1.82,251.018,113.3047,13.77,2.9,0,,,,,,TRAIN
2018-06-25,1.1660583019256592,1.1700011491775513,1.162993550300598,1.1661399602890017,0.0,1.326277494430542,1.32908034324646,1.3222790956497192,1.3262423276901243,0.0,1270.5999755859375,1271.199951171875,1265.5999755859375,1265.5999755859375,37.0,68.75,69.44000244140625,67.77999877929688,68.08000183105469,816207.0,1.82,251.018,113.286,17.33,2.87,0,,,,,,TRAIN
2018-06-26,1.17017924785614,1.17205810546875,1.1652023792266846,1.1702749729156494,0.0,1.3278625011444092,1.3294336795806885,1.3213530778884888,1.3278449773788452,0.0,1267.199951171875,1267.199951171875,1256.5999755859375,1256.5999755859375,89.0,68.20999908447266,70.91000366210938,67.72000122070312,70.52999877929688,848537.0,1.82,251.018,113.3016,15.92,2.88,0,,,,,,TRAIN
2018-06-27,1.164808750152588,1.1671879291534424,1.1583592891693115,1.1650259494781494,0.0,1.3220168352127075,1.3234341144561768,1.3127838373184204,1.3221042156219482,0.0,1255.5,1255.5,1252.300048828125,1252.800048828125,1162.0,70.68000030517578,73.05999755859375,70.55999755859375,72.76000213623047,775155.0,1.82,251.018,113.8971,17.91,2.83,0,,,,,,TRAIN
2018-06-28,1.156243085861206,1.1596999168395996,1.152804255485535,1.1563634872436523,0.0,1.3119571208953855,1.3121638298034668,1.305193305015564,1.3120431900024414,0.0,1251.699951171875,1251.699951171875,1244.800048828125,1247.800048828125,378.0,72.2699966430664,74.02999877929688,72.19999694824219,73.44999694824219,717347.0,1.82,251.018,113.8405,16.85,2.84,1,TARIFF,Turkey imposes retaliatory tariffs on US goods,LOW,"EURUSD,GBPUSD,GOLD,OIL",TRAIN,TRAIN
2018-06-29,1.15644371509552,1.1682379245758057,1.15644371509552,1.1562966108322144,0.0,1.3077536821365356,1.3208295106887815,1.3070528507232666,1.307514190673828,0.0,1250.300048828125,1253.300048828125,1249.0999755859375,1251.300048828125,48.0,73.33000183105469,74.45999908447266,72.93000030517578,74.1500015258789,602399.0,1.82,251.018,113.2586,16.09,2.85,0,,,,,,TRAIN
2018-07-02,1.1678422689437866,1.1678422689437866,1.1592589616775513,1.1678558588027954,0.0,1.3208295106887815,1.3208295106887815,1.3096375465393066,1.3207770586013794,0.0,1249.9000244140625,1249.9000244140625,1239.800048828125,1239.800048828125,29.0,73.62000274658203,74.3499984741211,72.51000213623047,73.94000244140625,652167.0,1.91,251.214,114.1673,15.6,2.87,0,,,,,,TRAIN
2018-07-03,1.1640766859054563,1.1675423383712769,1.1622636318206787,1.1642121076583862,0.0,1.314077615737915,1.3208295106887815,1.311785101890564,1.314405918121338,0.0,1238.0999755859375,1254.0999755859375,1237.0,1251.5999755859375,36.0,74.08000183105469,75.2699966430664,72.7300033569336,74.13999938964844,667235.0,1.91,251.214,113.3222,16.14,2.83,0,,,,,,TRAIN
2018-07-04,1.16593599319458,1.1681833267211914,1.1631423234939575,1.1659224033355713,0.0,1.3194352388381958,1.3227514028549194,1.3172626495361328,1.3194352388381958,0.0,,,,,,,,,,,1.91,251.214,113.3222,16.14,2.83,0,,,,,,TRAIN
2018-07-05,1.1661807298660278,1.1719757318496704,1.165080189704895,1.166235089302063,0.0,1.3229262828826904,1.327351450920105,1.3206201791763306,1.3229262828826904,0.0,1255.5,1257.300048828125,1253.5999755859375,1257.300048828125,9.0,74.3499984741211,74.80000305175781,72.52999877929688,72.94000244140625,841632.0,1.91,251.214,112.9759,14.97,2.84,0,,,,,,TRAIN
2018-07-06,1.169385552406311,1.1767336130142212,1.1680742502212524,1.1695905923843384,0.0,1.3222966194152832,1.3280036449432373,1.3204632997512815,1.3225764036178589,0.0,1255.5,1255.5,1254.300048828125,1254.300048828125,7.0,73.16000366210938,74.01000213623047,72.13999938964844,73.80000305175781,611419.0,1.91,251.214,112.6428,13.37,2.82,1,TARIFF,First $34B China tariffs take effect (Stage 1),HIGH,"EURUSD,GBPUSD,GOLD,OIL",TRAIN,TRAIN
2018-07-09,1.1751710176467896,1.179078459739685,1.1742877960205078,1.1752262115478516,0.0,1.3294336795806885,1.3360053300857544,1.321038842201233,1.329787254333496,0.0,1258.199951171875,1262.300048828125,1257.699951171875,1258.0999755859375,37.0,73.87000274658203,74.27999877929688,72.98999786376953,73.8499984741211,533003.0,1.91,251.214,112.6425,12.69,2.86,0,,,,,,TRAIN
2018-07-10,1.1757513284683228,1.1762906312942505,1.1691941022872925,1.1756960153579712,0.0,1.325556755065918,1.3301409482955933,1.3227163553237915,1.325556755065918,0.0,1256.199951171875,1256.9000244140625,1249.300048828125,1253.800048828125,65.0,74.04000091552734,74.69999694824219,73.6500015258789,74.11000061035156,586829.0,1.91,251.214,112.5794,12.64,2.87,0,,,,,,TRAIN
2018-07-11,1.1730343103408811,1.1755163669586182,1.1698368787765503,1.1727042198181152,0.0,1.325996160507202,1.3283741474151611,1.3231364488601685,1.3257324695587158,0.0,1253.199951171875,1253.199951171875,1242.800048828125,1242.800048828125,30.0,74.19999694824219,74.26000213623047,70.0199966430664,70.37999725341797,861726.0,1.91,251.214,112.8582,13.63,2.85,0,,,,,,TRAIN
2018-07-12,1.167569637298584,1.169700026512146,1.1650530099868774,1.1676785945892334,0.0,1.3206899166107178,1.3242928981781006,1.3182177543640137,1.3210039138793943,0.0,1240.9000244140625,1246.699951171875,1240.9000244140625,1245.0,7.0,70.5999984741211,71.23999786376953,69.2300033569336,70.33000183105469,707887.0,1.91,251.214,112.779,12.58,2.85,0,,,,,,TRAIN
2018-07-13,1.16637122631073,1.1675423383712769,1.1614537239074707,1.1665889024734497,0.0,1.317835569381714,1.321999430656433,1.3103584051132202,1.3180439472198486,0.0,1244.699951171875,1247.0,1239.5999755859375,1239.5999755859375,2.0,70.37999725341797,71.66000366210938,69.83999633789062,71.01000213623047,530277.0,1.91,251.214,113.0705,12.18,2.83,1,TARIFF,US proposes tariffs on ~$500B of Chinese imports (threat),MEDIUM,"EURUSD,GBPUSD,GOLD,OIL",TRAIN,TRAIN
2018-07-16,1.1678968667984009,1.1726078987121582,1.1676650047302246,1.1679104566574097,0.0,1.3229262828826904,1.3292746543884275,1.3224014043807983,1.3227688074111938,0.0,1242.699951171875,1243.800048828125,1238.0999755859375,1238.0999755859375,2.0,70.5199966430664,70.87000274658203,67.58000183105469,68.05999755859375,530480.0,1.91,251.214,112.8437,12.83,2.85,0,,,,,,TRAIN
2018-07-17,1.1710561513900757,1.1745359897613523,1.1664528846740725,1.170946478843689,0.0,1.3236267566680908,1.3269639015197754,1.3146305084228516,1.3236442804336548,0.0,1225.699951171875,1225.699951171875,1225.699951171875,1225.699951171875,0.0,68.02999877929688,68.44000244140625,67.02999877929688,68.08000183105469,440727.0,1.91,251.214,113.1504,12.06,2.86,0,,,,,,TRAIN
2018-07-18,1.1657729148864746,1.166534423828125,1.160375475883484,1.1653246879577637,0.0,1.3109424114227295,1.311991572380066,1.301236271858215,1.3106160163879397,0.0,1226.699951171875,1226.699951171875,1222.199951171875,1226.300048828125,67.0,67.61000061035156,69.05999755859375,67.04000091552734,68.76000213623047,187313.0,1.91,251.214,113.3348,12.1,2.88,0,,,,,,TRAIN
2018-07-19,1.1646188497543335,1.1657049655914309,1.157594919204712,1.164564609527588,0.0,1.3078221082687378,1.3083868026733398,1.2959076166152954,1.3078221082687378,0.0,1227.199951171875,1228.0,1211.699951171875,1222.4000244140625,33.0,69.0,70.16999816894531,67.80000305175781,69.45999908447266,103220.0,1.91,251.214,113.9463,12.87,2.84,0,,,,,,TRAIN
2018-07-20,1.1654739379882812,1.172236680984497,1.1628042459487915,1.1655147075653076,0.0,1.3022528886795044,1.311475396156311,1.2997984886169434,1.3023037910461426,0.0,1229.5,1229.5,1229.5,1229.5,0.0,69.38999938964844,71.0999984741211,69.37000274658203,70.45999908447266,500967.0,1.91,251.214,113.3213,12.86,2.89,0,,,,,,TRAIN
2018-07-23,1.1741775274276731,1.1750881671905518,1.1688660383224487,1.1741912364959717,0.0,1.3148725032806396,1.3157894611358645,1.3099292516708374,1.314716935157776,0.0,1222.0,1224.0,1222.0,1224.0,1.0,68.16999816894531,69.30999755859375,67.5999984741211,67.88999938964844,555915.0,1.91,251.214,113.4246,12.62,2.96,0,,,,,,TRAIN
2018-07-24,1.169864296913147,1.1716599464416504,1.1657185554504397,1.1694128513336182,0.0,1.3104442358016968,1.3157894611358645,1.3073604106903076,1.3102725744247437,0.0,1223.9000244140625,1223.9000244140625,1223.9000244140625,1223.9000244140625,0.0,67.80000305175781,69.05000305175781,67.55999755859375,68.5199966430664,524591.0,1.91,251.214,113.2045,12.41,2.95,0,,,,,,TRAIN
2018-07-25,1.168770432472229,1.1713716983795166,1.1667522192001345,1.1685519218444824,0.0,1.3152703046798706,1.3177140951156616,1.3134218454360962,1.3152183294296265,0.0,1231.4000244140625,1231.4000244140625,1231.4000244140625,1231.4000244140625,0.0,68.7699966430664,69.69999694824219,68.19999694824219,69.30000305175781,622913.0,1.91,251.214,112.9221,12.29,2.94,0,,,,,,TRAIN
2018-07-26,1.1739845275878906,1.174315333366394,1.1650937795639038,1.1737502813339231,0.0,1.3199751377105713,1.3212658166885376,1.3115614652633667,1.3199577331542969,0.0,1227.800048828125,1227.800048828125,1225.300048828125,1225.300048828125,1.0,69.37999725341797,69.91999816894531,68.91999816894531,69.61000061035156,489059.0,1.91,251.214,112.9179,12.14,2.98,0,,,,,,TRAIN
2018-07-27,1.164456129074097,1.1663167476654053,1.1623716354370115,1.16429340839386,0.0,1.31097674369812,1.3130252361297607,1.3083524703979492,1.3108737468719482,0.0,1222.5999755859375,1222.5999755859375,1222.5999755859375,1222.5999755859375,254428.0,69.58000183105469,69.7699966430664,68.26000213623047,68.69000244140625,460450.0,1.91,251.214,112.8125,13.03,2.96,0,,,,,,TRAIN
2018-07-30,1.1663167476654053,1.1719207763671875,1.1649445295333862,1.16604483127594,0.0,1.311131477355957,1.3152703046798706,1.3099122047424316,1.3111830949783323,0.0,1222.5,1223.9000244140625,1218.0999755859375,1221.300048828125,62239.0,69.01000213623047,70.43000030517578,68.80000305175781,70.12999725341797,463011.0,1.91,251.214,112.6044,14.26,2.98,0,,,,,,TRAIN
2018-07-31,1.170864224433899,1.174812078475952,1.1692761182785034,1.170740842819214,0.0,1.3136461973190308,1.3175230026245115,1.309534788131714,1.3135426044464111,0.0,1220.4000244140625,1228.0999755859375,1213.0,1223.699951171875,2722.0,70.05000305175781,70.22000122070312,67.9800033569336,68.76000213623047,519070.0,1.91,251.214,112.7299,12.83,2.96,0,,,,,,TRAIN
2018-08-01,1.168961763381958,1.169864296913147,1.166534423828125,1.168961763381958,0.0,1.3118367195129397,1.314578652381897,1.3097577095031738,1.3121638298034668,0.0,1222.9000244140625,1223.699951171875,1214.4000244140625,1217.9000244140625,1026.0,68.43000030517578,68.5199966430664,67.30999755859375,67.66000366210938,576561.0,1.91,251.663,112.8899,13.15,3.0,0,,,,,,TRAIN
2018-08-02,1.1663848161697388,1.166997313499451,1.1604158878326416,1.1665889024734497,0.0,1.3125253915786743,1.3128528594970703,1.3018969297409058,1.3126115798950195,0.0,1214.699951171875,1219.300048828125,1205.800048828125,1210.5999755859375,411.0,67.86000061035156,69.36000061035156,66.91999816894531,68.95999908447266,531071.0,1.91,251.663,113.1679,12.19,2.98,0,,,,,,TRAIN
2018-08-03,1.1585606336593628,1.1612001657485962,1.156216382980347,1.1586008071899414,0.0,1.301574945449829,1.30430805683136,1.2976226806640625,1.3018121719360352,0.0,1206.5,1218.5999755859375,1205.0999755859375,1214.199951171875,784.0,68.98999786376953,69.23999786376953,67.87000274658203,68.48999786376953,476615.0,1.91,251.663,113.012,11.64,2.95,0,,,,,,TRAIN
2018-08-06,1.156136155128479,1.1570056676864624,1.1530966758728027,1.1562297344207764,0.0,1.300153374671936,1.3007283210754397,1.292073130607605,1.3003562688827517,0.0,1214.4000244140625,1214.4000244140625,1206.5999755859375,1208.5999755859375,297.0,68.6500015258789,69.91999816894531,68.5,69.01000213623047,495605.0,1.91,251.663,113.229,11.27,2.94,0,,,,,,TRAIN
2018-08-07,1.155748724937439,1.1609008312225342,1.1552013158798218,1.1558021306991575,0.0,1.294247031211853,1.2973533868789673,1.2938284873962402,1.2944984436035156,0.0,1207.800048828125,1214.800048828125,1207.800048828125,1209.5999755859375,715.0,68.9000015258789,69.83000183105469,68.80999755859375,69.16999816894531,485027.0,1.91,251.663,112.9759,10.93,2.98,0,,,,,,TRAIN
2018-08-08,1.1603351831436155,1.1629259586334229,1.1574609279632568,1.1602946519851685,0.0,1.2946659326553345,1.2961763143539429,1.2855453491210938,1.2946659326553345,0.0,1212.0,1215.199951171875,1205.9000244140625,1212.5999755859375,209.0,69.08999633789062,69.37000274658203,66.31999969482422,66.94000244140625,760313.0,1.91,251.663,113.1411,10.85,2.96,0,,,,,,TRAIN
2018-08-09,1.1610087156295776,1.1621150970458984,1.156176209449768,1.1610760688781738,0.0,1.2879958152770996,1.2911388874053955,1.2843565940856934,1.2881617546081543,0.0,1214.5,1215.300048828125,1211.5999755859375,1211.9000244140625,44.0,66.79000091552734,67.41000366210938,66.48999786376953,66.80999755859375,509401.0,1.91,251.663,113.3806,11.27,2.93,0,,,,,,TRAIN
2018-08-10,1.1528706550598145,1.1539349555969238,1.1396141052246094,1.1523923873901367,0.0,1.2830052375793457,1.283861756324768,1.2726045846939087,1.2828407287597656,0.0,1212.5,1216.4000244140625,1205.5999755859375,1211.0999755859375,75.0,66.73999786376953,67.87000274658203,66.13999938964844,67.62999725341797,524490.0,1.91,251.663,114.3005,13.16,2.87,0,,,,,,TRAIN
2018-08-13,1.1395881175994873,1.143379807472229,1.1365960836410522,1.1394712924957275,0.0,1.2758845090866089,1.2792631387710571,1.2733014822006226,1.2758845090866089,0.0,1207.0,1207.4000244140625,1191.300048828125,1191.300048828125,78.0,67.77999877929688,67.94999694824219,65.70999908447266,67.19999694824219,578219.0,1.91,251.663,114.851,14.78,2.88,0,,,,,,TRAIN
2018-08-14,1.139847993850708,1.1431001424789429,1.134751796722412,1.1402509212493896,0.0,1.2758845090866089,1.2818048000335691,1.2735122442245483,1.2762752771377563,0.0,1193.0999755859375,1197.5,1192.800048828125,1193.0,92.0,67.41999816894531,68.37000274658203,66.58000183105469,67.04000091552734,538484.0,1.91,251.663,114.658,13.31,2.89,0,,,,,,TRAIN
2018-08-15,1.1348161697387695,1.1349449157714844,1.1302244663238523,1.134571552276611,0.0,1.2719409465789795,1.2732527256011963,1.2663357257843018,1.271779179573059,0.0,1187.800048828125,1188.0999755859375,1174.5999755859375,1177.5,71.0,66.62000274658203,66.9000015258789,64.51000213623047,65.01000213623047,573473.0,1.91,251.663,115.1526,14.64,2.86,0,,,,,,TRAIN
2018-08-16,1.134429931640625,1.140836238861084,1.1338382959365845,1.134429931640625,0.0,1.2696800231933594,1.2754452228546145,1.2689388990402222,1.2693899869918823,0.0,1173.199951171875,1180.199951171875,1161.4000244140625,1176.199951171875,123.0,64.94999694824219,65.5199966430664,64.43000030517578,65.45999908447266,383380.0,1.91,251.663,114.6416,13.45,2.87,1,TARIFF,US doubles steel and aluminum tariffs on Turkey,MEDIUM,"EURUSD,GBPUSD,GOLD,OIL",TRAIN,TRAIN
2018-08-17,1.137229561805725,1.1422044038772583,1.1367381811141968,1.1371389627456665,0.0,1.2712780237197876,1.2748597860336304,1.2700024843215942,1.2714558839797974,0.0,1174.699951171875,1181.199951171875,1174.699951171875,1176.5,66.0,65.47000122070312,66.38999938964844,65.30000305175781,65.91000366210938,171403.0,1.91,251.663,114.5339,12.64,2.87,0,,,,,,TRAIN
2018-08-20,1.1437852382659912,1.1449376344680786,1.139523148536682,1.1437721252441406,0.0,1.27459979057312,1.2776776552200315,1.27304208278656,1.2747135162353516,0.0,1184.800048828125,1190.0,1184.4000244140625,1186.800048828125,68.0,65.91000366210938,66.68000030517578,65.58999633789062,66.43000030517578,112709.0,1.91,251.663,114.3504,12.49,2.82,0,,,,,,TRAIN
2018-08-21,1.1489102840423584,1.1539082527160645,1.1486594676971436,1.149134635925293,0.0,1.280278563499451,1.287713885307312,1.2800164222717283,1.2804261445999146,0.0,1189.800048828125,1192.5999755859375,1189.800048828125,1192.5999755859375,22.0,66.62000274658203,68.0999984741211,66.5199966430664,67.3499984741211,437164.0,1.91,251.663,113.8604,12.86,2.85,0,,,,,,TRAIN
2018-08-22,1.15763521194458,1.162520408630371,1.1554415225982666,1.1576753854751587,0.0,1.2907222509384155,1.2936609983444214,1.287166953086853,1.290555715560913,0.0,1194.699951171875,1196.300048828125,1194.699951171875,1196.300048828125,17.0,66.08000183105469,68.1500015258789,65.9800033569336,67.86000061035156,581899.0,1.91,251.663,113.663,12.25,2.82,0,,,,,,TRAIN
2018-08-23,1.15862774848938,1.1589634418487549,1.154521107673645,1.1584800481796265,0.0,1.2905724048614502,1.2909221649169922,1.2817555665969849,1.2904725074768066,0.0,1189.300048828125,1190.300048828125,1184.9000244140625,1187.0,95.0,68.06999969482422,68.12000274658203,67.31999969482422,67.83000183105469,450690.0,1.91,251.663,114.0932,12.41,2.82,1,TARIFF,Tariffs on remaining $16B Chinese goods take effect,MEDIUM,"EURUSD,GBPUSD,GOLD,OIL",TRAIN,TRAIN
2018-08-24,1.1542812585830688,1.1636972427368164,1.1539349555969238,1.154334545135498,0.0,1.281049370765686,1.2880123853683472,1.2800819873809814,1.281065821647644,0.0,1185.300048828125,1208.0,1185.300048828125,1206.300048828125,12.0,67.9000015258789,69.30999755859375,67.77999877929688,68.72000122070312,517796.0,1.91,251.663,113.5985,11.99,2.82,0,,,,,,TRAIN
2018-08-27,1.164442539215088,1.1680878400802612,1.1597161293029783,1.164890170097351,0.0,1.2856941223144531,1.289324402809143,1.2830052375793457,1.2860909700393677,0.0,1210.300048828125,1211.4000244140625,1205.199951171875,1209.0,154.0,68.56999969482422,68.97000122070312,68.33999633789062,68.87000274658203,332612.0,1.91,251.663,113.2721,12.16,2.85,0,,,,,,TRAIN
2018-08-28,1.1683471202850342,1.1732999086380005,1.1663440465927124,1.1683608293533323,0.0,1.2894740104675293,1.293159246444702,1.2862894535064695,1.2896735668182373,0.0,1209.699951171875,1217.0,1202.300048828125,1207.4000244140625,136.0,68.93000030517578,69.19999694824219,68.20999908447266,68.52999877929688,426833.0,1.91,251.663,113.3444,12.5,2.88,0,,,,,,TRAIN
2018-08-29,1.1693034172058103,1.1706311702728271,1.1654006242752075,1.1691256761550903,0.0,1.287166953086853,1.3014055490493774,1.2846205234527588,1.2867693901062012,0.0,1205.199951171875,1205.199951171875,1202.4000244140625,1204.5,817.0,68.54000091552734,69.76000213623047,68.37000274658203,69.51000213623047,497095.0,1.91,251.663,113.6461,12.25,2.89,0,,,,,,TRAIN
2018-08-30,1.1709327697753906,1.1717559099197388,1.16441547870636,1.1709738969802856,0.0,1.3036110401153564,1.304291009902954,1.2990050315856934,1.303593993186951,0.0,1205.4000244140625,1205.5999755859375,1196.0,1197.699951171875,493.0,69.70999908447266,70.5,69.55000305175781,70.25,445584.0,1.91,251.663,114.0899,13.53,2.86,0,,,,,,TRAIN
2018-08-31,1.1665889024734497,1.168934345245361,1.1596487760543823,1.1664663553237915,0.0,1.301168441772461,1.3028637170791626,1.2961763143539429,1.301100730895996,0.0,1207.0999755859375,1208.199951171875,1199.0999755859375,1200.300048828125,191.0,70.05999755859375,70.36000061035156,69.63999938964844,69.80000305175781,419739.0,1.91,251.663,114.2755,12.86,2.86,0,,,,,,TRAIN
2018-09-03,1.1598505973815918,1.1627906560897827,1.1590977907180786,1.1601063013076782,0.0,1.2922067642211914,1.2934937477111816,1.2856279611587524,1.292306900024414,0.0,,,,,,,,,,,1.95,252.182,114.2755,12.86,2.86,0,,,,,,TRAIN
2018-09-04,1.16130530834198,1.1615750789642334,1.153322696685791,1.161548137664795,0.0,1.2867859601974487,1.2870012521743774,1.2813942432403564,1.2869019508361816,0.0,1193.800048828125,1193.800048828125,1189.9000244140625,1192.699951171875,26.0,70.12000274658203,71.4000015258789,69.08000183105469,69.87000274658203,785981.0,1.95,252.182,114.8584,13.16,2.9,0,,,,,,TRAIN
2018-09-05,1.1588022708892822,1.1632641553878784,1.1546810865402222,1.1586545705795288,0.0,1.2859420776367188,1.2979259490966797,1.2793285846710205,1.2858428955078125,0.0,1192.5,1196.0,1192.5,1194.9000244140625,21.0,69.43000030517578,69.58999633789062,68.55999755859375,68.72000122070312,542104.0,1.95,252.182,114.7477,13.91,2.9,0,,,,,,TRAIN
2018-09-06,1.1634942293167114,1.165623426437378,1.1607661247253418,1.1635212898254397,0.0,1.2914056777954102,1.2959914207458496,1.289723515510559,1.2914891242980957,0.0,1202.0,1202.0,1197.9000244140625,1197.9000244140625,7.0,68.63999938964844,69.0199966430664,67.0,67.7699966430664,633824.0,1.95,252.182,114.6479,14.65,2.88,0,,,,,,TRAIN
2018-09-07,1.1623852252960205,1.1650937795639038,1.1563901901245115,1.162006974220276,0.0,1.2928247451782229,1.3024225234985352,1.2918561697006226,1.2925406694412231,0.0,1198.300048828125,1198.300048828125,1193.0999755859375,1193.5999755859375,29.0,67.87999725341797,68.08000183105469,66.86000061035156,67.75,530895.0,1.95,252.182,114.5816,14.88,2.94,0,,,,,,TRAIN
2018-09-10,1.1558955907821655,1.161440134048462,1.1527643203735352,1.1561094522476196,0.0,1.292808175086975,1.3052103519439695,1.289823293685913,1.2930254936218262,0.0,1193.0,1193.0,1193.0,1193.0,11.0,67.81999969482422,68.5199966430664,67.33000183105469,67.54000091552734,571174.0,1.95,252.182,114.6802,14.16,2.94,0,,,,,,TRAIN
2018-09-11,1.1593396663665771,1.1642799377441406,1.1566845178604126,1.159595012664795,0.0,1.3027958869934082,1.30804443359375,1.2976733446121216,1.302643060684204,0.0,1190.4000244140625,1196.300048828125,1190.4000244140625,1195.4000244140625,21.0,67.52999877929688,70.01000213623047,67.4800033569336,69.25,676869.0,1.95,252.182,114.7051,13.22,2.98,0,,,,,,TRAIN
2018-09-12,1.159595012664795,1.164822340011597,1.1570860147476196,1.1596084833145142,0.0,1.3017443418502808,1.3044441938400269,1.298414707183838,1.3015578985214231,0.0,1205.0,1205.0,1204.699951171875,1204.699951171875,37.0,69.88999938964844,71.26000213623047,69.5,70.37000274658203,800543.0,1.95,252.182,114.2192,13.14,2.97,0,,,,,,TRAIN
2018-09-13,1.1626555919647217,1.1700832843780518,1.16096830368042,1.1629259586334229,0.0,1.30451238155365,1.3120088577270508,1.3027619123458862,1.304546356201172,0.0,1203.4000244140625,1203.4000244140625,1200.0,1202.0,22.0,70.23999786376953,70.27999877929688,68.3499984741211,68.58999633789062,684937.0,1.95,252.182,113.9268,12.37,2.97,0,,,,,,TRAIN
2018-09-14,1.1690436601638794,1.1721267700195312,1.1655691862106323,1.169180393218994,0.0,1.3110626935958862,1.3143367767333984,1.3073604106903076,1.311131477355957,0.0,1195.0,1195.0,1195.0,1195.0,1.0,68.79000091552734,69.91000366210938,67.94000244140625,68.98999786376953,611075.0,1.95,252.182,114.0657,12.07,2.99,0,,,,,,TRAIN
2018-09-17,1.162358283996582,1.1695905923843384,1.162358283996582,1.1628988981246948,0.0,1.3071041107177734,1.3156682252883911,1.3070186376571655,1.307326316833496,0.0,1199.699951171875,1199.699951171875,1199.699951171875,1199.699951171875,0.0,68.93000030517578,69.72000122070312,68.52999877929688,68.91000366210938,422294.0,1.95,252.182,113.9158,13.68,2.99,0,,,,,,TRAIN
2018-09-18,1.1669156551361084,1.1720443964004517,1.1669156551361084,1.1669156551361084,0.0,1.3146650791168213,1.3171066045761108,1.3120776414871216,1.3146305084228516,0.0,1198.699951171875,1198.699951171875,1196.800048828125,1196.800048828125,2.0,68.80000305175781,70.41999816894531,68.52999877929688,69.8499984741211,234202.0,1.95,252.182,113.7739,12.79,3.05,0,,,,,,TRAIN
2018-09-19,1.167883276939392,1.1716461181640625,1.165338158607483,1.167992353439331,0.0,1.3166556358337402,1.3211784362792969,1.3120431900024414,1.3168463706970217,0.0,1202.199951171875,1202.199951171875,1202.199951171875,1202.199951171875,0.0,69.70999908447266,71.5,69.6500015258789,71.12000274658203,125208.0,1.95,252.182,113.6532,11.75,3.08,0,,,,,,TRAIN
2018-09-20,1.1674060821533203,1.1776995658874512,1.1672834157943726,1.167460560798645,0.0,1.3140604496002195,1.3296104669570925,1.3140085935592651,1.3141123056411743,0.0,1206.199951171875,1206.199951171875,1206.199951171875,1206.199951171875,0.0,71.38999938964844,71.80999755859375,70.7300033569336,70.80000305175781,607520.0,1.95,252.182,113.4989,11.8,3.07,0,,,,,,TRAIN
2018-09-21,1.1776067018508911,1.180163860321045,1.1735711097717283,1.1775927543640137,0.0,1.3271400928497314,1.3278449773788452,1.305841088294983,1.327087163925171,0.0,1196.199951171875,1196.199951171875,1196.199951171875,1196.199951171875,0.0,70.19999694824219,71.80000305175781,69.9800033569336,70.77999877929688,855943.0,1.95,252.182,113.5099,11.68,3.07,0,,,,,,TRAIN
2018-09-24,1.1751019954681396,1.1815024614334106,1.172525405883789,1.1751019954681396,0.0,1.3080958127975464,1.3166556358337402,1.3064552545547483,1.30804443359375,0.0,1199.300048828125,1199.300048828125,1199.300048828125,1199.300048828125,0.0,71.13999938964844,72.73999786376953,71.13999938964844,72.08000183105469,576894.0,1.95,252.182,113.5301,12.2,3.08,1,TARIFF,10% Section 301 tariffs on $200B Chinese goods take effect,HIGH,"EURUSD,GBPUSD,GOLD,OIL",TRAIN,TRAIN
2018-09-25,1.1753228902816772,1.1792453527450562,1.1732544898986816,1.175295352935791,0.0,1.3117163181304932,1.3175750970840454,1.3097233772277832,1.311733365058899,0.0,1202.0999755859375,1202.800048828125,1200.0,1200.0,21.0,72.25,72.77999877929688,71.88999938964844,72.27999877929688,551280.0,1.95,252.182,113.7202,12.42,3.1,0,,,,,,TRAIN
2018-09-26,1.1766090393066406,1.1776995658874512,1.1728966236114502,1.1763184070587158,0.0,1.3180439472198486,1.3196094036102295,1.3141123056411743,1.3179919719696045,0.0,1194.0,1194.0,1194.0,1194.0,17857.0,72.08999633789062,72.37999725341797,71.47000122070312,71.56999969482422,464463.0,1.95,252.182,113.6739,12.89,3.06,0,,,,,,TRAIN
2018-09-27,1.1747153997421265,1.1759172677993774,1.1664528846740725,1.1748534440994265,0.0,1.3169677257537842,1.3180439472198486,1.309706211090088,1.3172800540924072,0.0,1194.5999755859375,1197.300048828125,1180.5,1182.300048828125,4947.0,72.01000213623047,72.5999984741211,71.70999908447266,72.12000274658203,454549.0,1.95,252.182,113.9784,12.41,3.06,0,,,,,,TRAIN
2018-09-28,1.1636837720870972,1.1653001308441162,1.1570591926574707,1.1637378931045532,0.0,1.3077707290649414,1.3090718984603882,1.3002548217773438,1.3078734874725342,0.0,1181.699951171875,1191.9000244140625,1180.0,1191.5,404.0,72.18000030517578,73.7300033569336,71.87999725341797,73.25,544047.0,1.95,252.182,113.8077,12.12,3.05,0,,,,,,TRAIN
2018-10-01,1.160496711730957,1.1621285676956177,1.156510591506958,1.1605371236801147,0.0,1.3039510250091553,1.3097577095031738,1.3014055490493774,1.3039000034332275,0.0,1191.5999755859375,1191.5999755859375,1185.800048828125,1187.0999755859375,180.0,73.29000091552734,75.7699966430664,72.94999694824219,75.30000305175781,601451.0,2.19,252.772,113.8235,12.0,3.09,0,,,,,,TRAIN
2018-10-02,1.157755732536316,1.1582117080688477,1.1506686210632324,1.157755732536316,0.0,1.3043931722640991,1.3049719333648682,1.2944146394729614,1.3043591976165771,0.0,1193.0,1206.0,1190.300048828125,1202.4000244140625,451.0,75.41999816894531,75.91000366210938,74.93000030517578,75.2300033569336,463615.0,2.19,252.772,113.8954,12.05,3.05,0,,,,,,TRAIN
2018-10-03,1.155041217803955,1.159326195716858,1.1516358852386477,1.1551746129989624,0.0,1.2979763746261597,1.3020155429840088,1.2964619398117063,1.2981956005096436,0.0,1202.5999755859375,1202.5999755859375,1196.5999755859375,1198.300048828125,76.0,75.12000274658203,76.9000015258789,74.30000305175781,76.41000366210938,698817.0,2.19,252.772,114.1569,11.61,3.15,0,,,,,,TRAIN
2018-10-04,1.147736668586731,1.153599500656128,1.1464602947235107,1.147631287574768,0.0,1.2941633462905884,1.3036959171295166,1.2924572229385376,1.294062852859497,0.0,1199.300048828125,1204.5999755859375,1197.199951171875,1197.199951171875,496.0,76.18000030517578,76.47000122070312,73.87999725341797,74.33000183105469,687949.0,2.19,252.772,114.6867,14.22,3.19,0,,,,,,TRAIN
2018-10-05,1.1517553329467771,1.1542545557022097,1.148778200149536,1.1518083810806274,0.0,1.3022021055221558,1.310753345489502,1.3005592823028564,1.3024225234985352,0.0,1197.0999755859375,1205.300048828125,1196.9000244140625,1201.199951171875,34.0,74.66999816894531,75.22000122070312,73.83999633789062,74.33999633789062,613218.0,2.19,252.772,114.561,14.82,3.23,0,,,,,,TRAIN
2018-10-08,1.1523923873901367,1.1531364917755127,1.146092414855957,1.1522595882415771,0.0,1.3126115798950195,1.313266634941101,1.3030165433883667,1.31271493434906,0.0,1201.0,1201.0,1183.699951171875,1184.4000244140625,250.0,74.4000015258789,74.58000183105469,73.06999969482422,74.29000091552734,554938.0,2.19,252.772,114.561,15.69,3.23,0,,,,,,TRAIN
2018-10-09,1.1494648456573486,1.150483250617981,1.1433275938034058,1.1494120359420776,0.0,1.309311866760254,1.314716935157776,1.3035430908203125,1.309311866760254,0.0,1185.5999755859375,1189.0999755859375,1185.5999755859375,1187.199951171875,9.0,74.20999908447266,75.27999877929688,74.0,74.95999908447266,623537.0,2.19,252.772,114.6583,15.95,3.21,0,,,,,,TRAIN
2018-10-10,1.1504037380218506,1.1541999578475952,1.148066163063049,1.1506949663162231,0.0,1.3155817985534668,1.3210039138793943,1.3137842416763306,1.3157029151916504,0.0,1189.300048828125,1192.0,1189.300048828125,1189.300048828125,1078.0,74.66000366210938,75.08000183105469,72.37999725341797,73.16999816894531,652737.0,2.19,252.772,114.6072,22.96,3.22,0,,,,,,TRAIN
2018-10-11,1.1532163619995115,1.1597565412521362,1.1532163619995115,1.1533360481262207,0.0,1.3204805850982666,1.3245735168457031,1.3184958696365356,1.3206725120544434,0.0,1198.0999755859375,1224.5999755859375,1196.300048828125,1223.5,126.0,72.68000030517578,72.76000213623047,70.51000213623047,70.97000122070312,783962.0,2.19,252.772,114.4074,24.98,3.14,0,,,,,,TRAIN
2018-10-12,1.1590440273284912,1.1609547138214111,1.1536953449249268,1.1590440273284912,0.0,1.3231538534164429,1.3257324695587158,1.3152357339859009,1.3234164714813232,0.0,1221.5999755859375,1221.5999755859375,1216.0,1218.0999755859375,122.0,70.98999786376953,72.01000213623047,70.63999938964844,71.33999633789062,626668.0,2.19,252.772,114.3691,21.31,3.15,0,,,,,,TRAIN
2018-10-15,1.1550945043563845,1.1605640649795532,1.154361128807068,1.1551345586776731,0.0,1.3102554082870483,1.317905068397522,1.3102554082870483,1.3103927373886108,0.0,1222.4000244140625,1232.300048828125,1222.4000244140625,1226.4000244140625,136.0,71.8499984741211,72.69999694824219,70.8499984741211,71.77999877929688,568610.0,2.19,252.772,114.045,21.3,3.16,0,,,,,,TRAIN
2018-10-16,1.1583324670791626,1.162006974220276,1.156711220741272,1.1583458185195925,0.0,1.315477967262268,1.3236967325210571,1.3142677545547483,1.315477967262268,0.0,1227.0999755859375,1230.5,1227.0999755859375,1227.300048828125,426.0,71.72000122070312,72.29000091552734,71.0199966430664,71.91999816894531,535003.0,2.19,252.772,113.8963,17.62,3.16,0,,,,,,TRAIN
2018-10-17,1.15763521194458,1.1582117080688477,1.1521799564361572,1.1575279235839844,0.0,1.3188087940216064,1.3192611932754517,1.310186743736267,1.318721890449524,0.0,1225.9000244140625,1225.9000244140625,1223.699951171875,1223.699951171875,1.0,72.16999816894531,72.43000030517578,69.43000030517578,69.75,651584.0,2.19,252.772,114.1755,17.4,3.19,0,,,,,,TRAIN
2018-10-18,1.1500862836837769,1.152737736701965,1.1482902765274048,1.1500862836837769,0.0,1.3101695775985718,1.3131976127624512,1.3058068752288818,1.3104442358016968,0.0,1226.5,1226.5,1226.5,1226.5,165.0,70.02999877929688,70.02999877929688,68.47000122070312,68.6500015258789,215337.0,2.19,252.772,114.8164,20.06,3.17,0,,,,,,TRAIN
2018-10-19,1.145514726638794,1.151450276374817,1.1433666944503784,1.1460003852844238,0.0,1.3020155429840088,1.3058068752288818,1.301337718963623,1.3024225234985352,0.0,1225.300048828125,1225.300048828125,1225.300048828125,1225.300048828125,55.0,68.68000030517578,69.7699966430664,68.55999755859375,69.12000274658203,108311.0,2.19,252.772,114.8567,19.89,3.2,0,,,,,,TRAIN
2018-10-22,1.1511188745498655,1.1551998853683472,1.1462368965148926,1.1509466171264648,0.0,1.3068478107452393,1.3089861869812012,1.296125888824463,1.3065404891967771,0.0,1224.5,1224.5,1219.5999755859375,1221.199951171875,18.0,69.41000366210938,69.6500015258789,68.2699966430664,69.16999816894531,513770.0,2.19,252.772,115.1782,19.64,3.2,0,,,,,,TRAIN
2018-10-23,1.146473407745361,1.1489763259887695,1.1439945697784424,1.1467890739440918,0.0,1.2965123653411863,1.3040870428085327,1.2939958572387695,1.2965964078903198,0.0,1224.800048828125,1237.800048828125,1224.800048828125,1233.4000244140625,33.0,69.55000305175781,69.66000366210938,65.73999786376953,66.43000030517578,853265.0,2.19,252.772,115.1651,20.71,3.17,0,,,,,,TRAIN
2018-10-24,1.1472625732421875,1.1475785970687866,1.138407588005066,1.147315263748169,0.0,1.2981280088424685,1.2992074489593506,1.2890751361846924,1.2981280088424685,0.0,1231.5999755859375,1231.5999755859375,1227.800048828125,1227.800048828125,36.0,66.16999816894531,67.72000122070312,66.05000305175781,66.81999969482422,775963.0,2.19,252.772,115.3755,25.23,3.1,0,,,,,,TRAIN
2018-10-25,1.1398738622665403,1.143079161643982,1.1366219520568848,1.139925837516785,0.0,1.288560152053833,1.2918895483016968,1.2812135219573977,1.2888258695602417,0.0,1238.5999755859375,1238.5999755859375,1229.0999755859375,1229.0999755859375,7.0,66.36000061035156,67.6500015258789,65.98999786376953,67.33000183105469,573096.0,2.19,252.772,115.4831,24.22,3.14,0,,,,,,TRAIN
2018-10-26,1.1375141143798828,1.139847993850708,1.133619785308838,1.1377859115600586,0.0,1.282265067100525,1.2833675146102903,1.2778736352920532,1.2824623584747314,0.0,1234.300048828125,1234.800048828125,1232.5,1232.5,20.0,66.94999694824219,67.87999725341797,66.19999694824219,67.58999633789062,595211.0,2.19,252.772,115.473,24.16,3.08,0,,,,,,TRAIN
2018-10-29,1.1398738622665403,1.1415785551071167,1.1364411115646362,1.1398738622665403,0.0,1.2831040620803833,1.2851818799972534,1.2800655364990234,1.2831040620803833,0.0,1224.5,1224.5,1224.5,1224.5,214.0,67.55000305175781,67.94999694824219,66.29000091552734,67.04000091552734,477487.0,2.19,252.772,115.8936,24.7,3.08,0,,,,,,TRAIN
2018-10-30,1.1375141143798828,1.1387057304382324,1.1347389221191406,1.137617588043213,0.0,1.2801802158355713,1.281558394432068,1.273058295249939,1.2802459001541138,0.0,1227.699951171875,1227.699951171875,1219.800048828125,1222.5999755859375,72.0,66.68000030517578,67.26000213623047,65.33000183105469,66.18000030517578,680441.0,2.19,252.772,116.2357,23.35,3.12,0,,,,,,TRAIN
2018-10-31,1.1345844268798828,1.1360150575637815,1.1311705112457275,1.1346358060836792,0.0,1.2706480026245115,1.2829229831695557,1.270244598388672,1.2708903551101685,0.0,1216.0,1216.5999755859375,1212.0,1212.300048828125,121.0,66.31999969482422,67.0,64.80999755859375,65.30999755859375,666487.0,2.19,252.772,116.5281,21.23,3.15,0,,,,,,TRAIN
2018-11-01,1.1313880681991575,1.1413179636001587,1.1313753128051758,1.1316697597503662,0.0,1.2765523195266724,1.2974039316177368,1.276487112045288,1.276943564414978,0.0,1215.4000244140625,1236.0,1215.4000244140625,1236.0,14.0,64.87999725341797,65.38999938964844,63.11000061035156,63.68999862670898,790286.0,2.2,252.594,115.8657,19.34,3.14,0,,,,,,TRAIN
2018-11-02,1.1402769088745115,1.1455409526824951,1.137565851211548,1.140328884124756,0.0,1.299933671951294,1.3039510250091553,1.2962435483932495,1.3003731966018677,0.0,1233.300048828125,1233.300048828125,1230.9000244140625,1230.9000244140625,18.0,63.5,63.95000076293945,62.630001068115234,63.13999938964844,708906.0,2.2,252.594,115.643,19.51,3.22,0,,,,,,TRAIN
2018-11-05,1.1397050619125366,1.1406410932540894,1.135524868965149,1.1397570371627808,0.0,1.3005592823028564,1.3035260438919067,1.296714186668396,1.3005592823028564,0.0,1230.5999755859375,1231.5,1226.699951171875,1229.800048828125,15.0,62.9900016784668,64.13999938964844,62.52000045776367,63.09999847412109,609129.0,2.2,252.594,115.703,19.96,3.2,0,,,,,,TRAIN
2018-11-06,1.140862226486206,1.1438113451004028,1.1393284797668457,1.141291856765747,0.0,1.3059945106506348,1.309569001197815,1.302371621131897,1.3058068752288818,0.0,1230.699951171875,1233.800048828125,1223.800048828125,1223.800048828125,4.0,62.70000076293945,63.31999969482422,61.310001373291016,62.209999084472656,761240.0,2.2,252.594,115.5622,19.91,3.22,0,,,,,,TRAIN
2018-11-07,1.144099235534668,1.149993658065796,1.1400558948516846,1.1438506841659546,0.0,1.311492681503296,1.3174362182617188,1.3075655698776243,1.311251878738403,0.0,1228.5999755859375,1228.5999755859375,1226.199951171875,1226.199951171875,1.0,61.7400016784668,63.18000030517578,61.20000076293945,61.66999816894531,866628.0,2.2,252.594,115.2519,16.36,3.22,0,,,,,,TRAIN
2018-11-08,1.1433275938034058,1.144426703453064,1.1405109167099,1.1434059143066406,0.0,1.312732219696045,1.315028190612793,1.3089348077774048,1.3128528594970703,0.0,1222.9000244140625,1222.9000244140625,1222.9000244140625,1222.9000244140625,2.0,61.63999938964844,62.41999816894531,60.400001525878906,60.66999816894531,764546.0,2.2,252.594,115.6478,16.72,3.24,0,,,,,,TRAIN
2018-11-09,1.1368545293807983,1.1369191408157349,1.132502794265747,1.1368415355682373,0.0,1.306643009185791,1.3070186376571655,1.29743754863739,1.3066771030426023,0.0,1207.9000244140625,1207.9000244140625,1206.4000244140625,1206.4000244140625,14.0,60.75,60.790000915527344,59.2599983215332,60.18999862670898,821729.0,2.2,252.594,116.4778,17.36,3.19,0,,,,,,TRAIN
2018-11-12,1.1324771642684937,1.1332728862762451,1.1241639852523804,1.132502794265747,0.0,1.2938451766967771,1.2948336601257324,1.2828242778778076,1.2938451766967771,0.0,1201.5999755859375,1201.5999755859375,1201.300048828125,1201.300048828125,1.0,60.70000076293945,61.27999877929688,58.68000030517578,59.93000030517578,806219.0,2.2,252.594,116.4778,20.45,3.19,0,,,,,,TRAIN
2018-11-13,1.1224100589752195,1.1291906833648682,1.122321844100952,1.123342990875244,0.0,1.2855453491210938,1.3040189743041992,1.2853139638900757,1.2857933044433594,0.0,1196.300048828125,1201.300048828125,1196.300048828125,1199.199951171875,5.0,58.880001068115234,59.34999847412109,54.75,55.68999862670898,1095643.0,2.2,252.594,116.6694,20.02,3.14,0,,,,,,TRAIN
2018-11-14,1.1316057443618774,1.1339668035507202,1.126481294631958,1.1311193704605105,0.0,1.301761269569397,1.3029825687408447,1.2893409729003906,1.3014055490493774,0.0,1207.9000244140625,1207.9000244140625,1207.9000244140625,1207.9000244140625,0.0,55.27000045776367,57.369998931884766,55.130001068115234,56.25,844696.0,2.2,252.594,116.498,21.25,3.12,0,,,,,,TRAIN
2018-11-15,1.1313625574111938,1.1351124048233032,1.1274974346160889,1.131183385848999,0.0,1.2985326051712036,1.3028467893600464,1.274486064910889,1.2986170053482056,0.0,1212.800048828125,1212.800048828125,1212.800048828125,1212.800048828125,0.0,56.02000045776367,57.2599983215332,55.59000015258789,56.459999084472656,256499.0,2.2,252.594,116.3861,19.98,3.11,0,,,,,,TRAIN
2018-11-16,1.13252854347229,1.141422152519226,1.1322592496871948,1.1324899196624756,0.0,1.276617407798767,1.287713885307312,1.276617407798767,1.276650071144104,0.0,1216.699951171875,1223.800048828125,1216.699951171875,1220.800048828125,5.0,56.58000183105469,57.959999084472656,55.88999938964844,56.459999084472656,159001.0,2.2,252.594,115.9258,18.14,3.08,0,,,,,,TRAIN
2018-11-19,1.1412137746810913,1.1462894678115845,1.1394453048706057,1.141396164894104,0.0,1.2855123281478882,1.2881120443344116,1.2804917097091677,1.2833181619644165,0.0,1223.0999755859375,1223.0999755859375,1223.0999755859375,1223.0999755859375,0.0,56.720001220703125,57.33000183105469,55.08000183105469,56.7599983215332,699684.0,2.2,252.594,115.9859,20.1,3.06,0,,,,,,TRAIN
2018-11-20,1.1454753875732422,1.1472758054733276,1.1387057304382324,1.1455016136169434,0.0,1.2856941223144531,1.2881120443344116,1.2804261445999146,1.2859750986099243,0.0,1225.300048828125,1228.800048828125,1219.0,1219.0,12.0,57.38999938964844,57.43999862670898,52.77000045776367,53.43000030517578,983120.0,2.2,252.594,116.2367,22.48,3.06,0,,,,,,TRAIN
2018-11-21,1.137268304824829,1.1422044038772583,1.1366348266601562,1.1372424364089966,0.0,1.2787723541259766,1.2820513248443604,1.2775144577026367,1.2789195775985718,0.0,1225.800048828125,1225.800048828125,1225.800048828125,1225.800048828125,0.0,53.38999938964844,55.86000061035156,53.38999938964844,54.630001068115234,734277.0,2.2,252.594,116.092,20.8,3.06,0,,,,,,TRAIN
2018-11-22,1.1388872861862185,1.1434059143066406,1.138628005981445,1.1388354301452637,0.0,1.2776614427566528,1.2921231985092163,1.2773839235305786,1.277726650238037,0.0,,,,,,,,,,,2.2,252.594,116.092,20.8,3.06,0,,,,,,TRAIN
2018-11-23,1.1402637958526611,1.1419435739517212,1.1332343816757202,1.1403158903121948,0.0,1.287581205368042,1.2884937524795532,1.2800819873809814,1.287597894668579,0.0,1224.800048828125,1224.800048828125,1221.0,1221.0,1.0,53.869998931884766,54.119998931884766,50.150001525878906,50.41999816894531,1014667.0,2.2,252.594,116.4713,21.52,3.05,0,,,,,,TRAIN
2018-11-26,1.1338896751403809,1.138355731964111,1.132733702659607,1.133735418319702,0.0,1.2819033861160278,1.2862728834152222,1.2798361778259275,1.2812299728393557,0.0,1220.199951171875,1222.0,1220.199951171875,1220.199951171875,2.0,50.619998931884766,52.25,50.09999847412109,51.630001068115234,663108.0,2.2,252.594,116.6208,18.9,3.07,0,,,,,,TRAIN
2018-11-27,1.1334270238876345,1.1344943046569824,1.1279425621032717,1.1333370208740234,0.0,1.2812299728393557,1.2820513248443604,1.27273428440094,1.2812299728393557,0.0,1221.9000244140625,1222.0,1211.199951171875,1211.199951171875,5.0,51.540000915527344,52.380001068115234,50.29999923706055,51.560001373291016,764010.0,2.2,252.594,116.9001,19.02,3.06,0,,,,,,TRAIN
2018-11-28,1.129713773727417,1.130799651145935,1.126773238182068,1.1298797130584717,0.0,1.274209976196289,1.2806065082550049,1.273382544517517,1.2743724584579468,0.0,1211.5,1221.4000244140625,1211.5,1221.4000244140625,247168.0,52.09000015258789,52.560001373291016,50.060001373291016,50.290000915527344,831688.0,2.2,252.594,116.8343,18.49,3.06,0,,,,,,TRAIN
2018-11-29,1.1366606950759888,1.1401468515396118,1.1349579095840454,1.1368545293807983,0.0,1.2822978496551514,1.2851818799972534,1.2756729125976562,1.2824130058288574,0.0,1221.0,1228.699951171875,1220.5,1224.0999755859375,55478.0,50.310001373291016,52.20000076293945,49.40999984741211,51.45000076293945,812721.0,2.2,252.594,116.1961,18.79,3.03,0,,,,,,TRAIN
2018-11-30,1.1392766237258911,1.1401208639144895,1.1314777135849,1.1392766237258911,0.0,1.278412699699402,1.2806884050369265,1.2736905813217163,1.2784454822540283,0.0,1224.0999755859375,1225.0,1216.0999755859375,1220.199951171875,2060.0,51.27000045776367,51.790000915527344,49.650001525878906,50.93000030517578,796714.0,2.2,252.594,116.413,18.07,3.01,0,,,,,,TRAIN
2018-12-03,1.1341854333877563,1.1380059719085691,1.132169485092163,1.1342240571975708,0.0,1.275022268295288,1.2824294567108154,1.2700024843215942,1.2753475904464722,0.0,1222.5,1234.0999755859375,1221.300048828125,1233.9000244140625,751.0,52.45000076293945,53.84999847412109,52.02999877929688,52.95000076293945,758010.0,2.27,252.767,115.9057,16.44,2.98,1,TRADE_DEAL,G20: US-China agree to 90-day tariff truce,MEDIUM,"EURUSD,GBPUSD,GOLD,OIL",TRAIN,TRAIN
2018-12-04,1.135589361190796,1.14177405834198,1.134327054023743,1.135486125946045,0.0,1.2729123830795288,1.283400535583496,1.2717145681381226,1.2725884914398191,0.0,1231.0,1241.4000244140625,1230.4000244140625,1241.0999755859375,474.0,53.130001068115234,54.54999923706055,52.43000030517578,53.25,738130.0,2.27,252.767,116.0028,20.74,2.91,0,,,,,,TRAIN
2018-12-05,1.1343655586242676,1.1360280513763428,1.131503343582153,1.1342884302139282,0.0,1.2719732522964478,1.2792631387710571,1.267330765724182,1.2720541954040527,0.0,,,,,,,,,,,2.27,252.767,116.0028,20.74,2.91,0,,,,,,TRAIN
2018-12-06,1.1347260475158691,1.1412267684936523,1.132336139678955,1.13490629196167,0.0,1.272718071937561,1.2800164222717283,1.2700347900390625,1.2727665901184082,0.0,1237.5,1244.4000244140625,1234.800048828125,1238.0999755859375,434.0,52.93000030517578,53.29999923706055,50.08000183105469,51.4900016784668,987266.0,2.27,252.767,116.3991,21.19,2.87,0,,,,,,TRAIN
2018-12-07,1.137682318687439,1.1410704851150513,1.1361312866210938,1.1374752521514893,0.0,1.2780859470367432,1.2788541316986084,1.273382544517517,1.2778573036193848,0.0,1238.300048828125,1249.800048828125,1237.5999755859375,1246.800048828125,211.0,51.7599983215332,54.220001220703125,50.59999847412109,52.61000061035156,987717.0,2.27,252.767,116.0847,23.23,2.85,0,,,,,,TRAIN
2018-12-10,1.140380859375,1.1445575952529907,1.1362345218658447,1.1400948762893677,0.0,1.2720379829406738,1.2756729125976562,1.2513452768325806,1.2721028327941897,0.0,1249.5999755859375,1249.5999755859375,1241.699951171875,1243.699951171875,131.0,52.02999877929688,52.810001373291016,50.52999877929688,51.0,733225.0,2.27,252.767,116.6746,22.64,2.85,0,,,,,,TRAIN
2018-12-11,1.135499119758606,1.1399389505386353,1.1307612657546997,1.1356538534164429,0.0,1.2559658288955688,1.2634717226028442,1.2503751516342163,1.2561235427856443,0.0,1245.800048828125,1248.699951171875,1241.5,1241.9000244140625,117.0,50.88999938964844,52.43000030517578,50.70000076293945,51.650001525878906,665262.0,2.27,252.767,116.7564,21.76,2.89,0,,,,,,TRAIN
2018-12-12,1.1322848796844482,1.138044834136963,1.1316184997558594,1.1323105096817017,0.0,1.249437689781189,1.2670738697052002,1.248127818107605,1.249297261238098,0.0,1245.300048828125,1245.5999755859375,1244.0999755859375,1244.4000244140625,84.0,51.95000076293945,52.880001068115234,50.93999862670898,51.150001525878906,730810.0,2.27,252.767,116.2214,21.46,2.91,0,,,,,,TRAIN
2018-12-13,1.137268304824829,1.139250636100769,1.1333627700805664,1.1373459100723269,0.0,1.262482762336731,1.2686651945114136,1.2610976696014404,1.2628655433654783,0.0,1243.5,1243.5,1241.0,1242.699951171875,194.0,51.20000076293945,53.27000045776367,50.34999847412109,52.58000183105469,733627.0,2.27,252.767,116.3974,20.65,2.91,0,,,,,,TRAIN
2018-12-14,1.1363248825073242,1.1366219520568848,1.1270780563354492,1.1363636255264282,0.0,1.265390396118164,1.265390396118164,1.2534940242767334,1.2655024528503418,0.0,1241.699951171875,1241.699951171875,1234.0999755859375,1237.0,33.0,52.83000183105469,52.95000076293945,50.84000015258789,51.20000076293945,526839.0,2.27,252.767,116.79,21.63,2.89,0,,,,,,TRAIN
2018-12-17,1.130671739578247,1.1353960037231443,1.13047993183136,1.1305949687957764,0.0,1.2586215734481812,1.2644782066345217,1.2576085329055786,1.25855815410614,0.0,1239.300048828125,1247.4000244140625,1239.300048828125,1247.4000244140625,10.0,51.25,51.869998931884766,49.0099983215332,49.880001068115234,211257.0,2.27,252.767,116.4532,24.52,2.86,0,,,,,,TRAIN
2018-12-18,1.13499653339386,1.1403002738952637,1.133863925933838,1.1349835395812988,0.0,1.261543035507202,1.270502686500549,1.2611771821975708,1.2615749835968018,0.0,1248.199951171875,1249.199951171875,1245.5999755859375,1249.199951171875,31.0,49.15999984741211,49.59000015258789,45.790000915527344,46.2400016784668,120101.0,2.27,252.767,116.4127,25.58,2.82,0,,,,,,TRAIN
2018-12-19,1.137565851211548,1.1439684629440308,1.137565851211548,1.137539982795715,0.0,1.2654544115066528,1.267909288406372,1.2608431577682495,1.2655024528503418,0.0,1255.800048828125,1255.800048828125,1252.0999755859375,1252.0999755859375,268.0,45.93000030517578,48.0,45.93000030517578,47.20000076293945,817721.0,2.27,252.767,116.0676,25.58,2.77,0,,,,,,TRAIN
2018-12-20,1.138783574104309,1.1484880447387695,1.1378376483917236,1.138952136039734,0.0,1.2625147104263306,1.2705351114273071,1.2615113258361816,1.262785792350769,0.0,1243.199951171875,1263.5999755859375,1243.199951171875,1263.5999755859375,49.0,47.38999938964844,47.5099983215332,45.66999816894531,45.880001068115234,794130.0,2.27,252.767,116.0183,28.38,2.79,0,,,,,,TRAIN
2018-12-21,1.1457772254943848,1.147446870803833,1.138783574104309,1.1456853151321411,0.0,1.266993522644043,1.269728422164917,1.2633600234985352,1.2669775485992432,0.0,1260.300048828125,1261.300048828125,1253.800048828125,1253.800048828125,96.0,46.25,46.77000045776367,45.130001068115234,45.59000015258789,694003.0,2.27,252.767,116.2227,30.11,2.79,0,,,,,,TRAIN
2018-12-24,1.137203574180603,1.143837571144104,1.137203574180603,1.1372811794281006,0.0,1.265006184577942,1.273658275604248,1.2636953592300415,1.2648941278457642,0.0,1260.300048828125,1268.5,1260.300048828125,1267.5,27.0,45.45000076293945,46.2400016784668,42.36000061035156,42.52999877929688,415859.0,2.27,252.767,116.2182,36.07,2.74,0,,,,,,TRAIN
2018-12-25,1.1405109167099,1.1422044038772583,1.1370097398757937,1.140393853187561,0.0,1.2712942361831665,1.277791976928711,1.266784906387329,1.2710840702056885,0.0,,,,,,,,,,,2.27,252.767,116.2182,36.07,2.74,0,,,,,,TRAIN
2018-12-26,1.1413440704345703,1.1419435739517212,1.137617588043213,1.1415525674819946,0.0,1.2689388990402222,1.2719732522964478,1.266512155532837,1.2688745260238647,0.0,1269.300048828125,1277.4000244140625,1269.199951171875,1269.199951171875,63.0,42.84999847412109,47.0,42.52000045776367,46.220001220703125,698408.0,2.27,252.767,116.1162,30.41,2.81,0,,,,,,TRAIN
2018-12-27,1.1363636255264282,1.1434321403503418,1.1359118223190308,1.1361312866210938,0.0,1.2648460865020752,1.2671220302581787,1.261877417564392,1.2648781538009644,0.0,1276.699951171875,1277.300048828125,1276.699951171875,1277.300048828125,480.0,46.58000183105469,46.70000076293945,44.369998931884766,44.61000061035156,665590.0,2.27,252.767,115.9927,29.96,2.77,0,,,,,,TRAIN
2018-12-28,1.1430922746658323,1.147315263748169,1.1430922746658323,1.143105387687683,0.0,1.264606237411499,1.2700024843215942,1.2636473178863523,1.2646220922470093,0.0,1273.5,1280.0999755859375,1273.5,1279.9000244140625,805.0,45.43999862670898,46.220001220703125,44.41999816894531,45.33000183105469,564385.0,2.27,252.767,115.7232,28.34,2.72,0,,,,,,TRAIN
2018-12-31,1.1438899040222168,1.1465917825698853,1.14223051071167,1.1439945697784424,0.0,1.2689228057861328,1.2813942432403564,1.268182635307312,1.269357681274414,0.0,1278.0,1281.300048828125,1277.5999755859375,1278.300048828125,19.0,45.220001220703125,46.52999877929688,44.72999954223633,45.40999984741211,476970.0,2.27,252.767,115.5674,25.42,2.69,0,,,,,,TRAIN
2019-01-01,1.1494252681732178,1.155001163482666,1.146499752998352,1.1493064165115356,0.0,1.275022268295288,1.2756729125976562,1.2714558839797974,1.2738043069839478,0.0,,,,,,,,,,,2.4,252.561,115.5674,25.42,2.69,0,,,,,,TRAIN
2019-01-02,1.1461317539215088,1.149700164794922,1.134571552276611,1.14617121219635,0.0,1.2752337455749512,1.2773349285125732,1.2584631443023682,1.2754288911819458,0.0,1286.0,1286.0,1277.5999755859375,1281.0,149.0,45.79999923706055,47.77999877929688,44.34999847412109,46.540000915527344,850480.0,2.4,252.561,115.7689,23.22,2.66,0,,,,,,TRAIN
2019-01-03,1.131733775138855,1.1409143209457395,1.131733775138855,1.1318106651306152,0.0,1.251877784729004,1.2638230323791504,1.251877784729004,1.2521913051605225,0.0,1286.800048828125,1292.0,1286.699951171875,1291.800048828125,10.0,46.2599983215332,47.4900016784668,45.34999847412109,47.09000015258789,788718.0,2.4,252.561,115.4622,25.45,2.56,0,,,,,,TRAIN
2019-01-04,1.1390948295593262,1.14177405834198,1.1348161697387695,1.1391078233718872,0.0,1.2628973722457886,1.2739664316177368,1.261781930923462,1.2628813982009888,0.0,1294.199951171875,1294.199951171875,1275.300048828125,1282.699951171875,34.0,46.900001525878906,49.220001220703125,46.650001525878906,47.959999084472656,817277.0,2.4,252.561,114.9821,21.38,2.67,0,,,,,,TRAIN
2019-01-07,1.141291856765747,1.147446870803833,1.1405240297317505,1.1410444974899292,0.0,1.2732852697372437,1.2787723541259766,1.2724264860153198,1.2734960317611694,0.0,1286.800048828125,1286.800048828125,1286.5999755859375,1286.800048828125,2.0,48.29999923706055,49.790000915527344,48.11000061035156,48.52000045776367,819939.0,2.4,252.561,114.5628,21.4,2.7,0,,,,,,TRAIN
2019-01-08,1.1479343175888062,1.1486331224441528,1.1424654722213743,1.1479737758636477,0.0,1.2786905765533447,1.2792304754257202,1.2714881896972656,1.278608798980713,0.0,1280.5,1283.199951171875,1278.199951171875,1283.199951171875,54.0,48.72999954223633,49.95000076293945,48.310001373291016,49.77999877929688,765981.0,2.4,252.561,114.7281,20.47,2.73,0,,,,,,TRAIN
2019-01-09,1.1457247734069824,1.1540148258209229,1.144164800643921,1.1456066370010376,0.0,1.2738852500915527,1.2802950143814087,1.271779179573059,1.2737879753112793,0.0,1279.4000244140625,1289.300048828125,1279.199951171875,1289.300048828125,102.0,49.79999923706055,52.58000183105469,49.709999084472656,52.36000061035156,891922.0,2.4,252.561,114.1406,19.98,2.74,0,,,,,,TRAIN
2019-01-10,1.1555217504501345,1.157139539718628,1.151145339012146,1.1554949283599854,0.0,1.2799508571624756,1.2801146507263184,1.273058295249939,1.279967188835144,0.0,1284.699951171875,1284.699951171875,1284.699951171875,1284.699951171875,0.0,52.18000030517578,52.77999877929688,51.369998931884766,52.59000015258789,821782.0,2.4,252.561,114.0496,19.5,2.74,0,,,,,,TRAIN
2019-01-11,1.1515165567398071,1.1539002656936646,1.1459741592407229,1.151012897491455,0.0,1.275835633277893,1.2837464809417725,1.2716660499572754,1.2753963470458984,0.0,1291.199951171875,1291.199951171875,1286.300048828125,1287.0999755859375,11.0,52.27999877929688,53.310001373291016,51.18000030517578,51.59000015258789,812339.0,2.4,252.561,114.0404,18.19,2.71,0,,,,,,TRAIN
2019-01-14,1.146276354789734,1.148369312286377,1.1451605558395386,1.146013617515564,0.0,1.2849836349487305,1.292774677276611,1.2821005582809448,1.2849836349487305,0.0,1292.4000244140625,1293.9000244140625,1289.0999755859375,1289.0999755859375,7.0,51.72999954223633,52.11000061035156,50.380001068115234,50.5099983215332,791527.0,2.4,252.561,114.0404,19.07,2.71,0,,,,,,TRAIN
2019-01-15,1.147315263748169,1.1491611003875732,1.1386150121688845,1.1472889184951782,0.0,1.2876144647598269,1.2916558980941772,1.2756240367889404,1.2874983549118042,0.0,1290.0999755859375,1292.699951171875,1286.199951171875,1286.199951171875,3.0,50.77999877929688,52.29999923706055,50.63999938964844,52.11000061035156,664183.0,2.4,252.561,114.3402,18.6,2.72,0,,,,,,TRAIN
2019-01-16,1.141409158706665,1.14223051071167,1.137889385223389,1.1416828632354736,0.0,1.287282943725586,1.2895737886428833,1.2827255725860596,1.2872166633605957,0.0,1291.5999755859375,1291.5999755859375,1291.5999755859375,1291.5999755859375,2.0,52.0,52.52000045776367,51.2599983215332,52.310001373291016,694182.0,2.4,252.561,114.137,19.04,2.73,0,,,,,,TRAIN
2019-01-17,1.139899969100952,1.1407711505889893,1.1372424364089966,1.1398088932037354,0.0,1.2884771823883057,1.2939958572387695,1.2836146354675293,1.28857684135437,0.0,1291.5999755859375,1292.699951171875,1288.5,1291.0,10.0,52.29999923706055,52.58000183105469,50.97999954223633,52.06999969482422,288560.0,2.4,252.561,114.4115,18.06,2.75,0,,,,,,TRAIN
2019-01-18,1.139185667037964,1.1410315036773682,1.1354217529296875,1.13926362991333,0.0,1.298296570777893,1.299376368522644,1.2892080545425415,1.2983977794647217,0.0,1281.300048828125,1281.300048828125,1281.300048828125,1281.300048828125,3.0,52.22999954223633,53.91999816894531,52.09000015258789,53.79999923706055,193099.0,2.4,252.561,114.558,17.8,2.79,0,,,,,,TRAIN
2019-01-21,1.1365444660186768,1.1388224363327026,1.1357957124710083,1.1365574598312378,0.0,1.2853471040725708,1.2910722494125366,1.2831699848175049,1.2853471040725708,0.0,,,,,,,,,,,2.4,252.561,114.558,17.8,2.79,0,,,,,,TRAIN
2019-01-22,1.1369578838348389,1.1375269889831543,1.1336840391159058,1.136932134628296,0.0,1.2892745733261108,1.296714186668396,1.2855949401855469,1.2891747951507568,0.0,1282.5,1283.300048828125,1282.5,1282.5,7.0,53.72999954223633,54.2400016784668,51.79999923706055,52.56999969482422,951158.0,2.4,252.561,114.7541,20.8,2.74,0,,,,,,TRAIN
2019-01-23,1.1363766193389893,1.139315485954285,1.1351640224456787,1.1364023685455322,0.0,1.2956725358963013,1.3080273866653442,1.2945822477340698,1.295773148536682,0.0,1281.699951171875,1283.9000244140625,1278.699951171875,1283.0999755859375,14.0,52.95000076293945,53.63999938964844,51.86000061035156,52.619998931884766,702866.0,2.4,252.561,114.5759,19.52,2.76,0,,,,,,TRAIN
2019-01-24,1.1387057304382324,1.1393414735794067,1.131324052810669,1.1388224363327026,0.0,1.308318257331848,1.3095861673355105,1.301371693611145,1.308215618133545,0.0,1279.0999755859375,1279.0999755859375,1278.5,1279.0999755859375,1.0,52.45000076293945,53.470001220703125,52.06999969482422,53.130001068115234,714415.0,2.4,252.561,114.617,18.89,2.72,0,,,,,,TRAIN
2019-01-25,1.1309914588928225,1.1411616802215576,1.1305822134017944,1.1313496828079224,0.0,1.3112174272537231,1.3176618814468384,1.3063528537750244,1.3121638298034668,0.0,1297.4000244140625,1297.4000244140625,1297.4000244140625,1297.4000244140625,0.0,53.16999816894531,53.93999862670898,52.90999984741211,53.68999862670898,593385.0,2.4,252.561,114.0197,17.42,2.76,0,,,,,,TRAIN
2019-01-28,1.141265869140625,1.1445575952529907,1.1390948295593262,1.1413049697875977,0.0,1.3207770586013794,1.3210039138793943,1.313870549201965,1.3208470344543457,0.0,1300.800048828125,1307.0999755859375,1298.4000244140625,1302.4000244140625,54.0,53.560001373291016,53.63999938964844,51.33000183105469,51.9900016784668,650667.0,2.4,252.561,114.0522,18.87,2.75,0,,,,,,TRAIN
2019-01-29,1.1429747343063354,1.145055651664734,1.1411746740341189,1.143000841140747,0.0,1.3159972429275513,1.3196616172790527,1.313145875930786,1.3160146474838257,0.0,1308.199951171875,1308.199951171875,1308.199951171875,1308.199951171875,213607.0,52.119998931884766,53.93000030517578,51.84000015258789,53.310001373291016,660527.0,2.4,252.561,114.026,19.13,2.72,0,,,,,,TRAIN
2019-01-30,1.1435105800628662,1.1450294256210327,1.140862226486206,1.1435366868972778,0.0,1.308061599731445,1.311991572380066,1.3058068752288818,1.30804443359375,0.0,1310.4000244140625,1323.4000244140625,1308.0999755859375,1309.9000244140625,54958.0,53.2400016784668,54.93000030517578,53.09000015258789,54.22999954223633,731312.0,2.4,252.561,114.0731,17.66,2.7,0,,,,,,TRAIN
2019-01-31,1.1485539674758911,1.1513707637786863,1.145055651664734,1.1487650871276855,0.0,1.311681866645813,1.3160665035247805,1.3101180791854858,1.3117163181304932,0.0,1320.0,1325.4000244140625,1316.699951171875,1319.699951171875,1970.0,54.27999877929688,55.369998931884766,53.619998931884766,53.790000915527344,718650.0,2.4,252.561,113.5504,16.57,2.63,0,,,,,,TRAIN
2019-02-01,1.145081877708435,1.1488442420959473,1.1435105800628662,1.1449507474899292,0.0,1.3109252452850342,1.311475396156311,1.3045804500579834,1.3109424114227295,0.0,1320.300048828125,1320.699951171875,1315.4000244140625,1316.9000244140625,878.0,54.0099983215332,55.65999984741211,53.369998931884766,55.2599983215332,689566.0,2.4,253.319,113.7548,16.14,2.7,0,,,,,,TRAIN
2019-02-04,1.1457247734069824,1.1462632417678833,1.1425436735153198,1.1455278396606443,0.0,1.3078563213348389,1.3098777532577517,1.3042230606079102,1.3077365159988403,0.0,1318.0999755859375,1318.0999755859375,1308.300048828125,1314.300048828125,675.0,55.31999969482422,55.75,53.290000915527344,54.560001373291016,622472.0,2.4,253.319,113.8766,15.73,2.73,0,,,,,,TRAIN
2019-02-05,1.14357590675354,1.1442956924438477,1.140328884124756,1.1436283588409424,0.0,1.3030844926834106,1.3051422834396362,1.2929919958114624,1.3031013011932373,0.0,1311.0999755859375,1315.0999755859375,1311.0,1314.199951171875,362.0,54.86000061035156,55.209999084472656,53.470001220703125,53.65999984741211,609756.0,2.4,253.319,114.0431,15.57,2.71,0,,,,,,TRAIN
2019-02-06,1.1408753395080566,1.141096591949463,1.137539982795715,1.140992522239685,0.0,1.2958402633666992,1.297858476638794,1.2929919958114624,1.2957228422164917,0.0,1312.5,1313.5,1305.0,1309.5,358.0,53.72999954223633,54.29999923706055,52.86000061035156,54.0099983215332,606720.0,2.4,253.319,114.2305,15.38,2.7,0,,,,,,TRAIN
2019-02-07,1.1366348266601562,1.1370097398757937,1.1326054334640503,1.1365960836410522,0.0,1.2934435606002808,1.2994775772094729,1.2856279611587524,1.2934435606002808,0.0,1302.9000244140625,1310.4000244140625,1302.199951171875,1309.4000244140625,203.0,53.93999862670898,54.209999084472656,51.79999923706055,52.63999938964844,749010.0,2.4,253.319,114.4339,16.37,2.65,0,,,,,,TRAIN
2019-02-08,1.1339925527572632,1.1350995302200315,1.132182240486145,1.1338768005371094,0.0,1.29490065574646,1.2976900339126587,1.2924572229385376,1.2949174642562866,0.0,1309.5,1314.0,1307.800048828125,1313.699951171875,122.0,52.59000015258789,52.9900016784668,52.08000183105469,52.720001220703125,621003.0,2.4,253.319,114.5003,15.72,2.63,0,,,,,,TRAIN
2019-02-11,1.1324259042739868,1.133144497871399,1.127344846725464,1.1324259042739868,0.0,1.293727993965149,1.2939958572387695,1.2860082387924194,1.293677806854248,0.0,1313.4000244140625,1313.4000244140625,1304.699951171875,1307.0,119.0,52.65999984741211,52.77999877929688,51.22999954223633,52.40999984741211,750242.0,2.4,253.319,115.031,15.97,2.65,0,,,,,,TRAIN
2019-02-12,1.128031611442566,1.1319899559020996,1.125885248184204,1.1279042959213257,0.0,1.2864713668823242,1.2896569967269895,1.283433437347412,1.2864052057266235,0.0,1310.0,1312.0,1307.5999755859375,1309.199951171875,109.0,52.470001220703125,54.04999923706055,52.290000915527344,53.09999847412109,708312.0,2.4,253.319,114.7297,15.43,2.68,0,,,,,,TRAIN
2019-02-13,1.1332728862762451,1.134429931640625,1.1282861232757568,1.1334655284881592,0.0,1.28909170627594,1.295706033706665,1.2860909700393677,1.2892080545425415,0.0,1311.5999755859375,1316.0,1308.0999755859375,1310.800048828125,143.0,53.34999847412109,54.59999847412109,53.27000045776367,53.900001525878906,706552.0,2.4,253.319,114.9407,15.65,2.71,0,,,,,,TRAIN
2019-02-14,1.126405119895935,1.130825161933899,1.1250618696212769,1.12649405002594,0.0,1.2856775522232056,1.2878466844558716,1.277400255203247,1.2856775522232056,0.0,1305.0,1311.800048828125,1301.5999755859375,1309.800048828125,858.0,53.959999084472656,54.68000030517578,53.08000183105469,54.40999984741211,623546.0,2.4,253.319,115.1007,16.22,2.66,0,,,,,,TRAIN
2019-02-15,1.1294713020324707,1.1298158168792725,1.1234945058822632,1.1295350790023804,0.0,1.2799180746078491,1.2859750986099243,1.2786579132080078,1.2798361778259275,0.0,1313.5999755859375,1318.800048828125,1313.5999755859375,1318.0999755859375,190.0,54.47999954223633,55.869998931884766,54.2400016784668,55.59000015258789,276907.0,2.4,253.319,114.9923,14.91,2.66,0,,,,,,TRAIN
2019-02-18,1.1294840574264526,1.1334141492843628,1.1294840574264526,1.1298030614852903,0.0,1.2903226613998413,1.293727993965149,1.2893908023834229,1.290555715560913,0.0,,,,,,,,,,,2.4,253.319,114.9923,14.91,2.66,0,,,,,,TRAIN
2019-02-19,1.131208896636963,1.1341854333877563,1.1277008056640625,1.131196141242981,0.0,1.2922735214233398,1.304665446281433,1.2896569967269895,1.2924071550369265,0.0,1320.9000244140625,1340.0999755859375,1320.5,1340.0999755859375,390.0,55.77999877929688,56.33000183105469,55.290000915527344,56.09000015258789,153728.0,2.4,253.319,114.57,14.88,2.65,0,,,,,,TRAIN
2019-02-20,1.1343011856079102,1.1369578838348389,1.1325926780700684,1.1343011856079102,0.0,1.306165099143982,1.3085408210754397,1.301371693611145,1.3061310052871704,0.0,1342.199951171875,1344.0,1338.0,1343.300048828125,581.0,55.93999862670898,57.54999923706055,55.47999954223633,56.91999816894531,685111.0,2.4,253.319,114.57,14.02,2.65,0,,,,,,TRAIN
2019-02-21,1.1346358060836792,1.1365832090377808,1.1322592496871948,1.1346358060836792,0.0,1.3043931722640991,1.3092432022094729,1.3027619123458862,1.30451238155365,0.0,1331.300048828125,1334.9000244140625,1320.9000244140625,1323.5,414.0,57.2400016784668,57.61000061035156,56.63999938964844,56.959999084472656,546202.0,2.4,253.319,114.5091,14.46,2.69,0,,,,,,TRAIN
2019-02-22,1.1339796781539917,1.1355764865875244,1.131874680519104,1.1343011856079102,0.0,1.3040870428085327,1.308061599731445,1.2972187995910645,1.3041380643844604,0.0,1324.199951171875,1331.300048828125,1321.0,1329.199951171875,718.0,56.84000015258789,57.810001373291016,56.709999084472656,57.2599983215332,513439.0,2.4,253.319,114.2716,13.51,2.65,0,,,,,,TRAIN
2019-02-25,1.1340183019638062,1.1367511749267578,1.13379967212677,1.1342240571975708,0.0,1.3064382076263428,1.3095861673355105,1.3057047128677368,1.306557536125183,0.0,1329.199951171875,1331.5999755859375,1325.5999755859375,1325.9000244140625,185.0,57.16999816894531,57.52999877929688,55.08000183105469,55.47999954223633,723012.0,2.4,253.319,114.1457,14.85,2.67,0,,,,,,TRAIN
2019-02-26,1.1366219520568848,1.1378635168075562,1.1346487998962402,1.1367511749267578,0.0,1.312663197517395,1.3280211687088013,1.312335968017578,1.31271493434906,0.0,1323.300048828125,1325.5,1323.300048828125,1325.0999755859375,939.0,55.459999084472656,56.08000183105469,55.02000045776367,55.5,538919.0,2.4,253.319,114.0687,15.17,2.64,0,,,,,,TRAIN
2019-02-27,1.1394193172454834,1.140380859375,1.1363893747329712,1.139315485954285,0.0,1.3261016607284546,1.3348817825317385,1.3234516382217407,1.3258028030395508,0.0,1327.699951171875,1327.9000244140625,1316.5,1317.699951171875,604.0,55.95000076293945,57.38999938964844,55.720001220703125,56.93999862670898,577227.0,2.4,253.319,114.0363,14.7,2.69,0,,,,,,TRAIN
2019-02-28,1.1377859115600586,1.1422044038772583,1.1360796689987185,1.1380189657211304,0.0,1.331611156463623,1.3320900201797483,1.32650625705719,1.3318239450454712,0.0,1321.0999755859375,1323.699951171875,1311.5,1312.800048828125,141.0,57.0,57.43000030517578,56.43000030517578,57.220001220703125,496678.0,2.4,253.319,114.1991,14.78,2.73,0,,,,,,TRAIN
2019-03-01,1.137255311012268,1.140888214111328,1.135434627532959,1.1373459100723269,0.0,1.3264886140823364,1.328638792037964,1.3214752674102783,1.3264886140823364,0.0,1312.199951171875,1312.199951171875,1288.9000244140625,1296.4000244140625,110.0,57.220001220703125,57.880001068115234,55.56999969482422,55.79999923706055,684186.0,2.41,254.277,114.537,13.57,2.76,0,,,,,,TRAIN
2019-03-04,1.1375269889831543,1.1375269889831543,1.1310553550720217,1.1375917196273804,0.0,1.323784351348877,1.325486421585083,1.3168984651565552,1.32397723197937,0.0,1285.5,1287.0,1281.9000244140625,1284.800048828125,28.0,55.83000183105469,57.0,55.810001373291016,56.59000015258789,549396.0,2.41,254.277,114.6925,14.63,2.72,0,,,,,,TRAIN
2019-03-05,1.133825421333313,1.1339154243469238,1.1293182373046875,1.133735418319702,0.0,1.3178702592849731,1.3197312355041504,1.3099464178085327,1.3178529739379885,0.0,1287.0,1287.0,1282.0,1282.0,114.0,56.45000076293945,57.18999862670898,56.09000015258789,56.560001373291016,538399.0,2.41,254.277,114.804,14.74,2.72,0,,,,,,TRAIN
2019-03-06,1.1306205987930298,1.132502794265747,1.1291651725769043,1.1307101249694824,0.0,1.3156163692474363,1.3170892000198364,1.312594294548035,1.3156682252883911,0.0,1287.0999755859375,1287.0999755859375,1282.5999755859375,1284.9000244140625,14.0,56.27999877929688,56.400001525878906,55.41999816894531,56.220001220703125,637677.0,2.41,254.277,114.9714,15.74,2.69,0,,,,,,TRAIN
2019-03-07,1.1312474012374878,1.1319899559020996,1.1208752393722534,1.1314009428024292,0.0,1.3180092573165894,1.3187392950057983,1.3089348077774048,1.3182177543640137,0.0,1281.0,1284.5999755859375,1281.0,1283.800048828125,11.0,56.20000076293945,56.9900016784668,56.08000183105469,56.65999984741211,628824.0,2.41,254.277,115.4919,16.59,2.64,0,,,,,,TRAIN
2019-03-08,1.1201971769332886,1.1244546175003052,1.1186057329177856,1.1198333501815796,0.0,1.3092432022094729,1.3108049631118774,1.300593018531799,1.3092432022094729,0.0,1292.0999755859375,1297.4000244140625,1291.5999755859375,1297.0,10.0,56.43000030517578,56.5099983215332,54.52000045776367,56.06999969482422,747358.0,2.41,254.277,115.3599,16.05,2.62,0,,,,,,TRAIN
2019-03-11,1.123103380203247,1.1257457733154297,1.1222589015960691,1.1232421398162842,0.0,1.298414707183838,1.3097577095031738,1.2962266206741333,1.2988362312316897,0.0,1291.0,1291.0,1288.800048828125,1288.800048828125,9.0,56.06999969482422,57.0099983215332,55.959999084472656,56.790000915527344,597156.0,2.41,254.277,115.2967,14.33,2.64,0,,,,,,TRAIN
2019-03-12,1.125885248184204,1.129433035850525,1.1250239610671997,1.1259232759475708,0.0,1.324591040611267,1.324591040611267,1.3010668754577637,1.3248542547225952,0.0,1294.699951171875,1296.300048828125,1294.699951171875,1296.300048828125,1.0,56.7599983215332,57.54999923706055,56.7400016784668,56.869998931884766,652798.0,2.41,254.277,114.939,13.77,2.61,0,,,,,,TRAIN
2019-03-13,1.1286808252334597,1.1313753128051758,1.1279042959213257,1.1287446022033691,0.0,1.3064721822738647,1.3230488300323486,1.3064721822738647,1.3066771030426023,0.0,1307.5,1307.5,1307.5,1307.5,0.0,57.09000015258789,58.47999954223633,57.0099983215332,58.2599983215332,610616.0,2.41,254.277,114.7372,13.41,2.61,0,,,,,,TRAIN
2019-03-14,1.1332857608795166,1.133594036102295,1.1294713020324707,1.133105993270874,0.0,1.328426957130432,1.3331555128097534,1.3211086988449097,1.3285682201385498,0.0,1293.4000244140625,1293.4000244140625,1293.4000244140625,1293.4000244140625,1.0,58.34999847412109,58.7400016784668,58.0,58.61000061035156,567604.0,2.41,254.277,114.79,13.5,2.63,0,,,,,,TRAIN
2019-03-15,1.1307612657546997,1.1343011856079102,1.1302244663238523,1.1308379173278809,0.0,1.3257324695587158,1.3296104669570925,1.3207248449325562,1.3258554935455322,0.0,1300.9000244140625,1304.699951171875,1300.5,1301.800048828125,26.0,58.5099983215332,58.95000076293945,57.7400016784668,58.52000045776367,507393.0,2.41,254.277,114.5815,12.88,2.59,0,,,,,,TRAIN
2019-03-18,1.1319899559020996,1.1359764337539673,1.1234692335128784,1.1319772005081177,0.0,1.3297518491744995,1.3299640417099,1.3131976127624512,1.329716444015503,0.0,1297.300048828125,1302.199951171875,1297.300048828125,1300.300048828125,8.0,58.45000076293945,59.22999954223633,58.04999923706055,59.09000015258789,157241.0,2.41,254.277,114.4375,13.1,2.6,0,,,,,,TRAIN
2019-03-19,1.13355553150177,1.1363636255264282,1.1334270238876345,1.133619785308838,0.0,1.326435923576355,1.330866813659668,1.324275255203247,1.326435923576355,0.0,1306.9000244140625,1306.9000244140625,1304.800048828125,1305.0,20.0,59.0099983215332,59.56999969482422,58.619998931884766,59.02999877929688,114822.0,2.41,254.277,114.2324,13.56,2.61,0,,,,,,TRAIN
2019-03-20,1.1353057622909546,1.1367511749267578,1.1336454153060913,1.135486125946045,0.0,1.3269110918045044,1.3269639015197754,1.3149935007095337,1.3271400928497314,0.0,1300.699951171875,1300.699951171875,1300.5,1300.5,2.0,59.02000045776367,60.119998931884766,58.38999938964844,59.83000183105469,786342.0,2.41,254.277,114.1509,13.91,2.54,0,,,,,,TRAIN
2019-03-21,1.143000841140747,1.1439945697784424,1.1355119943618774,1.1427918672561646,0.0,1.3206549882888794,1.3229262828826904,1.306796669960022,1.320533037185669,0.0,1306.0999755859375,1306.0999755859375,1306.0999755859375,1306.0999755859375,0.0,59.9900016784668,60.38999938964844,59.65999984741211,59.97999954223633,655380.0,2.41,254.277,114.1684,13.63,2.54,0,,,,,,TRAIN
2019-03-22,1.1373976469039917,1.139211654663086,1.1275609731674194,1.1375011205673218,0.0,1.3130252361297607,1.322209119796753,1.3084039688110352,1.313232183456421,0.0,1311.5999755859375,1311.5999755859375,1311.5999755859375,1311.5999755859375,0.0,59.869998931884766,60.06999969482422,58.27999877929688,59.040000915527344,738840.0,2.41,254.277,114.6856,16.48,2.44,0,,,,,,TRAIN
2019-03-25,1.129611611366272,1.1331701278686523,1.1290504932403564,1.129586100578308,0.0,1.3206549882888794,1.3245735168457031,1.3162916898727417,1.3206549882888794,0.0,1320.699951171875,1322.9000244140625,1320.699951171875,1321.9000244140625,19.0,58.97999954223633,59.34999847412109,58.16999816894531,58.81999969482422,705399.0,2.41,254.277,114.4171,16.33,2.43,0,,,,,,TRAIN
2019-03-26,1.1314520835876465,1.1328877210617063,1.127955198287964,1.131580114364624,0.0,1.3208119869232178,1.3261544704437256,1.316482424736023,1.3215277194976809,0.0,1315.5999755859375,1315.5999755859375,1314.300048828125,1314.300048828125,1.0,59.119998931884766,60.380001068115234,59.040000915527344,59.93999862670898,685988.0,2.41,254.277,114.6414,14.68,2.41,0,,,,,,TRAIN
2019-03-27,1.127446532249451,1.1285535097122192,1.1242650747299194,1.127484679222107,0.0,1.321038842201233,1.3246086835861206,1.3167943954467771,1.321143627166748,0.0,1309.9000244140625,1309.9000244140625,1309.9000244140625,1309.9000244140625,206263.0,60.02999877929688,60.220001220703125,58.810001373291016,59.40999984741211,732150.0,2.41,254.277,115.1243,15.15,2.39,0,,,,,,TRAIN
2019-03-28,1.1251378059387207,1.1262998580932615,1.121516227722168,1.1251758337020874,0.0,1.3152875900268557,1.3199577331542969,1.3076339960098269,1.3152703046798706,0.0,1308.4000244140625,1311.0999755859375,1287.699951171875,1289.800048828125,87798.0,59.400001525878906,59.560001373291016,58.20000076293945,59.29999923706055,712209.0,2.41,254.277,115.2581,14.43,2.39,0,,,,,,TRAIN
2019-03-29,1.1229519844055176,1.124606370925903,1.1210887432098389,1.1230024099349976,0.0,1.305414795875549,1.3128355741500854,1.2980438470840454,1.30565345287323,0.0,1289.5999755859375,1298.5,1286.0999755859375,1293.0,1265.0,59.52999877929688,60.72999954223633,59.40999984741211,60.13999938964844,705559.0,2.41,254.277,115.1371,13.71,2.41,0,,,,,,TRAIN
2019-04-01,1.1223469972610474,1.1250239610671997,1.1209882497787476,1.1223849058151243,0.0,1.30218505859375,1.314786076545715,1.3011515140533447,1.3022867441177368,0.0,1291.800048828125,1295.9000244140625,1285.699951171875,1288.4000244140625,675.0,60.2400016784668,61.79999923706055,60.130001068115234,61.59000015258789,670808.0,2.42,255.233,114.9362,13.4,2.49,0,,,,,,TRAIN
2019-04-02,1.1205987930297852,1.1214005947113037,1.1184556484222412,1.1205737590789795,0.0,1.3069332838058472,1.3083868026733398,1.301676630973816,1.3068991899490356,0.0,1286.300048828125,1290.9000244140625,1284.5,1290.0,525.0,61.810001373291016,62.75,61.59999847412109,62.58000183105469,793227.0,2.42,255.233,115.1173,13.36,2.48,0,,,,,,TRAIN
2019-04-03,1.1202850341796875,1.125499963760376,1.1202473640441897,1.1203854084014893,0.0,1.3125426769256592,1.3196094036102295,1.3123877048492432,1.312766671180725,0.0,1291.4000244140625,1293.0999755859375,1287.5,1289.9000244140625,172.0,62.63999938964844,62.9900016784668,62.04999923706055,62.459999084472656,799672.0,2.42,255.233,114.7211,13.74,2.52,0,,,,,,TRAIN
2019-04-04,1.124530553817749,1.124985933303833,1.1209254264831543,1.1246949434280396,0.0,1.317835569381714,1.319087266921997,1.3068478107452393,1.3176966905593872,0.0,1290.5999755859375,1292.5999755859375,1279.5,1289.0,269.0,62.5,62.77000045776367,61.88999938964844,62.09999847412109,684973.0,2.42,255.233,114.9697,13.58,2.51,0,,,,,,TRAIN
2019-04-05,1.1224603652954102,1.1241512298583984,1.1211642026901243,1.1225864887237549,0.0,1.307343363761902,1.3119399547576904,1.300576090812683,1.3077024221420288,0.0,1292.0,1292.0,1283.5999755859375,1290.4000244140625,181.0,62.18000030517578,63.34000015258789,61.81999969482422,63.08000183105469,686862.0,2.42,255.233,114.9726,12.82,2.5,0,,,,,,TRAIN
2019-04-08,1.1222084760665894,1.1274083852767944,1.1215540170669556,1.121956706047058,0.0,1.3037129640579224,1.3071895837783811,1.3035260438919067,1.3038150072097778,0.0,1292.199951171875,1302.0999755859375,1291.800048828125,1297.0999755859375,63.0,63.33000183105469,64.4800033569336,63.130001068115234,64.4000015258789,895767.0,2.42,255.233,114.6893,13.18,2.52,0,,,,,,TRAIN
2019-04-09,1.1256444454193115,1.128795504570007,1.1256444454193115,1.1256444454193115,0.0,1.3061821460723877,1.311664581298828,1.303407073020935,1.306335687637329,0.0,1298.5,1304.9000244140625,1298.5,1303.5,30.0,64.4000015258789,64.79000091552734,63.68000030517578,63.97999954223633,790677.0,2.42,255.233,114.5321,14.28,2.51,0,,,,,,TRAIN
2019-04-10,1.12649405002594,1.1282861232757568,1.123103380203247,1.126697063446045,0.0,1.3053126335144043,1.3103927373886108,1.3049379587173462,1.305721640586853,0.0,1304.0,1309.0999755859375,1301.5,1309.0999755859375,66.0,64.22000122070312,64.69999694824219,64.05000305175781,64.61000061035156,722216.0,2.42,255.233,114.4269,13.3,2.48,0,,,,,,TRAIN
2019-04-11,1.1276118755340576,1.1287446022033691,1.1256064176559448,1.127650022506714,0.0,1.3097577095031738,1.3109596967697144,1.3064382076263428,1.3099292516708374,0.0,1307.0,1307.0999755859375,1288.5999755859375,1288.5999755859375,420.0,64.4800033569336,64.48999786376953,63.310001373291016,63.58000183105469,760504.0,2.42,255.233,114.6303,13.02,2.51,0,,,,,,TRAIN
2019-04-12,1.1259359121322632,1.132502794265747,1.1258344650268557,1.1260753870010376,0.0,1.3054660558700562,1.3130252361297607,1.3051422834396362,1.3056023120880127,0.0,1293.4000244140625,1293.4000244140625,1289.199951171875,1290.5999755859375,607.0,63.709999084472656,64.6500015258789,63.65999984741211,63.88999938964844,625588.0,2.42,255.233,114.3531,12.01,2.56,0,,,,,,TRAIN
2019-04-15,1.130365014076233,1.1322463750839231,1.1299434900283811,1.1305055618286133,0.0,1.3084723949432373,1.311991572380066,1.308061599731445,1.3083868026733398,0.0,1284.800048828125,1287.300048828125,1282.300048828125,1286.800048828125,523.0,63.7599983215332,63.84000015258789,63.02999877929688,63.400001525878906,555858.0,2.42,255.233,114.495,12.32,2.55,0,,,,,,TRAIN
2019-04-16,1.130441665649414,1.1314995288848877,1.128604531288147,1.1304928064346311,0.0,1.3099122047424316,1.3104442358016968,1.30451238155365,1.3102725744247437,0.0,1285.199951171875,1285.199951171875,1272.199951171875,1272.5999755859375,643.0,63.56999969482422,64.37000274658203,62.9900016784668,64.05000305175781,547469.0,2.42,255.233,114.6756,12.18,2.6,0,,,,,,TRAIN
2019-04-17,1.1285152435302734,1.13237464427948,1.1281843185424805,1.128502607345581,0.0,1.3044612407684326,1.306796669960022,1.303186297416687,1.3046314716339111,0.0,1273.5,1273.5,1271.5999755859375,1272.199951171875,308.0,64.31999969482422,64.61000061035156,63.65999984741211,63.7599983215332,235376.0,2.42,255.233,114.5141,12.6,2.59,0,,,,,,TRAIN
2019-04-18,1.1300712823867798,1.130600094795227,1.1237722635269165,1.129713773727417,0.0,1.3039339780807495,1.3052444458007812,1.2997647523880005,1.3039339780807495,0.0,1270.800048828125,1273.5999755859375,1270.0999755859375,1271.9000244140625,27.0,63.75,64.16000366210938,63.459999084472656,64.0,148238.0,2.42,255.233,114.7073,12.09,2.57,0,,,,,,TRAIN
2019-04-19,1.123608112335205,1.125112533569336,1.1233052015304563,1.1235954761505127,0.0,1.299376368522644,1.3009991645812988,1.2988699674606323,1.2994438409805298,0.0,,,,,,,,,,,2.42,255.233,114.6977,12.09,2.57,0,,,,,,TRAIN
2019-04-22,1.1244546175003052,1.1263798475265503,1.1236711740493774,1.1244546175003052,0.0,1.299376368522644,1.3000519275665283,1.2976900339126587,1.299376368522644,0.0,1273.5,1273.5,1273.5,1273.5,147.0,64.0,65.91999816894531,64.0,65.69999694824219,763527.0,2.42,255.233,114.7694,12.42,2.59,0,,,,,,TRAIN
2019-04-23,1.125885248184204,1.1261261701583862,1.1193444728851318,1.1258978843688965,0.0,1.2981956005096436,1.3018798828125,1.2929418087005615,1.2981449365615845,0.0,1266.4000244140625,1269.800048828125,1266.0,1269.300048828125,206.0,65.75,66.5999984741211,65.58000183105469,66.30000305175781,700598.0,2.42,255.233,115.1578,12.28,2.57,0,,,,,,TRAIN
2019-04-24,1.122447848320007,1.1224603652954102,1.1183055639266968,1.122435212135315,0.0,1.2938786745071411,1.2963443994522097,1.2916725873947144,1.2938116788864136,0.0,1268.4000244140625,1275.5,1267.800048828125,1275.5,518.0,66.16999816894531,66.43000030517578,65.66000366210938,65.88999938964844,678386.0,2.42,255.233,115.4187,13.14,2.53,0,,,,,,TRAIN
2019-04-25,1.1156978607177734,1.1164003610610962,1.1121737957000732,1.1153494119644165,0.0,1.2903891801834106,1.2916725873947144,1.2867032289505005,1.2904890775680542,0.0,1280.5999755859375,1280.800048828125,1275.800048828125,1275.800048828125,95.0,65.80999755859375,66.27999877929688,64.9000015258789,65.20999908447266,603001.0,2.42,255.233,115.7709,13.25,2.54,0,,,,,,TRAIN
2019-04-26,1.113709807395935,1.1172809600830078,1.112297534942627,1.113684892654419,0.0,1.2897733449935913,1.2943308353424072,1.2888258695602417,1.289607048034668,0.0,1284.9000244140625,1284.9000244140625,1284.9000244140625,1284.9000244140625,804.0,65.12999725341797,65.18000030517578,62.27999877929688,63.29999923706055,1000836.0,2.42,255.233,115.4767,12.73,2.51,0,,,,,,TRAIN
2019-04-29,1.114901781082153,1.116994023323059,1.1145538091659546,1.1150261163711548,0.0,1.2921065092086792,1.2946659326553345,1.2905889749526978,1.2920230627059937,0.0,1284.800048828125,1284.9000244140625,1277.0999755859375,1278.5999755859375,568.0,62.95000076293945,63.68999862670898,62.459999084472656,63.5,654076.0,2.42,255.233,115.5227,13.11,2.54,0,,,,,,TRAIN
2019-04-30,1.1184180974960327,1.12296462059021,1.117655634880066,1.1185182332992554,0.0,1.2931759357452393,1.3046144247055054,1.2927913665771484,1.2932428121566772,0.0,1281.699951171875,1283.300048828125,1280.800048828125,1282.800048828125,114.0,63.58000183105469,64.75,63.29999923706055,63.90999984741211,750494.0,2.42,255.233,115.3281,13.12,2.51,0,,,,,,TRAIN
2019-05-01,1.1218308210372925,1.1249985694885254,1.121440887451172,1.121604323387146,0.0,1.304069995880127,1.3092432022094729,1.3035260438919067,1.3039849996566772,0.0,1278.699951171875,1283.300048828125,1278.699951171875,1281.4000244140625,70.0,63.400001525878906,63.93000030517578,62.77000045776367,63.59999847412109,676872.0,2.39,255.296,115.0022,14.8,2.52,0,,,,,,TRAIN
2019-05-02,1.1201846599578855,1.1218183040618896,1.1173559427261353,1.1200841665267944,0.0,1.305483102798462,1.308010220527649,1.3018969297409058,1.3053126335144043,0.0,1269.199951171875,1270.800048828125,1266.5999755859375,1269.699951171875,63.0,63.61000061035156,63.68000030517578,60.95000076293945,61.810001373291016,914661.0,2.39,255.296,115.5617,14.42,2.55,0,,,,,,TRAIN
2019-05-03,1.1172560453414917,1.1200717687606812,1.1141316890716553,1.1173559427261353,0.0,1.3031693696975708,1.3176966905593872,1.299156904220581,1.3033220767974854,0.0,1270.0999755859375,1279.199951171875,1270.0999755859375,1279.199951171875,15.0,61.54999923706055,62.52000045776367,61.29999923706055,61.93999862670898,646866.0,2.39,255.296,115.2646,12.87,2.54,0,,,,,,TRAIN
2019-05-06,1.1187058687210083,1.1204482316970823,1.1179929971694946,1.1185808181762695,0.0,1.3150454759597778,1.3150454759597778,1.3082668781280518,1.3150626420974731,0.0,1282.199951171875,1282.199951171875,1280.300048828125,1281.699951171875,12.0,61.43000030517578,62.95000076293945,60.040000915527344,62.25,768810.0,2.39,255.296,115.3811,15.44,2.51,0,,,,,,TRAIN
2019-05-07,1.1204482316970823,1.121956706047058,1.1176055669784546,1.1201846599578855,0.0,1.3097405433654783,1.3129562139511108,1.304206132888794,1.3099292516708374,0.0,1280.5,1283.5,1280.5,1283.5,8.0,62.16999816894531,62.4900016784668,60.65999984741211,61.400001525878906,842810.0,2.39,255.296,115.6116,19.32,2.45,0,,,,,,TRAIN
2019-05-08,1.118956208229065,1.1214998960494995,1.118956208229065,1.1191065311431885,0.0,1.306830883026123,1.308215618133545,1.299106240272522,1.3068820238113403,0.0,1279.4000244140625,1279.4000244140625,1279.4000244140625,1279.4000244140625,5.0,61.43999862670898,62.369998931884766,61.06999969482422,62.119998931884766,791769.0,2.39,255.296,115.5171,19.4,2.49,0,,,,,,TRAIN
2019-05-09,1.1197456121444702,1.1250998973846436,1.1175681352615356,1.1198333501815796,0.0,1.3014055490493774,1.302609086036682,1.2968318462371826,1.3012022972106934,0.0,1278.9000244140625,1285.0,1278.800048828125,1283.5,38.0,62.02000045776367,62.209999084472656,60.91999816894531,61.70000076293945,769583.0,2.39,255.296,115.8421,19.1,2.45,0,,,,,,TRAIN
2019-05-10,1.1218559741973877,1.1252391338348389,1.1218559741973877,1.1222084760665894,0.0,1.3009822368621826,1.3046314716339111,1.2993087768554688,1.3009653091430664,0.0,1285.4000244140625,1286.5,1283.300048828125,1285.699951171875,6.0,61.63999938964844,62.4900016784668,61.41999816894531,61.65999984741211,786494.0,2.39,255.296,115.5334,16.04,2.47,1,TARIFF,US raises tariffs on $200B Chinese goods from 10% to 25%,HIGH,"EURUSD,GBPUSD,GOLD,OIL",TRAIN,TRAIN
2019-05-13,1.1236711740493774,1.126341700553894,1.1224100589752195,1.1236460208892822,0.0,1.3008975982666016,1.3040870428085327,1.2950851917266846,1.3010668754577637,0.0,1286.699951171875,1300.0999755859375,1281.800048828125,1300.0999755859375,56.0,61.650001525878906,63.33000183105469,60.63999938964844,61.040000915527344,1003106.0,2.39,255.296,115.915,20.55,2.4,0,,,,,,TRAIN
2019-05-14,1.1232421398162842,1.124606370925903,1.120485782623291,1.1232547760009766,0.0,1.2963947057724,1.2971850633621216,1.2909221649169922,1.2963106632232666,0.0,1297.800048828125,1297.800048828125,1294.699951171875,1294.699951171875,6.0,60.86000061035156,62.11000061035156,60.68999862670898,61.77999877929688,751668.0,2.39,255.296,115.9425,18.06,2.42,0,,,,,,TRAIN
2019-05-15,1.120360255241394,1.1222715377807615,1.1180429458618164,1.1204482316970823,0.0,1.2906056642532349,1.2922568321228027,1.2829065322875977,1.2906556129455566,0.0,1296.9000244140625,1296.9000244140625,1296.0,1296.300048828125,55.0,61.369998931884766,62.34000015258789,60.84999847412109,62.02000045776367,723001.0,2.39,255.296,115.8565,16.44,2.37,0,,,,,,TRAIN
2019-05-16,1.1209505796432495,1.122435212135315,1.1174308061599731,1.1207244396209717,0.0,1.2845875024795532,1.2855123281478882,1.2790340185165403,1.2847524881362915,0.0,1285.199951171875,1285.4000244140625,1285.0,1285.0,3.0,62.119998931884766,63.47999954223633,62.08000183105469,62.869998931884766,545679.0,2.39,255.296,116.0346,15.29,2.4,0,,,,,,TRAIN
2019-05-17,1.117480754852295,1.1184431314468384,1.1157352924346924,1.1173559427261353,0.0,1.2797870635986328,1.2799180746078491,1.2721351385116575,1.2797706127166748,0.0,1280.0,1280.0,1274.5,1274.5,1.0,63.119998931884766,63.63999938964844,62.52000045776367,62.7599983215332,215802.0,2.39,255.296,116.448,15.96,2.39,0,,,,,,TRAIN
2019-05-20,1.1165324449539185,1.1177005767822266,1.11512553691864,1.1165324449539185,0.0,1.2730258703231812,1.27575421333313,1.2716821432113647,1.2731555700302124,0.0,1276.0999755859375,1276.0999755859375,1276.0999755859375,1276.0999755859375,20.0,63.52999877929688,63.810001373291016,62.45000076293945,63.09999847412109,131888.0,2.39,255.296,116.3119,16.31,2.41,0,,,,,,TRAIN
2019-05-21,1.1169440746307373,1.11831796169281,1.1142433881759644,1.1168566942214966,0.0,1.272782802581787,1.2794268131256104,1.268617033958435,1.2729123830795288,0.0,1272.0,1272.0,1272.0,1272.0,0.0,63.27999877929688,63.59999847412109,62.75,62.9900016784668,641680.0,2.39,255.296,116.2844,14.95,2.43,0,,,,,,TRAIN
2019-05-22,,,,,,,,,,,1273.5999755859375,1273.5999755859375,1273.5999755859375,1273.5999755859375,0.0,62.63999938964844,62.77999877929688,61.02999877929688,61.41999816894531,766728.0,2.39,255.296,116.2412,14.75,2.39,0,,,,,,TRAIN
2019-05-23,1.115511178970337,1.1172809600830078,1.1109507083892822,1.1155484914779663,0.0,1.2663357257843018,1.268343448638916,1.2605888843536377,1.2664159536361694,0.0,1284.800048828125,1284.800048828125,1284.800048828125,1284.800048828125,0.0,61.27000045776367,61.290000915527344,57.33000183105469,57.90999984741211,1108052.0,2.39,255.296,116.2368,16.92,2.31,0,,,,,,TRAIN
2019-05-24,1.1183805465698242,1.1212018728256226,1.1178054809570312,1.1184556484222412,0.0,1.2664639949798584,1.2717145681381226,1.2649421691894531,1.2664639949798584,0.0,1283.0,1283.0,1283.0,1283.0,9.0,58.209999084472656,59.09999847412109,57.5,58.630001068115234,758099.0,2.39,255.296,116.0806,15.85,2.32,0,,,,,,TRAIN
2019-05-27,1.1206364631652832,1.1218308210372925,1.118806004524231,1.1209630966186523,0.0,1.2722808122634888,1.2748597860336304,1.2668330669403076,1.2724751234054563,0.0,,,,,,,,,,,2.39,255.296,116.0806,15.85,2.32,0,,,,,,TRAIN
2019-05-28,1.1193571090698242,1.1199462413787842,1.1171810626983645,1.11938214302063,0.0,1.268086075782776,1.2700024843215942,1.26558256149292,1.2682307958602903,0.0,1276.5,1276.5,1276.5,1276.5,0.0,58.93999862670898,59.56999969482422,58.130001068115234,59.13999938964844,1020323.0,2.39,255.296,116.3174,17.5,2.26,0,,,,,,TRAIN
2019-05-29,1.1170687675476074,1.1175681352615356,1.1125946044921875,1.1170687675476074,0.0,1.265982985496521,1.2669614553451538,1.2612568140029907,1.2659670114517212,0.0,1280.5999755859375,1280.5999755859375,1280.5999755859375,1280.5999755859375,189694.0,59.06999969482422,59.13999938964844,56.880001068115234,58.810001373291016,1124959.0,2.39,255.296,116.5535,17.9,2.25,0,,,,,,TRAIN
2019-05-30,1.113833785057068,1.1146035194396973,1.1118524074554443,1.1137346029281616,0.0,1.2629451751708984,1.2640626430511477,1.2583998441696167,1.2629451751708984,0.0,1279.4000244140625,1288.300048828125,1273.9000244140625,1287.0999755859375,55573.0,59.119998931884766,59.70000076293945,56.33000183105469,56.59000015258789,842281.0,2.39,255.296,116.3989,17.3,2.22,0,,,,,,TRAIN
2019-05-31,1.1129908561706543,1.1179429292678833,1.1126564741134644,1.1131147146224976,0.0,1.2607001066207886,1.2636473178863523,1.2560131549835205,1.2609704732894895,0.0,1287.699951171875,1306.4000244140625,1287.5,1305.800048828125,2814.0,56.459999084472656,56.61000061035156,53.04999923706055,53.5,1031488.0,2.39,255.296,116.7273,18.71,2.14,1,TARIFF,Trump threatens 5% tariff on all Mexican imports over immigration,HIGH,"EURUSD,GBPUSD,GOLD,OIL",TRAIN,TRAIN
2019-06-03,1.1173434257507324,1.1211000680923462,1.1162209510803225,1.1174057722091677,0.0,1.2640467882156372,1.2658227682113647,1.261304497718811,1.2639508247375488,0.0,1307.0,1327.800048828125,1307.0,1322.699951171875,812.0,53.41999816894531,54.630001068115234,52.11000061035156,53.25,984308.0,2.38,255.213,116.4764,18.86,2.07,0,,,,,,TRAIN
2019-06-04,1.1245558261871338,1.1277772188186646,1.1227755546569824,1.124631643295288,0.0,1.2663036584854126,1.2705835103988647,1.2644623517990112,1.2664159536361694,0.0,1324.300048828125,1328.5999755859375,1320.800048828125,1323.4000244140625,302.0,52.88999938964844,53.77999877929688,52.43000030517578,53.47999954223633,831625.0,2.38,255.213,116.091,16.97,2.12,0,,,,,,TRAIN
2019-06-05,1.1255050897598269,1.130454421043396,1.123987078666687,1.1254037618637085,0.0,1.2703735828399658,1.2744048833847046,1.2693254947662354,1.2702767848968506,0.0,1328.9000244140625,1343.300048828125,1326.300048828125,1328.300048828125,622.0,52.86000061035156,53.40999984741211,50.59999847412109,51.68000030517578,943186.0,2.38,255.213,116.03,16.09,2.12,0,,,,,,TRAIN
2019-06-06,1.122725009918213,1.1307867765426636,1.1223849058151243,1.1229015588760376,0.0,1.2686814069747925,1.2741937637329102,1.2669614553451538,1.2688584327697754,0.0,1330.800048828125,1338.699951171875,1326.199951171875,1337.5999755859375,161.0,51.65999984741211,53.29999923706055,51.16999816894531,52.59000015258789,790067.0,2.38,255.213,115.9771,15.93,2.12,0,,,,,,TRAIN
2019-06-07,1.127548336982727,1.1348161697387695,1.1253150701522827,1.127650022506714,0.0,1.269841194152832,1.2761775255203247,1.2689388990402222,1.269841194152832,0.0,1333.0999755859375,1347.699951171875,1329.800048828125,1341.199951171875,240.0,53.09999847412109,54.31999969482422,52.619998931884766,53.9900016784668,828133.0,2.38,255.213,115.7368,16.3,2.09,0,,,,,,TRAIN
2019-06-10,1.1319003105163574,1.1326953172683716,1.12920343875885,1.1320157051086426,0.0,1.27226459980011,1.2729123830795288,1.2656145095825195,1.2722970247268677,0.0,1335.800048828125,1336.5,1324.0999755859375,1324.699951171875,268.0,54.2400016784668,54.84000015258789,53.04999923706055,53.2599983215332,687146.0,2.38,255.213,115.5001,15.94,2.15,1,TARIFF,US indefinitely suspends threatened Mexico tariffs,MEDIUM,"EURUSD,GBPUSD,GOLD,OIL",TRAIN,TRAIN
2019-06-11,1.1318362951278689,1.1332728862762451,1.13047993183136,1.1318106651306152,0.0,1.2692127227783203,1.2727665901184082,1.2672985792160034,1.2691160440444946,0.0,1328.4000244140625,1328.4000244140625,1319.0999755859375,1326.4000244140625,201.0,53.43000030517578,54.040000915527344,52.90999984741211,53.27000045776367,642940.0,2.38,255.213,115.3794,15.99,2.15,0,,,,,,TRAIN
2019-06-12,1.132939100265503,1.1343011856079102,1.1308507919311523,1.1329518556594849,0.0,1.2723132371902466,1.27586829662323,1.268842339515686,1.2724426984786987,0.0,1326.9000244140625,1334.5,1326.9000244140625,1331.9000244140625,139.0,53.040000915527344,53.04999923706055,50.720001220703125,51.13999938964844,786105.0,2.38,255.213,115.438,15.91,2.13,0,,,,,,TRAIN
2019-06-13,1.1293054819107056,1.1305004358291626,1.127116084098816,1.1295605897903442,0.0,1.269357681274414,1.2705672979354858,1.266496181488037,1.2693415880203247,0.0,1331.5999755859375,1341.0999755859375,1331.5999755859375,1339.199951171875,157.0,51.06999969482422,53.45000076293945,50.91999816894531,52.27999877929688,945024.0,2.38,255.213,115.6275,15.82,2.1,0,,,,,,TRAIN
2019-06-14,1.127955198287964,1.1290504932403564,1.1215037107467651,1.128044366836548,0.0,1.2679896354675293,1.268391728401184,1.2590177059173584,1.268005609512329,0.0,1345.4000244140625,1355.4000244140625,1339.300048828125,1340.0999755859375,914.0,52.18000030517578,52.97999954223633,51.70000076293945,52.5099983215332,574229.0,2.38,255.213,115.9057,15.28,2.09,0,,,,,,TRAIN
2019-06-17,1.121604323387146,1.1246000528335571,1.1205360889434814,1.1217050552368164,0.0,1.2594457864761353,1.2605571746826172,1.2555242776870728,1.2596044540405271,0.0,1339.0,1340.300048828125,1335.0,1338.699951171875,76.0,52.5,52.7400016784668,51.58000183105469,51.93000030517578,397868.0,2.38,255.213,115.9684,15.35,2.09,0,,,,,,TRAIN
2019-06-18,1.12271249294281,1.12440025806427,1.1182304620742798,1.1224603652954102,0.0,1.2540600299835205,1.2560920715332031,1.25071918964386,1.2541544437408447,0.0,1349.300048828125,1349.300048828125,1341.5999755859375,1346.5999755859375,29.0,51.95000076293945,54.310001373291016,51.5,53.900001525878906,181640.0,2.38,255.213,115.8797,15.15,2.06,0,,,,,,TRAIN
2019-06-19,1.1197456121444702,1.1222084760665894,1.1188685894012451,1.1198208332061768,0.0,1.2566444873809814,1.26385498046875,1.2545477151870728,1.2566603422164917,0.0,1344.0,1344.5999755859375,1344.0,1344.5999755859375,129.0,54.09000015258789,54.41999816894531,53.27999877929688,53.7599983215332,122838.0,2.38,255.213,115.7889,14.33,2.03,0,,,,,,TRAIN
2019-06-20,1.1235828399658203,1.1315160989761353,1.1235828399658203,1.1238480806350708,0.0,1.2653743028640747,1.2725722789764404,1.2653743028640747,1.2656625509262085,0.0,1381.5,1392.9000244140625,1379.5,1392.9000244140625,76.0,54.119998931884766,57.02000045776367,54.11000061035156,56.650001525878906,854514.0,2.38,255.213,114.8046,14.75,2.01,0,,,,,,TRAIN
2019-06-21,1.1293182373046875,1.1333370208740234,1.1283625364303589,1.1295605897903442,0.0,1.270551085472107,1.2724426984786987,1.2644941806793213,1.270793318748474,0.0,1406.0,1406.0,1390.300048828125,1396.199951171875,35.0,57.2599983215332,57.97999954223633,56.65999984741211,57.43000030517578,676047.0,2.38,255.213,114.8377,15.4,2.07,0,,,,,,TRAIN
2019-06-24,1.1383039951324463,1.1401208639144895,1.1373846530914309,1.1384724378585815,0.0,1.2750548124313354,1.276666283607483,1.2711002826690674,1.2750873565673828,0.0,1406.0,1420.5999755859375,1402.0999755859375,1414.300048828125,125.0,57.720001220703125,58.220001220703125,56.75,57.900001525878906,597164.0,2.38,255.213,114.6559,15.26,2.02,0,,,,,,TRAIN
2019-06-25,1.1400169134140017,1.141396164894104,1.1378376483917236,1.140029788017273,0.0,1.2739503383636477,1.2783963680267334,1.2712457180023191,1.2739664316177368,0.0,1418.0999755859375,1433.300048828125,1414.9000244140625,1414.9000244140625,105.0,57.7400016784668,58.84000015258789,57.20000076293945,57.83000183105469,673140.0,2.38,255.213,114.6363,16.28,2.0,0,,,,,,TRAIN
2019-06-26,1.1368545293807983,1.138952136039734,1.1350866556167605,1.1369967460632324,0.0,1.269083857536316,1.2706964015960691,1.2664159536361694,1.2690677642822266,0.0,1407.199951171875,1413.300048828125,1405.800048828125,1411.5999755859375,1333.0,58.84000015258789,59.93000030517578,58.650001525878906,59.380001068115234,686817.0,2.38,255.213,114.5608,16.21,2.05,0,,,,,,TRAIN
2019-06-27,1.1374623775482178,1.1383039951324463,1.1348419189453125,1.1374752521514893,0.0,1.2695671319961548,1.2724264860153198,1.266688585281372,1.269841194152832,0.0,1407.0,1410.800048828125,1399.800048828125,1408.4000244140625,437.0,59.27000045776367,59.72999954223633,58.61000061035156,59.43000030517578,531405.0,2.38,255.213,114.665,15.82,2.01,0,,,,,,TRAIN
2019-06-28,1.1371389627456665,1.1393414735794067,1.1361312866210938,1.1372941732406616,0.0,1.26739501953125,1.273414969444275,1.2666083574295044,1.267748475074768,0.0,1408.300048828125,1422.0,1408.300048828125,1409.699951171875,356.0,59.220001220703125,59.79999923706055,57.75,58.470001220703125,556101.0,2.38,255.213,114.5821,15.08,2.0,0,,,,,,TRAIN
2019-07-01,1.1363636255264282,1.1367511749267578,1.1305694580078125,1.1364928483963013,0.0,1.2693737745285034,1.270809531211853,1.263296127319336,1.2694543600082395,0.0,1386.5999755859375,1395.800048828125,1382.800048828125,1385.5999755859375,214.0,59.27000045776367,60.27999877929688,58.34000015258789,59.09000015258789,674887.0,2.4,255.802,114.7239,14.06,2.03,0,,,,,,TRAIN
2019-07-02,1.1287063360214231,1.1321053504943848,1.1276754140853882,1.1287446022033691,0.0,1.2644143104553225,1.2648621797561646,1.2586374282836914,1.2644623517990112,0.0,1391.0999755859375,1418.4000244140625,1390.800048828125,1404.5999755859375,38.0,59.13999938964844,59.43000030517578,56.09000015258789,56.25,878938.0,2.4,255.802,114.8258,12.93,1.98,0,,,,,,TRAIN
2019-07-03,1.1290887594223022,1.1305310726165771,1.127039909362793,1.1293054819107056,0.0,1.2597631216049194,1.2602394819259644,1.2558870315551758,1.25982666015625,0.0,1431.0,1434.0,1413.0999755859375,1417.699951171875,46.0,56.4900016784668,57.47999954223633,56.040000915527344,57.34000015258789,600131.0,2.4,255.802,114.8135,12.57,1.96,0,,,,,,TRAIN
2019-07-04,1.128795504570007,1.1298158168792725,1.1274338960647583,1.128795504570007,0.0,1.2583839893341064,1.2592872381210327,1.2570552825927734,1.2582731246948242,0.0,,,,,,,,,,,2.4,255.802,114.8135,12.57,1.96,0,,,,,,TRAIN
2019-07-05,1.128604531288147,1.128795504570007,1.120824933052063,1.128579020500183,0.0,1.2583364248275757,1.2587007284164429,1.248299241065979,1.2583048343658447,0.0,1418.300048828125,1418.300048828125,1390.199951171875,1396.699951171875,20.0,57.380001068115234,57.81999969482422,56.290000915527344,57.5099983215332,698015.0,2.4,255.802,115.1132,13.28,2.04,0,,,,,,TRAIN
2019-07-08,1.1227880716323853,1.123721718788147,1.1208375692367554,1.1227376461029053,0.0,1.2526148557662964,1.2540757656097412,1.2501249313354492,1.2525520324707031,0.0,1395.9000244140625,1397.0,1393.5999755859375,1397.0,14.0,57.77000045776367,58.459999084472656,57.29999923706055,57.65999984741211,540861.0,2.4,255.802,115.0254,13.96,2.05,0,,,,,,TRAIN
2019-07-09,1.12147855758667,1.1222084760665894,1.1195324659347534,1.121604323387146,0.0,1.251877784729004,1.2520345449447632,1.244121551513672,1.2516427040100098,0.0,1394.5,1397.5,1386.199951171875,1397.5,53.0,57.560001373291016,59.09999847412109,57.290000915527344,57.83000183105469,551872.0,2.4,255.802,115.1017,14.09,2.07,0,,,,,,TRAIN
2019-07-10,1.1204607486724854,1.1262998580932615,1.1202598810195925,1.120824933052063,0.0,1.245733380317688,1.252112865447998,1.244524002075195,1.2458575963974,0.0,1409.9000244140625,1410.0999755859375,1409.9000244140625,1410.0999755859375,50.0,58.400001525878906,60.52999877929688,58.34999847412109,60.43000030517578,690656.0,2.4,255.802,115.0879,13.03,2.07,0,,,,,,TRAIN
2019-07-11,1.1261261701583862,1.128795504570007,1.1251758337020874,1.125885248184204,0.0,1.2506252527236938,1.257228970527649,1.2506252527236938,1.2508130073547363,0.0,1424.0,1424.0,1404.300048828125,1404.300048828125,6.0,60.43999862670898,60.93999862670898,60.13999938964844,60.20000076293945,573019.0,2.4,255.802,114.8361,12.93,2.13,0,,,,,,TRAIN
2019-07-12,1.1250239610671997,1.1278001070022583,1.123974323272705,1.1252391338348389,0.0,1.2522697448730469,1.256265640258789,1.2522697448730469,1.2523481845855713,0.0,1405.5999755859375,1410.0999755859375,1405.5999755859375,1409.9000244140625,8.0,60.459999084472656,60.7400016784668,59.93000030517578,60.209999084472656,469029.0,2.4,255.802,114.7685,12.39,2.12,0,,,,,,TRAIN
2019-07-15,1.1271796226501465,1.1285994052886963,1.125568389892578,1.1272051334381104,0.0,1.257228970527649,1.2576401233673096,1.2511886358261108,1.2571974992752075,0.0,1414.4000244140625,1415.0,1411.4000244140625,1411.4000244140625,25.0,60.25,60.91999816894531,59.20000076293945,59.58000183105469,566818.0,2.4,255.802,114.6819,12.68,2.09,0,,,,,,TRAIN
2019-07-16,1.1260881423950195,1.126633644104004,1.1209003925323486,1.126176834106445,0.0,1.2520345449447632,1.2520345449447632,1.2397410869598389,1.251799464225769,0.0,1413.5999755859375,1413.699951171875,1405.0,1409.199951171875,13.0,59.2599983215332,60.060001373291016,57.06999969482422,57.619998931884766,712540.0,2.4,255.802,115.0111,12.86,2.13,0,,,,,,TRAIN
2019-07-17,1.1213276386260986,1.123342990875244,1.1201093196868896,1.121227145195007,0.0,1.2408795356750488,1.2439358234405518,1.2383440732955933,1.2412029504776,0.0,1404.5999755859375,1421.300048828125,1404.5999755859375,1421.300048828125,6.0,57.52000045776367,58.36000061035156,56.209999084472656,56.77999877929688,504432.0,2.4,255.802,114.8819,13.97,2.06,0,,,,,,TRAIN
2019-07-18,1.1227755546569824,1.1247328519821167,1.1206239461898804,1.12296462059021,0.0,1.2435026168823242,1.249547004699707,1.242915391921997,1.2434717416763306,0.0,1422.300048828125,1444.199951171875,1419.5,1426.0999755859375,66.0,56.59999847412109,57.31999969482422,54.720001220703125,55.29999923706055,215361.0,2.4,255.802,114.8744,13.53,2.04,0,,,,,,TRAIN
2019-07-19,1.1261515617370603,1.1271415948867798,1.1215037107467651,1.1261515617370603,0.0,1.2543903589248655,1.2554926872253418,1.249640703201294,1.2541857957839966,0.0,1440.5,1442.0,1425.0999755859375,1425.0999755859375,22.0,55.720001220703125,56.36000061035156,54.9900016784668,55.630001068115234,105217.0,2.4,255.802,114.8695,14.45,2.05,0,,,,,,TRAIN
2019-07-22,1.1218056678771973,1.12271249294281,1.1208375692367554,1.1218308210372925,0.0,1.2510321140289309,1.251564383506775,1.2457643747329712,1.2512825727462769,0.0,1425.300048828125,1425.300048828125,1424.0,1425.300048828125,1.0,56.220001220703125,56.84000015258789,55.720001220703125,56.220001220703125,619483.0,2.4,255.802,115.0018,13.53,2.05,0,,,,,,TRAIN
2019-07-23,1.1204984188079834,1.121076226234436,1.1149640083312988,1.1206114292144775,0.0,1.247302770614624,1.2481745481491089,1.2420353889465332,1.2474894523620603,0.0,1418.5999755859375,1421.300048828125,1416.300048828125,1420.0999755859375,5.0,56.16999816894531,57.470001220703125,55.7400016784668,56.77000045776367,521876.0,2.4,255.802,115.2995,12.61,2.08,0,,,,,,TRAIN
2019-07-24,1.115100622177124,1.1155734062194824,1.1130032539367676,1.11512553691864,0.0,1.2437810897827148,1.2521286010742188,1.2429462671279907,1.243904948234558,0.0,1422.800048828125,1422.800048828125,1422.800048828125,1422.800048828125,20.0,57.22999954223633,57.63999938964844,55.33000183105469,55.880001068115234,745248.0,2.4,255.802,115.2436,12.07,2.05,0,,,,,,TRAIN
2019-07-25,1.114230990409851,1.1186933517456057,1.110383152961731,1.1142433881759644,0.0,1.2485641241073608,1.251799464225769,1.2465252876281738,1.2485953569412231,0.0,1413.9000244140625,1413.9000244140625,1413.9000244140625,1413.9000244140625,4.0,55.900001525878906,56.9900016784668,55.810001373291016,56.02000045776367,559282.0,2.4,255.802,115.2982,12.74,2.08,0,,,,,,TRAIN
2019-07-26,1.1145166158676147,1.1153244972229004,1.1115680932998655,1.1146159172058103,0.0,1.2453765869140625,1.2459505796432495,1.2377768754959106,1.2453454732894895,0.0,1422.800048828125,1423.0,1418.5,1418.5,5.0,55.93000030517578,56.56999969482422,55.68000030517578,56.20000076293945,476785.0,2.4,255.802,115.5449,12.16,2.08,0,,,,,,TRAIN
2019-07-29,1.113089919090271,1.1144545078277588,1.1114444732666016,1.1132138967514038,0.0,1.2377768754959106,1.23839008808136,1.2215979099273682,1.2376697063446045,0.0,1419.5999755859375,1419.5999755859375,1419.5999755859375,1419.5999755859375,224267.0,56.20000076293945,57.09999847412109,55.810001373291016,56.869998931884766,529742.0,2.4,255.802,115.5885,12.83,2.06,0,,,,,,TRAIN
2019-07-30,1.1142184734344482,1.1158099174499512,1.1133253574371338,1.1143054962158203,0.0,1.2217471599578855,1.2220158576965332,1.212106466293335,1.2217471599578855,0.0,1426.300048828125,1433.9000244140625,1422.0999755859375,1429.699951171875,73874.0,57.06999969482422,58.470001220703125,56.959999084472656,58.04999923706055,547401.0,2.4,255.802,115.6211,13.94,2.06,0,,,,,,TRAIN
2019-07-31,1.1157352924346924,1.1164453029632568,1.1127803325653076,1.1157974004745483,0.0,1.215790629386902,1.224679708480835,1.2147272825241089,1.2161602973937988,0.0,1431.300048828125,1435.800048828125,1411.199951171875,1426.0999755859375,3294.0,58.34000015258789,58.81999969482422,57.810001373291016,58.58000183105469,614001.0,2.4,255.802,115.4946,16.12,2.02,0,,,,,,TRAIN
2019-08-01,1.1072235107421875,1.1072970628738403,1.1027547121047974,1.107174515724182,0.0,1.2154655456542969,1.2154655456542969,1.2081964015960691,1.215376853942871,0.0,1411.300048828125,1445.199951171875,1400.9000244140625,1420.9000244140625,2431.0,57.84999847412109,57.9900016784668,53.59000015258789,53.95000076293945,886748.0,2.13,256.036,116.0499,17.87,1.9,1,TARIFF,Trump announces 10% tariff on additional $300B Chinese goods,HIGH,"EURUSD,GBPUSD,GOLD,OIL",TRAIN,TRAIN
2019-08-02,1.1081806421279907,1.1114197969436646,1.1070764064788818,1.1078859567642212,0.0,1.2127238512039185,1.2144912481307983,1.2091752290725708,1.2124298810958862,0.0,1448.0,1448.0,1432.300048828125,1445.5999755859375,1873.0,54.540000915527344,56.04999923706055,54.150001525878906,55.65999984741211,739810.0,2.13,256.036,116.1864,17.61,1.86,0,,,,,,TRAIN
2019-08-05,1.1107407808303833,1.1199462413787842,1.1107407808303833,1.1108025312423706,0.0,1.2149192094802856,1.21881365776062,1.210316777229309,1.215214490890503,0.0,1440.4000244140625,1469.699951171875,1440.4000244140625,1464.5999755859375,1008.0,55.380001068115234,55.61000061035156,54.220001220703125,54.68999862670898,823844.0,2.13,256.036,116.5851,24.59,1.75,0,,,,,,TRAIN
2019-08-06,1.1242650747299194,1.1249732971191406,1.1170687675476074,1.1243788003921509,0.0,1.2156133651733398,1.2209714651107788,1.2142847776412964,1.2158203125,0.0,1469.699951171875,1475.0,1457.699951171875,1472.4000244140625,460.0,54.95000076293945,55.41999816894531,53.290000915527344,53.630001068115234,682794.0,2.13,256.036,116.6904,20.17,1.73,0,,,,,,TRAIN
2019-08-07,1.1205862760543823,1.1240994930267334,1.1180930137634275,1.1206992864608765,0.0,1.2172261476516724,1.2191405296325684,1.212224006652832,1.2169743776321411,0.0,1473.5,1509.9000244140625,1473.199951171875,1507.300048828125,824.0,53.41999816894531,53.77000045776367,50.52000045776367,51.09000015258789,1063214.0,2.13,256.036,116.7987,19.49,1.71,0,,,,,,TRAIN
2019-08-08,1.120485782623291,1.1228384971618652,1.1184431314468384,1.12043559551239,0.0,1.2141668796539309,1.2183235883712769,1.2097749710083008,1.2143291234970093,0.0,1498.4000244140625,1508.5,1492.0,1497.699951171875,367.0,52.33000183105469,53.060001373291016,51.93999862670898,52.540000915527344,724762.0,2.13,256.036,116.474,16.91,1.72,0,,,,,,TRAIN
2019-08-09,1.118730902671814,1.121981859207153,1.11840558052063,1.1187183856964111,0.0,1.2144765853881836,1.2147716283798218,1.2057344913482666,1.2143733501434326,0.0,1506.199951171875,1507.5,1495.5999755859375,1496.5999755859375,74.0,52.880001068115234,54.91999816894531,52.369998931884766,54.5,726386.0,2.13,256.036,116.4419,17.97,1.74,0,,,,,,TRAIN
2019-08-12,1.1206867694854736,1.1230276823043823,1.1163331270217896,1.1208499670028689,0.0,1.2021976709365845,1.2100677490234375,1.2019230127334597,1.2021976709365845,0.0,1496.0,1514.9000244140625,1488.0999755859375,1505.300048828125,257.0,54.31999969482422,55.18000030517578,53.540000915527344,54.93000030517578,611027.0,2.13,256.036,116.7548,21.09,1.65,0,,,,,,TRAIN
2019-08-13,1.1218308210372925,1.1228259801864624,1.117817997932434,1.1218308210372925,0.0,1.2080212831497192,1.209760308265686,1.204355001449585,1.207875370979309,0.0,1510.4000244140625,1531.4000244140625,1483.699951171875,1502.199951171875,672.0,54.72999954223633,57.470001220703125,54.209999084472656,57.09999847412109,783486.0,2.13,256.036,116.7267,17.52,1.68,0,,,,,,TRAIN
2019-08-14,1.1177555322647097,1.1191002130508425,1.1139951944351196,1.1177055835723877,0.0,1.2064181566238403,1.209994554519653,1.2046741247177124,1.2064181566238403,0.0,1500.0,1520.5,1497.0,1515.9000244140625,328.0,56.7400016784668,56.84999847412109,53.970001220703125,55.22999954223633,718293.0,2.13,256.036,117.0913,22.1,1.59,0,,,,,,TRAIN
2019-08-15,1.114504098892212,1.1158995628356934,1.1095577478408811,1.1143302917480469,0.0,1.2060399055480957,1.2142553329467771,1.2051095962524414,1.2060399055480957,0.0,1519.800048828125,1522.699951171875,1510.5999755859375,1519.5999755859375,87.0,54.900001525878906,55.33000183105469,53.77000045776367,54.470001220703125,527866.0,2.13,256.036,117.2239,21.18,1.52,0,,,,,,TRAIN
2019-08-16,1.1111358404159546,1.1113580465316772,1.1067456007003784,1.1113580465316772,0.0,1.2092190980911257,1.217730164527893,1.208313226699829,1.209160566329956,0.0,1524.5999755859375,1524.5999755859375,1504.699951171875,1512.5,1815.0,54.7400016784668,55.66999816894531,54.2599983215332,54.869998931884766,168345.0,2.13,256.036,117.0786,18.47,1.55,0,,,,,,TRAIN
2019-08-19,1.109385371208191,1.1110000610351562,1.108819603919983,1.109385371208191,0.0,1.2159829139709473,1.2172706127166748,1.2105804681777954,1.2161011695861816,0.0,1507.199951171875,1507.5999755859375,1492.9000244140625,1500.4000244140625,205.0,54.959999084472656,56.40999984741211,54.84000015258789,56.209999084472656,113571.0,2.13,256.036,117.3886,16.88,1.6,0,,,,,,TRAIN
2019-08-20,1.1082541942596436,1.1099001169204712,1.1068925857543943,1.1083157062530518,0.0,1.212973952293396,1.21672260761261,1.206694722175598,1.2131506204605105,0.0,1497.5,1506.0999755859375,1497.5,1504.5999755859375,486.0,56.09999847412109,56.59999847412109,55.27999877929688,56.34000015258789,659258.0,2.13,256.036,117.3726,17.5,1.55,0,,,,,,TRAIN
2019-08-21,1.1098532676696775,1.1107407808303833,1.1088809967041016,1.1097793579101562,0.0,1.216530203819275,1.217581868171692,1.211475133895874,1.21623432636261,0.0,1504.9000244140625,1505.0,1498.800048828125,1504.5999755859375,350.0,56.04999923706055,57.130001068115234,55.54999923706055,55.68000030517578,704035.0,2.13,256.036,117.1764,15.8,1.59,0,,,,,,TRAIN
2019-08-22,1.1090408563613892,1.1114000082015991,1.1064517498016355,1.10907781124115,0.0,1.2131506204605105,1.226978778839111,1.2109616994857788,1.213224172592163,0.0,1495.0999755859375,1497.300048828125,1493.800048828125,1497.300048828125,686.0,55.93999862670898,56.459999084472656,54.84999847412109,55.34999847412109,621573.0,2.13,256.036,117.3558,16.68,1.62,0,,,,,,TRAIN
2019-08-23,1.1083279848098757,1.1149004697799685,1.105299711227417,1.108401656150818,0.0,1.225144863128662,1.227792263031006,1.2196460962295532,1.2251899242401123,0.0,1493.5,1527.5999755859375,1493.5,1526.5999755859375,983.0,55.34999847412109,55.59999847412109,53.2400016784668,54.16999816894531,807151.0,2.13,256.036,117.3009,19.87,1.52,1,TARIFF,China retaliates; US raises tariff rates further,HIGH,"EURUSD,GBPUSD,GOLD,OIL",TRAIN,TRAIN
2019-08-26,1.1143054962158203,1.1152499914169312,1.110839605331421,1.1143054962158203,0.0,1.2261964082717896,1.228380560874939,1.2209415435791016,1.2262415885925293,0.0,1543.199951171875,1543.300048828125,1524.300048828125,1526.300048828125,334.0,53.25,55.2599983215332,52.959999084472656,53.63999938964844,679022.0,2.13,256.036,117.6658,19.32,1.54,0,,,,,,TRAIN
2019-08-27,1.110111951828003,1.1118524074554443,1.1088809967041016,1.1103708744049072,0.0,1.2221651077270508,1.2305269241333008,1.2210012674331665,1.222195029258728,0.0,1530.5,1542.0999755859375,1528.5,1541.0,166.0,53.7599983215332,55.720001220703125,53.68999862670898,54.93000030517578,596624.0,2.13,256.036,117.75,20.31,1.49,0,,,,,,TRAIN
2019-08-28,1.109004020690918,1.1100010871887207,1.107444167137146,1.109004020690918,0.0,1.2282146215438845,1.2289540767669678,1.216367483139038,1.2283201217651367,0.0,1538.0999755859375,1538.0999755859375,1537.800048828125,1537.800048828125,2756.0,55.709999084472656,56.75,55.34000015258789,55.77999877929688,674048.0,2.13,256.036,117.8767,19.35,1.47,0,,,,,,TRAIN
2019-08-29,1.1085368394851685,1.1090162992477417,1.1056197881698608,1.1085859537124634,0.0,1.2217471599578855,1.2231069803237915,1.2184572219848633,1.2218515872955322,0.0,1537.5,1549.300048828125,1519.5999755859375,1526.5,704.0,55.880001068115234,56.88999938964844,55.43000030517578,56.709999084472656,630760.0,2.13,256.036,118.0625,17.88,1.5,0,,,,,,TRAIN
2019-08-30,1.1059622764587402,1.106096863746643,1.0987199544906616,1.1061947345733645,0.0,1.2185314893722534,1.2223743200302124,1.216219425201416,1.218650221824646,0.0,1524.5999755859375,1530.4000244140625,1516.699951171875,1519.0999755859375,276.0,56.630001068115234,56.720001220703125,54.54999923706055,55.09999847412109,708268.0,2.13,256.036,118.1575,18.98,1.5,0,,,,,,TRAIN
2019-09-02,1.0990943908691406,1.0997470617294312,1.0958784818649292,1.099178910255432,0.0,1.2159385681152344,1.217581868171692,1.203905463218689,1.21592378616333,0.0,,,,,,,,,,,2.04,256.43,118.1575,18.98,1.5,1,TARIFF,Stage 4A tariffs take effect: 15% on ~$112B goods,HIGH,"EURUSD,GBPUSD,GOLD,OIL",TRAIN,TRAIN
2019-09-03,1.096731662750244,1.0977309942245483,1.0930395126342771,1.0968520641326904,0.0,1.2065346240997314,1.2102434635162354,1.1959433555603027,1.2066656351089478,0.0,1522.9000244140625,1547.300048828125,1521.0,1545.9000244140625,139.0,55.0,55.2400016784668,52.84000015258789,53.93999862670898,970804.0,2.04,256.43,118.3113,19.66,1.47,0,,,,,,TRAIN
2019-09-04,1.0973576307296753,1.103499412536621,1.0972732305526731,1.0974539518356323,0.0,1.209189772605896,1.222045660018921,1.2086782455444336,1.2090436220169067,0.0,1549.0,1553.199951171875,1534.800048828125,1550.300048828125,46.0,53.91999816894531,56.58000183105469,53.84000015258789,56.2599983215332,682298.0,2.04,256.43,117.6729,17.33,1.47,0,,,,,,TRAIN
2019-09-05,1.1037527322769165,1.1082788705825806,1.1018311977386477,1.10349702835083,0.0,1.2245447635650637,1.2353304624557495,1.2212995290756226,1.2248897552490234,0.0,1551.0,1551.0999755859375,1511.0999755859375,1515.4000244140625,125.0,55.95000076293945,57.7599983215332,55.75,56.29999923706055,712466.0,2.04,256.43,117.4776,16.27,1.57,0,,,,,,TRAIN
2019-09-06,1.1036310195922852,1.10574209690094,1.1021226644515991,1.1036310195922852,0.0,1.2325897216796875,1.2344155311584473,1.228893756866455,1.232392191886902,0.0,1517.300048828125,1526.0,1504.5,1506.199951171875,54.0,56.18999862670898,56.95000076293945,54.83000183105469,56.52000045776367,714294.0,2.04,256.43,117.1292,15.0,1.55,0,,,,,,TRAIN
2019-09-09,1.102074146270752,1.106525182723999,1.1016126871109009,1.1020619869232178,0.0,1.228697419166565,1.2381141185760498,1.223690629005432,1.228305101394653,0.0,1509.0,1513.0,1498.0,1502.199951171875,69.0,56.79999923706055,58.15999984741211,56.58000183105469,57.84999847412109,646993.0,2.04,256.43,117.0601,15.27,1.63,0,,,,,,TRAIN
2019-09-10,1.1047282218933103,1.1059499979019165,1.1031805276870728,1.1048381328582764,0.0,1.2346441745758057,1.2375165224075315,1.2308449745178225,1.2345373630523682,0.0,1498.5,1498.5,1486.9000244140625,1490.300048828125,23.0,58.02999877929688,58.7599983215332,57.20000076293945,57.400001525878906,755472.0,2.04,256.43,117.0887,15.2,1.72,0,,,,,,TRAIN
2019-09-11,1.1049723625183103,1.1058276891708374,1.0986233949661257,1.1050333976745603,0.0,1.235315203666687,1.2371184825897217,1.2322858572006226,1.2354830503463743,0.0,1491.699951171875,1496.5999755859375,1490.199951171875,1494.4000244140625,8.0,57.88999938964844,58.29999923706055,55.61000061035156,55.75,858772.0,2.04,256.43,117.3125,14.61,1.75,0,,,,,,TRAIN
2019-09-12,1.1014429330825806,1.1077508926391602,1.0929558277130127,1.101345777511597,0.0,1.2335171699523926,1.2359259128570557,1.2286370992660522,1.233471393585205,0.0,1499.5,1515.4000244140625,1498.699951171875,1498.699951171875,27.0,55.93000030517578,56.34000015258789,54.0,55.09000015258789,845977.0,2.04,256.43,116.8375,14.22,1.79,0,,,,,,TRAIN
2019-09-13,1.105766534805298,1.110913634300232,1.105766534805298,1.1058276891708374,0.0,1.2330456972122192,1.2470382452011108,1.232863187789917,1.2329391241073608,0.0,1490.9000244140625,1490.9000244140625,1486.9000244140625,1490.9000244140625,1.0,55.150001525878906,55.68000030517578,54.43999862670898,54.84999847412109,599470.0,2.04,256.43,116.7677,13.74,1.9,0,,,,,,TRAIN
2019-09-16,1.1084139347076416,1.108426213264465,1.099493145942688,1.1083402633666992,0.0,1.249843716621399,1.249843716621399,1.2402024269104004,1.2497344017028809,0.0,1506.5999755859375,1506.800048828125,1496.9000244140625,1503.0999755859375,21.0,61.47999954223633,63.380001068115234,58.77000045776367,62.900001525878906,1404916.0,2.04,256.43,117.0251,14.67,1.84,0,,,,,,TRAIN
2019-09-17,1.1004005670547483,1.1068068742752075,1.0992876291275024,1.100594401359558,0.0,1.2427300214767456,1.249531388282776,1.239464521408081,1.2428536415100098,0.0,1497.9000244140625,1505.0999755859375,1497.9000244140625,1505.0999755859375,3.0,61.959999084472656,62.59000015258789,58.459999084472656,59.34000015258789,993237.0,2.04,256.43,116.9826,14.44,1.81,0,,,,,,TRAIN
2019-09-18,1.1074320077896118,1.1077877283096311,1.1037527322769165,1.1074687242507937,0.0,1.250312566757202,1.2506252527236938,1.2441370487213137,1.2502655982971191,0.0,1508.9000244140625,1509.4000244140625,1489.300048828125,1507.5,8.0,58.810001373291016,59.43000030517578,57.66999816894531,58.11000061035156,216961.0,2.04,256.43,116.9766,13.95,1.8,0,,,,,,TRAIN
2019-09-19,1.1031439304351809,1.107499361038208,1.102353572845459,1.1031439304351809,0.0,1.247007131576538,1.24985933303833,1.2442454099655151,1.247053861618042,0.0,1496.0999755859375,1502.4000244140625,1496.0999755859375,1498.4000244140625,10.0,58.20000076293945,59.540000915527344,58.0099983215332,58.130001068115234,112327.0,2.04,256.43,117.0861,14.05,1.79,0,,,,,,TRAIN
2019-09-20,1.1046061515808103,1.106899976730347,1.0998800992965698,1.1048502922058103,0.0,1.2526618242263794,1.2583048343658447,1.2464786767959597,1.25250506401062,0.0,1503.0,1507.300048828125,1503.0,1507.300048828125,2.0,58.650001525878906,59.09999847412109,57.790000915527344,58.09000015258789,576019.0,2.04,256.43,117.1819,15.32,1.74,0,,,,,,TRAIN
2019-09-23,1.1019526720046997,1.102803349494934,1.0968279838562012,1.1019041538238523,0.0,1.2470849752426147,1.2491724491119385,1.2415266036987305,1.2471938133239746,0.0,1515.5,1523.699951171875,1515.5,1523.699951171875,5.0,59.25,59.38999938964844,57.369998931884766,58.63999938964844,526785.0,2.04,256.43,117.2986,14.91,1.72,0,,,,,,TRAIN
2019-09-24,1.0993722677230835,1.1013944149017334,1.0985147953033447,1.0993722677230835,0.0,1.2435646057128906,1.2502187490463257,1.2415573596954346,1.243456244468689,0.0,1515.0999755859375,1533.0,1515.0999755859375,1532.0999755859375,25.0,58.43999862670898,58.4900016784668,56.68999862670898,57.290000915527344,591529.0,2.04,256.43,117.2227,17.05,1.64,0,,,,,,TRAIN
2019-09-25,1.1015641689300537,1.1019283533096311,1.094834566116333,1.1016855239868164,0.0,1.2485953569412231,1.2487823963165283,1.2356815338134766,1.2485953569412231,0.0,1527.5999755859375,1527.9000244140625,1504.5999755859375,1504.5999755859375,25.0,56.70000076293945,57.02000045776367,55.54999923706055,56.4900016784668,563550.0,2.04,256.43,117.6527,15.96,1.73,0,,,,,,TRAIN
2019-09-26,1.0951822996139526,1.096731662750244,1.092514157295227,1.0952903032302856,0.0,1.2359259128570557,1.2380834817886353,1.2304966449737549,1.2359564304351809,0.0,1507.5,1507.5,1507.5,1507.5,8178.0,56.68999862670898,56.84000015258789,55.40999984741211,56.40999984741211,599653.0,2.04,256.43,117.7267,16.07,1.7,0,,,,,,TRAIN
2019-09-27,1.0923112630844116,1.095842361450195,1.0905839204788208,1.0922753810882568,0.0,1.2330456972122192,1.2336541414260864,1.227310061454773,1.2331976890563965,0.0,1504.199951171875,1506.0999755859375,1485.5999755859375,1499.0999755859375,7827.0,56.5099983215332,56.7599983215332,54.75,55.90999984741211,712966.0,2.04,256.43,117.7218,17.22,1.69,0,,,,,,TRAIN
2019-09-30,1.0941636562347412,1.0948106050491333,1.088767170906067,1.0942714214324951,0.0,1.229286551475525,1.2343850135803225,1.2284860610961914,1.2293167114257812,0.0,1495.9000244140625,1495.9000244140625,1463.5,1465.699951171875,1078.0,56.540000915527344,56.56999969482422,53.97999954223633,54.06999969482422,532522.0,2.04,256.43,117.9461,16.24,1.68,0,,,,,,TRAIN
2019-10-01,1.0899182558059692,1.093732833862305,1.0881510972976685,1.0899657011032104,0.0,1.2290599346160889,1.2313754558563232,1.221060872077942,1.2289994955062866,0.0,1468.699951171875,1485.5,1458.300048828125,1482.0,219.0,54.27999877929688,54.84000015258789,53.04999923706055,53.619998931884766,589176.0,1.83,257.155,117.9595,18.56,1.65,0,,,,,,TRAIN
2019-10-02,1.0935415029525757,1.0957943201065063,1.090524435043335,1.0934937000274658,0.0,1.2293167114257812,1.2317850589752195,1.2228676080703735,1.2292261123657229,0.0,1476.5999755859375,1503.699951171875,1474.0999755859375,1501.0,205.0,54.0,54.41999816894531,52.16999816894531,52.63999938964844,590306.0,1.83,257.155,117.9671,20.56,1.6,0,,,,,,TRAIN
2019-10-03,1.096202731132507,1.0998317003250122,1.0941877365112305,1.0963709354400637,0.0,1.2305269241333008,1.241264581680298,1.2266929149627686,1.230436086654663,0.0,1497.4000244140625,1518.199951171875,1496.5999755859375,1507.0999755859375,1213.0,52.470001220703125,52.90999984741211,50.9900016784668,52.45000076293945,642466.0,1.83,257.155,117.6608,19.12,1.54,0,,,,,,TRAIN
2019-10-04,1.0974900722503662,1.0992271900177002,1.0959144830703735,1.0975382328033447,0.0,1.2339890003204346,1.2357884645462036,1.227747082710266,1.2342326641082764,0.0,1505.5999755859375,1508.699951171875,1497.0999755859375,1506.199951171875,233.0,52.290000915527344,53.34999847412109,52.040000915527344,52.810001373291016,541104.0,1.83,257.155,117.5288,17.04,1.52,0,,,,,,TRAIN
2019-10-07,1.098659634590149,1.1001100540161133,1.0963709354400637,1.098659634590149,0.0,1.23350191116333,1.2338062524795532,1.2289540767669678,1.2334411144256592,0.0,1504.800048828125,1505.800048828125,1489.0999755859375,1497.699951171875,121.0,52.68999862670898,54.060001373291016,52.59000015258789,52.75,549019.0,1.83,257.155,117.5533,17.86,1.56,0,,,,,,TRAIN
2019-10-08,1.0972732305526731,1.0998003482818604,1.094666838645935,1.0972130298614502,0.0,1.228878617286682,1.2303149700164795,1.219928741455078,1.2288031578063965,0.0,1489.4000244140625,1506.300048828125,1489.300048828125,1497.199951171875,46.0,52.810001373291016,53.27000045776367,51.810001373291016,52.630001068115234,658324.0,1.83,257.155,117.7407,20.28,1.54,0,,,,,,TRAIN
2019-10-09,1.0960224866867063,1.0991994142532349,1.095554232597351,1.0960105657577517,0.0,1.222075581550598,1.2283201217651367,1.2200329303741455,1.2219561338424685,0.0,1507.699951171875,1507.699951171875,1498.4000244140625,1506.0999755859375,120.0,52.56999969482422,53.7400016784668,52.310001373291016,52.59000015258789,632666.0,1.83,257.155,117.6835,18.64,1.59,0,,,,,,TRAIN
2019-10-10,1.098587155342102,1.1033873558044434,1.0980443954467771,1.098780393600464,0.0,1.221269607543945,1.238482117652893,1.220956563949585,1.2212995290756226,0.0,1511.199951171875,1511.199951171875,1490.5999755859375,1494.800048828125,78.0,52.68999862670898,53.970001220703125,51.380001068115234,53.54999923706055,613944.0,1.83,257.155,117.2801,17.57,1.67,0,,,,,,TRAIN
2019-10-11,1.1014429330825806,1.1061996221542358,1.1003884077072144,1.1011033058166504,0.0,1.2431625127792358,1.2700347900390625,1.2430081367492676,1.2433171272277832,0.0,1491.9000244140625,1494.9000244140625,1476.9000244140625,1482.699951171875,57.0,53.880001068115234,54.93000030517578,53.63999938964844,54.70000076293945,467643.0,1.83,257.155,116.8239,15.58,1.76,1,TRADE_DEAL,US-China announce Phase One agreement in principle,HIGH,"EURUSD,GBPUSD,GOLD,OIL",TRAIN,TRAIN
2019-10-14,1.1028155088424685,1.104300022125244,1.1015156507492063,1.1030004024505615,0.0,1.2610976696014404,1.2646702527999878,1.252219557762146,1.261899709701538,0.0,1484.4000244140625,1493.5,1481.300048828125,1491.699951171875,400.0,54.900001525878906,54.900001525878906,52.77000045776367,53.59000015258789,467643.0,1.83,257.155,116.8239,14.57,1.76,0,,,,,,TRAIN
2019-10-15,1.1025844812393188,1.1045451164245603,1.0992755889892578,1.1029006242752075,0.0,1.2609069347381592,1.2789523601531982,1.260366439819336,1.2611771821975708,0.0,1488.9000244140625,1495.4000244140625,1476.5999755859375,1477.5999755859375,367.0,53.5099983215332,53.790000915527344,52.38999938964844,52.810001373291016,511249.0,1.83,257.155,116.8111,13.54,1.77,0,,,,,,TRAIN
2019-10-16,1.103399634361267,1.1076282262802124,1.102353572845459,1.1034727096557615,0.0,1.2759170532226562,1.286173701286316,1.2668169736862185,1.2760635614395142,0.0,1482.0,1488.0,1480.0,1488.0,383.0,52.91999816894531,53.7400016784668,52.52000045776367,53.36000061035156,451643.0,1.83,257.155,116.6425,13.68,1.75,0,,,,,,TRAIN
2019-10-17,1.1074295043945312,1.1139951944351196,1.1065863370895386,1.107493281364441,0.0,1.2820003032684326,1.2978416681289673,1.2755752801895142,1.2823801040649414,0.0,1486.199951171875,1493.199951171875,1485.800048828125,1492.300048828125,271.0,52.9900016784668,54.15999984741211,52.619998931884766,53.93000030517578,418422.0,1.83,257.155,116.2615,13.79,1.76,0,,,,,,TRAIN
2019-10-18,1.1127183437347412,1.1161960363388062,1.1115063428878784,1.1127183437347412,0.0,1.286699891090393,1.2914891242980957,1.2840760946273804,1.286860466003418,0.0,1487.300048828125,1489.0999755859375,1486.5999755859375,1488.199951171875,82.0,54.09000015258789,54.619998931884766,53.34999847412109,53.77999877929688,174477.0,1.83,257.155,116.1344,14.25,1.76,0,,,,,,TRAIN
2019-10-21,1.1156107187271118,1.118067979812622,1.1140000820159912,1.1155734062194824,0.0,1.29027259349823,1.3012700080871582,1.2890751361846924,1.2900229692459106,0.0,1489.9000244140625,1489.9000244140625,1481.5,1482.4000244140625,72.0,53.709999084472656,54.02999877929688,52.709999084472656,53.310001373291016,95979.0,1.83,257.155,116.0436,14.0,1.8,0,,,,,,TRAIN
2019-10-22,1.115200161933899,1.116071343421936,1.1124708652496338,1.1151753664016724,0.0,1.2971514463424685,1.2988699674606323,1.28940749168396,1.297168254852295,0.0,1483.4000244140625,1483.5,1481.699951171875,1481.699951171875,99.0,53.38999938964844,54.619998931884766,53.09999847412109,54.15999984741211,506573.0,1.83,257.155,115.9851,14.46,1.78,0,,,,,,TRAIN
2019-10-23,1.1129660606384275,1.1133378744125366,1.1108025312423706,1.112928867340088,0.0,1.2884771823883057,1.2894906997680664,1.2842575311660769,1.2884771823883057,0.0,1486.4000244140625,1490.300048828125,1486.4000244140625,1489.9000244140625,67.0,54.29999923706055,56.06999969482422,53.619998931884766,55.970001220703125,620202.0,1.83,257.155,116.0586,14.01,1.77,0,,,,,,TRAIN
2019-10-24,1.1132633686065674,1.1165698766708374,1.109385371208191,1.1132385730743408,0.0,1.292089819908142,1.294783353805542,1.2808033227920532,1.2923235893249512,0.0,1490.5,1501.199951171875,1485.9000244140625,1498.9000244140625,115.0,55.900001525878906,56.5099983215332,55.40999984741211,56.22999954223633,480764.0,1.83,257.155,116.1278,13.71,1.77,0,,,,,,TRAIN
2019-10-25,1.1104449033737185,1.1125946044921875,1.10804545879364,1.1103955507278442,0.0,1.284092664718628,1.286024808883667,1.280524492263794,1.2840267419815063,0.0,1501.4000244140625,1514.300048828125,1499.0,1499.5,93.0,56.06999969482422,56.7400016784668,55.59999847412109,56.65999984741211,445020.0,1.83,257.155,116.0774,12.65,1.8,0,,,,,,TRAIN
2019-10-28,1.1084753274917605,1.1106668710708618,1.107714056968689,1.108426213264465,0.0,1.2828571796417236,1.2875149250030518,1.2812299728393557,1.283202886581421,0.0,1504.0999755859375,1504.0999755859375,1490.0,1490.0,37.0,56.650001525878906,56.91999816894531,55.58000183105469,55.810001373291016,437020.0,1.83,257.155,116.0222,13.11,1.85,0,,,,,,TRAIN
2019-10-29,1.1102476119995115,1.1118770837783811,1.1075055599212646,1.1099148988723757,0.0,1.2857435941696167,1.2904725074768066,1.280983805656433,1.2857435941696167,0.0,1485.9000244140625,1487.0,1485.9000244140625,1487.0,425.0,55.79999923706055,55.90999984741211,54.61000061035156,55.540000915527344,521457.0,1.83,257.155,115.9797,13.2,1.84,0,,,,,,TRAIN
2019-10-30,1.111222267150879,1.1125946044921875,1.1103339195251465,1.1114816665649414,0.0,1.2866700887680054,1.2904558181762695,1.2858924865722656,1.2866700887680054,0.0,1487.199951171875,1495.4000244140625,1481.0,1493.199951171875,320.0,55.52999877929688,55.72999954223633,54.41999816894531,55.060001373291016,659328.0,1.83,257.155,116.1636,12.33,1.78,0,,,,,,TRAIN
2019-10-31,1.1154240369796753,1.1176930665969849,1.113374948501587,1.1154489517211914,0.0,1.290289282798767,1.2975385189056396,1.290289282798767,1.290172815322876,0.0,1496.0999755859375,1513.0999755859375,1496.0999755859375,1511.4000244140625,210.0,54.900001525878906,55.59000015258789,53.709999084472656,54.18000030517578,677419.0,1.83,257.155,115.9125,13.22,1.69,0,,,,,,TRAIN
2019-11-01,1.1156107187271118,1.1174432039260864,1.1130775213241575,1.1157102584838867,0.0,1.2938618659973145,1.2973533868789673,1.2934770584106443,1.2939623594284058,0.0,1511.0,1511.5999755859375,1503.0,1508.0,235.0,54.150001525878906,56.33000183105469,54.06999969482422,56.20000076293945,538117.0,1.55,257.879,115.7312,12.3,1.73,0,,,,,,TRAIN
2019-11-04,1.1169440746307373,1.1177005767822266,1.114199995994568,1.1166571378707886,0.0,1.2939958572387695,1.2944984436035156,1.2901227474212646,1.2937614917755127,0.0,1511.5999755859375,1511.5999755859375,1508.0,1508.0,101.0,56.40999984741211,57.43000030517578,55.83000183105469,56.540000915527344,580350.0,1.55,257.879,115.8624,12.83,1.79,0,,,,,,TRAIN
2019-11-05,1.1128298044204712,1.1138995885849,1.1064640283584597,1.1128545999526978,0.0,1.288693070411682,1.2914557456970217,1.2861074209213257,1.2891582250595093,0.0,1507.0999755859375,1507.0999755859375,1480.800048828125,1480.800048828125,31.0,56.560001373291016,57.5,56.29999923706055,57.22999954223633,435319.0,1.55,257.879,116.1138,13.1,1.86,0,,,,,,TRAIN
2019-11-06,1.107444167137146,1.1095085144042969,1.1067456007003784,1.107419729232788,0.0,1.2878299951553345,1.2897733449935913,1.2867693901062012,1.288062334060669,0.0,1483.199951171875,1491.0,1483.199951171875,1490.199951171875,567.0,57.2599983215332,57.84999847412109,56.11000061035156,56.34999847412109,623258.0,1.55,257.879,116.1004,12.62,1.81,0,,,,,,TRAIN
2019-11-07,1.1070642471313477,1.109139323234558,1.1038014888763428,1.1070396900177002,0.0,1.2856611013412476,1.287713885307312,1.27962327003479,1.2856775522232056,0.0,1489.0999755859375,1489.0999755859375,1464.199951171875,1464.199951171875,581.0,56.34999847412109,57.880001068115234,56.27000045776367,57.150001525878906,678165.0,1.55,257.879,116.1172,12.73,1.92,0,,,,,,TRAIN
2019-11-08,1.103460431098938,1.103813648223877,1.1017802953720093,1.1019697189331057,0.0,1.2811479568481443,1.282215595245361,1.2769761085510254,1.2779992818832395,0.0,1469.0999755859375,1469.0999755859375,1461.300048828125,1461.300048828125,21.0,57.08000183105469,57.47999954223633,55.7599983215332,57.2400016784668,636941.0,1.55,257.879,116.3436,12.07,1.94,0,,,,,,TRAIN
2019-11-11,1.102280616760254,1.1043622493743896,1.101722002029419,1.102244257926941,0.0,1.2796560525894165,1.2891747951507568,1.2786742448806765,1.2796396017074585,0.0,1461.0,1461.0,1449.300048828125,1455.5,22.0,57.400001525878906,57.400001525878906,56.25,56.86000061035156,498981.0,1.55,257.879,116.3436,12.69,1.94,0,,,,,,TRAIN
2019-11-12,1.1034847497940063,1.1041183471679688,1.1003884077072144,1.1035456657409668,0.0,1.2854461669921875,1.2868356704711914,1.2817226648330688,1.2858428955078125,0.0,1454.9000244140625,1454.9000244140625,1447.0999755859375,1452.0999755859375,6.0,56.88999938964844,57.54999923706055,56.540000915527344,56.79999923706055,586568.0,1.55,257.879,116.5837,12.68,1.92,0,,,,,,TRAIN
2019-11-13,1.1012123823165894,1.1020498275756836,1.1001100540161133,1.1012367010116575,0.0,1.2853471040725708,1.2860082387924194,1.282495141029358,1.285214900970459,0.0,1456.800048828125,1463.300048828125,1456.800048828125,1461.699951171875,56.0,56.790000915527344,57.52999877929688,56.20000076293945,57.119998931884766,547635.0,1.55,257.879,116.8397,13.0,1.88,0,,,,,,TRAIN
2019-11-14,1.1008729934692385,1.1017826795578003,1.0990822315216064,1.101321578025818,0.0,1.2851983308792114,1.2891582250595093,1.2825939655303955,1.2853800058364868,0.0,1463.800048828125,1471.800048828125,1463.699951171875,1471.800048828125,83.0,57.38999938964844,57.790000915527344,56.630001068115234,56.77000045776367,516832.0,1.55,257.879,116.8022,13.05,1.82,0,,,,,,TRAIN
2019-11-15,1.102292776107788,1.1055831909179688,1.1015278100967407,1.1020498275756836,0.0,1.2882779836654663,1.2917393445968628,1.2869184017181396,1.2881784439086914,0.0,1469.0999755859375,1469.0999755859375,1467.300048828125,1467.300048828125,13.0,56.90999984741211,57.970001220703125,56.43000030517578,57.720001220703125,375993.0,1.55,257.879,116.4401,12.05,1.84,0,,,,,,TRAIN
2019-11-18,1.1053999662399292,1.1090999841690063,1.1053999662399292,1.105509877204895,0.0,1.2919729948043823,1.2982122898101809,1.2916558980941772,1.2921231985092163,0.0,1472.0,1472.0,1469.699951171875,1470.9000244140625,141.0,57.880001068115234,58.09000015258789,56.54999923706055,57.04999923706055,159328.0,1.55,257.879,116.3625,12.46,1.81,0,,,,,,TRAIN
2019-11-19,1.1072235107421875,1.1085245609283447,1.1064271926879885,1.1072357892990112,0.0,1.294967770576477,1.2971850633621216,1.2925406694412231,1.2950851917266846,0.0,1467.699951171875,1474.300048828125,1467.699951171875,1473.300048828125,18.0,56.900001525878906,57.11000061035156,55.040000915527344,55.209999084472656,121214.0,1.55,257.879,116.5391,12.86,1.79,0,,,,,,TRAIN
2019-11-20,1.108033299446106,1.1082788705825806,1.1053632497787476,1.1080001592636108,0.0,1.2928917407989502,1.2928917407989502,1.2891747951507568,1.2929502725601196,0.0,1472.5999755859375,1474.5,1467.300048828125,1473.300048828125,31.0,55.15999984741211,57.25,54.7599983215332,57.11000061035156,674891.0,1.55,257.879,116.828,12.78,1.73,0,,,,,,TRAIN
2019-11-21,1.107898235321045,1.1096439361572266,1.106378197669983,1.1078859567642212,0.0,1.2926911115646362,1.2970168590545654,1.2900062799453735,1.2927078008651731,0.0,1463.0999755859375,1463.0999755859375,1463.0999755859375,1463.0999755859375,16.0,57.0,58.66999816894531,56.59999847412109,58.58000183105469,593533.0,1.55,257.879,116.7435,13.13,1.77,0,,,,,,TRAIN
2019-11-22,1.1065618991851809,1.1078613996505735,1.102864146232605,1.1065863370895386,0.0,1.291922926902771,1.2929919958114624,1.2826762199401855,1.2919896841049194,0.0,1468.5999755859375,1468.5999755859375,1463.0999755859375,1463.0999755859375,19.0,58.310001373291016,58.7400016784668,57.5,57.77000045776367,508244.0,1.55,257.879,116.9137,12.34,1.77,0,,,,,,TRAIN
2019-11-25,1.1024142503738403,1.1033873558044434,1.100618600845337,1.1022562980651855,0.0,1.2850992679595947,1.2913223505020142,1.284191608428955,1.2853471040725708,0.0,1457.0999755859375,1457.0999755859375,1455.5,1456.5999755859375,14.0,57.91999816894531,58.150001525878906,57.209999084472656,58.0099983215332,420642.0,1.55,257.879,117.0098,11.87,1.76,0,,,,,,TRAIN
2019-11-26,1.1012003421783447,1.102657437324524,1.1008002758026123,1.1014429330825806,0.0,1.2897567749023438,1.2904890775680542,1.2838454246520996,1.289723515510559,0.0,1459.800048828125,1459.800048828125,1459.800048828125,1459.800048828125,346362.0,57.91999816894531,58.560001373291016,57.7599983215332,58.40999984741211,443816.0,1.55,257.879,117.0513,11.54,1.74,0,,,,,,TRAIN
2019-11-27,1.1022076606750488,1.1022076606750488,1.09933602809906,1.1022562980651855,0.0,1.2859255075454712,1.2892745733261108,1.2828242778778076,1.2860909700393677,0.0,1461.0999755859375,1461.9000244140625,1452.0,1453.4000244140625,88364.0,58.27000045776367,58.68000030517578,57.5099983215332,58.11000061035156,454256.0,1.55,257.879,117.1273,11.75,1.77,0,,,,,,TRAIN
2019-11-28,1.1006064414978027,1.1019283533096311,1.100158452987671,1.1004853248596191,0.0,1.2930755615234375,1.2951691150665283,1.2901227474212646,1.2929919958114624,0.0,,,,,,,,,,,1.55,257.879,117.1273,11.75,1.77,0,,,,,,TRAIN
2019-11-29,1.1011276245117188,1.102669596672058,1.0982855558395386,1.101176142692566,0.0,1.2910722494125366,1.2943308353424072,1.288195013999939,1.29128897190094,0.0,1453.5999755859375,1465.5999755859375,1452.0999755859375,1465.5999755859375,7020.0,58.130001068115234,58.29999923706055,55.02000045776367,55.16999816894531,718724.0,1.55,257.879,117.1204,12.62,1.78,0,,,,,,TRAIN
2019-12-02,1.101770520210266,1.1089179515838623,1.1003763675689695,1.1019041538238523,0.0,1.291122317314148,1.2943308353424072,1.2898067235946655,1.29128897190094,0.0,1462.800048828125,1464.4000244140625,1453.300048828125,1462.300048828125,2172.0,55.470001220703125,56.66999816894531,55.41999816894531,55.959999084472656,616423.0,1.55,258.63,116.9647,14.91,1.83,0,,,,,,TRAIN
2019-12-03,1.1076037883758545,1.1092623472213743,1.1066476106643677,1.1079105138778689,0.0,1.2938451766967771,1.3008129596710205,1.2931424379348757,1.294062852859497,0.0,1461.5999755859375,1480.4000244140625,1459.5,1478.199951171875,1460.0,55.959999084472656,56.79999923706055,55.34999847412109,56.09999847412109,560554.0,1.55,258.63,116.8898,15.96,1.72,0,,,,,,TRAIN
2019-12-04,1.1081806421279907,1.1113457679748535,1.1067945957183838,1.1085245609283447,0.0,1.2996971607208252,1.311991572380066,1.2984483242034912,1.2997816801071167,0.0,1477.5,1483.4000244140625,1471.199951171875,1474.0,613.0,56.43000030517578,58.65999984741211,56.27999877929688,58.43000030517578,760541.0,1.55,258.63,116.692,14.8,1.77,0,,,,,,TRAIN
2019-12-05,1.1082665920257568,1.1104941368103027,1.1079963445663452,1.108303427696228,0.0,1.3110507726669312,1.3166556358337402,1.3106160163879397,1.311131477355957,0.0,1474.699951171875,1478.0,1472.300048828125,1476.9000244140625,907.0,58.36000061035156,59.119998931884766,58.09999847412109,58.43000030517578,649461.0,1.55,258.63,116.3838,14.52,1.8,0,,,,,,TRAIN
2019-12-06,1.1104201078414917,1.1112345457077026,1.1042280197143557,1.1105434894561768,0.0,1.3158587217330933,1.316516995429993,1.310186743736267,1.3158414363861084,0.0,1475.0,1476.0,1458.199951171875,1459.0999755859375,899.0,58.31999969482422,59.84999847412109,57.70000076293945,59.20000076293945,679609.0,1.55,258.63,116.5381,13.62,1.84,0,,,,,,TRAIN
2019-12-09,1.105780005455017,1.108033299446106,1.1053999662399292,1.105888843536377,0.0,1.314405918121338,1.3180439472198486,1.3137152194976809,1.3139568567276,0.0,1458.800048828125,1464.199951171875,1458.5999755859375,1459.300048828125,1461.0,59.11000061035156,59.25,58.22999954223633,59.02000045776367,511561.0,1.55,258.63,116.3283,15.86,1.83,0,,,,,,TRAIN
2019-12-10,1.1064517498016355,1.1097548007965088,1.106353759765625,1.106499433517456,0.0,1.3145960569381714,1.318878412246704,1.313456416130066,1.314578652381897,0.0,1460.699951171875,1467.199951171875,1460.699951171875,1462.5999755859375,367.0,58.91999816894531,59.52000045776367,58.52000045776367,59.2400016784668,566822.0,1.55,258.63,116.2542,15.68,1.85,0,,,,,,TRAIN
2019-12-11,1.109385371208191,1.1098779439926147,1.107174515724182,1.1092746257781982,0.0,1.313214898109436,1.318704605102539,1.311320662498474,1.3131287097930908,0.0,1463.0999755859375,1475.4000244140625,1463.0999755859375,1469.4000244140625,393.0,59.060001373291016,59.220001220703125,58.11000061035156,58.7599983215332,589650.0,1.55,258.63,116.1478,14.99,1.79,0,,,,,,TRAIN
2019-12-12,1.1133253574371338,1.1153370141983032,1.1111851930618286,1.1135857105255127,0.0,1.3200448751449585,1.3229262828826904,1.3116475343704224,1.32000994682312,0.0,1475.0999755859375,1483.9000244140625,1463.699951171875,1466.699951171875,955.0,58.880001068115234,59.720001220703125,58.75,59.18000030517578,530851.0,1.55,258.63,115.8741,13.94,1.9,0,,,,,,TRAIN
2019-12-13,1.1183431148529053,1.1186933517456057,1.111889362335205,1.1186057329177856,0.0,1.3476543426513672,1.3509862422943115,1.3309553861618042,1.347527265548706,0.0,1463.0999755859375,1475.9000244140625,1463.0999755859375,1475.5999755859375,468.0,59.36000061035156,60.47999954223633,59.27000045776367,60.06999969482422,512288.0,1.55,258.63,115.6967,12.63,1.82,0,,,,,,TRAIN
2019-12-16,1.1125203371047974,1.115785002708435,1.1123470067977903,1.1124460697174072,0.0,1.3355236053466797,1.341705560684204,1.3326226472854614,1.335327386856079,0.0,1473.800048828125,1475.300048828125,1473.800048828125,1475.0,99.0,59.869998931884766,60.34000015258789,59.709999084472656,60.209999084472656,347395.0,1.55,258.63,115.555,12.14,1.89,0,,,,,,TRAIN
2019-12-17,1.113709807395935,1.1173185110092163,1.113089919090271,1.1136974096298218,0.0,1.327175259590149,1.3304948806762695,1.3104099035263062,1.3272457122802734,0.0,1474.0999755859375,1476.9000244140625,1474.0,1474.5999755859375,410.0,60.22999954223633,61.060001373291016,60.02999877929688,60.93999862670898,163744.0,1.55,258.63,115.5553,12.29,1.89,0,,,,,,TRAIN
2019-12-18,1.1151504516601562,1.1151504516601562,1.1111358404159546,1.115138053894043,0.0,1.3122154474258425,1.3125598430633545,1.3062334060668943,1.3122154474258425,0.0,1472.5999755859375,1472.5999755859375,1472.5999755859375,1472.5999755859375,250.0,60.54999923706055,61.18000030517578,60.31999969482422,60.93000030517578,131071.0,1.55,258.63,115.6618,12.58,1.92,0,,,,,,TRAIN
2019-12-19,1.1115927696228027,1.1142433881759644,1.110987663269043,1.1115927696228027,0.0,1.3084723949432373,1.3129562139511108,1.2996634244918823,1.3087291717529297,0.0,1475.9000244140625,1478.9000244140625,1473.300048828125,1478.199951171875,319.0,60.86000061035156,61.470001220703125,60.790000915527344,61.220001220703125,426341.0,1.55,258.63,115.5988,12.5,1.92,0,,,,,,TRAIN
2019-12-20,1.112371802330017,1.1125946044921875,1.1074320077896118,1.1125946044921875,0.0,1.301642656326294,1.3078391551971436,1.3008298873901367,1.3017443418502808,0.0,1476.699951171875,1478.0999755859375,1474.699951171875,1474.699951171875,118.0,61.11000061035156,61.20000076293945,60.02000045776367,60.43999862670898,552517.0,1.55,258.63,115.7598,12.51,1.92,0,,,,,,TRAIN
2019-12-23,1.1079840660095217,1.1097548007965088,1.107149958610535,1.1079840660095217,0.0,1.300525426864624,1.3032541275024414,1.2907055616378784,1.3005423545837402,0.0,1482.300048828125,1482.5,1479.9000244140625,1482.5,391.0,60.40999984741211,60.77000045776367,60.09999847412109,60.52000045776367,314711.0,1.55,258.63,115.8059,12.61,1.93,0,,,,,,TRAIN
2019-12-24,1.1092993021011353,1.1097548007965088,1.1070642471313477,1.109385371208191,0.0,1.2944481372833252,1.2969495058059692,1.292306900024414,1.2944984436035156,0.0,1488.699951171875,1499.0999755859375,1488.699951171875,1499.0999755859375,52.0,60.630001068115234,61.15999984741211,60.470001220703125,61.11000061035156,204535.0,1.55,258.63,115.8059,12.67,1.9,0,,,,,,TRAIN
2019-12-25,1.109139323234558,1.110864281654358,1.1077877283096311,1.1090162992477417,0.0,1.2934937477111816,1.2986996173858645,1.2923002243041992,1.2934937477111816,0.0,,,,,,,,,,,1.55,258.63,115.8059,12.67,1.9,0,,,,,,TRAIN
2019-12-26,1.1095085144042969,1.1104941368103027,1.1082788705825806,1.1095454692840576,0.0,1.2971850633621216,1.301574945449829,1.296125888824463,1.2973533868789673,0.0,1505.199951171875,1512.300048828125,1505.0,1509.300048828125,126.0,61.20000076293945,61.83000183105469,61.060001373291016,61.68000030517578,265091.0,1.55,258.63,115.634,12.65,1.9,0,,,,,,TRAIN
2019-12-27,1.1101243495941162,1.118067979812622,1.1099998950958252,1.110111951828003,0.0,1.3002886772155762,1.3118194341659546,1.2972187995910645,1.300220966339111,0.0,1513.800048828125,1513.800048828125,1513.800048828125,1513.800048828125,839.0,61.72999954223633,61.970001220703125,61.2400016784668,61.720001220703125,351899.0,1.55,258.63,115.22,13.43,1.88,0,,,,,,TRAIN
2019-12-30,1.1181554794311523,1.1220699548721311,1.1181554794311523,1.1182304620742798,0.0,1.30914044380188,1.3152703046798706,1.3087635040283203,1.3091918230056765,0.0,1512.5999755859375,1515.0999755859375,1510.0,1514.5,446.0,61.709999084472656,62.34000015258789,61.09000015258789,61.68000030517578,427149.0,1.55,258.63,114.9631,14.82,1.9,0,,,,,,TRAIN
2019-12-31,1.1204482316970823,1.1241008043289185,1.1200717687606812,1.120229721069336,0.0,1.3116475343704224,1.3281975984573364,1.3109596967697144,1.3113033771514893,0.0,1513.800048828125,1523.4000244140625,1513.800048828125,1519.5,301.0,61.68000030517578,61.880001068115234,60.630001068115234,61.060001373291016,494535.0,1.55,258.63,114.669,13.78,1.92,0,,,,,,TRAIN
2020-01-01,1.1220825910568235,1.1228384971618652,1.115946888923645,1.1220825910568235,0.0,1.3254003524780271,1.3270995616912842,1.3218770027160645,1.326259970664978,0.0,,,,,,,,,,,1.55,259.127,114.669,13.78,1.92,0,,,,,,TRAIN
2020-01-02,1.1218937635421753,1.12271249294281,1.116682052612305,1.1220825910568235,0.0,1.3250473737716677,1.3267878293991089,1.312508225440979,1.3250298500061035,0.0,1518.0999755859375,1528.699951171875,1518.0,1524.5,214.0,61.59999847412109,61.59999847412109,60.63999938964844,61.18000030517578,486873.0,1.55,259.127,114.9745,12.47,1.88,0,,,,,,TRAIN
2020-01-03,1.1170812845230105,1.118067979812622,1.112569808959961,1.1171437501907349,0.0,1.314388632774353,1.316118597984314,1.305483102798462,1.3152703046798706,0.0,1530.0999755859375,1552.699951171875,1530.0999755859375,1549.199951171875,107.0,61.18000030517578,64.08999633789062,61.130001068115234,63.04999923706055,885861.0,1.55,259.127,114.9867,14.02,1.8,0,,,,,,TRAIN
2020-01-06,1.1162458658218384,1.120824933052063,1.1158099174499512,1.1161960363388062,0.0,1.3081300258636477,1.3173998594284058,1.3065404891967771,1.308010220527649,0.0,1580.0,1580.0,1560.4000244140625,1566.199951171875,416.0,63.709999084472656,64.72000122070312,62.63999938964844,63.27000045776367,724236.0,1.55,259.127,114.9557,13.85,1.81,0,,,,,,TRAIN
2020-01-07,1.1195825338363647,1.1199462413787842,1.1134865283966064,1.1197994947433472,0.0,1.3171932697296145,1.3212134838104248,1.3096375465393066,1.317002534866333,0.0,1558.300048828125,1576.300048828125,1558.300048828125,1571.800048828125,47.0,62.90999984741211,63.150001525878906,62.11000061035156,62.70000076293945,582649.0,1.55,259.127,115.1477,13.79,1.83,0,,,,,,TRAIN
2020-01-08,1.1155734062194824,1.1165200471878052,1.111086368560791,1.1154738664627075,0.0,1.311131477355957,1.3169505596160889,1.3082668781280518,1.31137216091156,0.0,1579.699951171875,1604.199951171875,1552.300048828125,1557.4000244140625,236.0,62.84000015258789,65.6500015258789,59.150001525878906,59.61000061035156,1205710.0,1.55,259.127,115.1328,13.45,1.87,0,,,,,,TRAIN
2020-01-09,1.1114444732666016,1.1122233867645264,1.1095085144042969,1.1113210916519165,0.0,1.3105816841125488,1.312456488609314,1.3015071153640747,1.3105130195617676,0.0,1555.699951171875,1555.699951171875,1543.300048828125,1551.699951171875,54.0,59.9900016784668,60.310001373291016,58.65999984741211,59.560001373291016,750933.0,1.55,259.127,115.2331,12.54,1.85,0,,,,,,TRAIN
2020-01-10,1.1109259128570557,1.1120996475219729,1.108622908592224,1.1111111640930176,0.0,1.3069332838058472,1.309569001197815,1.3049379587173462,1.3070186376571655,0.0,1551.199951171875,1558.800048828125,1545.4000244140625,1557.5,16.0,59.61000061035156,59.77999877929688,58.84999847412109,59.040000915527344,596186.0,1.55,259.127,115.0677,12.56,1.83,0,,,,,,TRAIN
2020-01-13,1.1116546392440796,1.114466905593872,1.1114075183868408,1.111666917800903,0.0,1.3043761253356934,1.3046314716339111,1.2961931228637695,1.3045634031295776,0.0,1557.4000244140625,1558.0,1548.4000244140625,1548.4000244140625,48.0,59.040000915527344,59.27000045776367,57.90999984741211,58.08000183105469,584002.0,1.55,259.127,115.0342,12.32,1.85,0,,,,,,TRAIN
2020-01-14,1.1134493350982666,1.1145787239074707,1.11055588722229,1.1135733127593994,0.0,1.298770546913147,1.3018969297409058,1.2956725358963013,1.2988194227218628,0.0,1546.699951171875,1546.699951171875,1534.9000244140625,1542.4000244140625,32.0,58.02999877929688,58.720001220703125,57.720001220703125,58.22999954223633,507714.0,1.55,259.127,115.0239,12.39,1.82,0,,,,,,TRAIN
2020-01-15,1.1129660606384275,1.1163455247879028,1.112025499343872,1.113089919090271,0.0,1.3022528886795044,1.304121017456055,1.2989206314086914,1.3022528886795044,0.0,1548.0,1553.9000244140625,1545.5999755859375,1552.0999755859375,11.0,58.20000076293945,58.36000061035156,57.36000061035156,57.810001373291016,433169.0,1.55,259.127,114.9528,12.42,1.79,1,TRADE_DEAL,US-China Phase One trade deal signed,MEDIUM,"EURUSD,GBPUSD,GOLD,OIL",TRAIN,TRAIN
2020-01-16,1.1152697801589966,1.117193579673767,1.112978458404541,1.1154004335403442,0.0,1.304121017456055,1.3081642389297483,1.302897572517395,1.304121017456055,0.0,1555.699951171875,1556.0999755859375,1548.5,1549.0,98.0,58.09999847412109,58.869998931884766,57.560001373291016,58.52000045776367,182871.0,1.55,259.127,115.0006,12.32,1.81,0,,,,,,TRAIN
2020-01-17,1.113800287246704,1.1145004034042358,1.1087580919265747,1.1139578819274902,0.0,1.3077878952026367,1.3115785121917725,1.3017781972885132,1.3078734874725342,0.0,1554.0999755859375,1558.800048828125,1553.5999755859375,1558.800048828125,108.0,58.59000015258789,58.97999954223633,58.27000045776367,58.540000915527344,122561.0,1.55,259.127,115.0656,12.1,1.84,0,,,,,,TRAIN
2020-01-20,1.1095207929611206,1.1104941368103027,1.1077508926391602,1.1094592809677124,0.0,1.3007115125656128,1.3009653091430664,1.2964787483215332,1.3007283210754397,0.0,,,,,,,,,,,1.55,259.127,115.0656,12.1,1.84,0,,,,,,TRAIN
2020-01-21,1.1096439361572266,1.1119760274887085,1.1086474657058716,1.109693169593811,0.0,1.3007283210754397,1.3084039688110352,1.2995991706848145,1.3005592823028564,0.0,1559.300048828125,1566.199951171875,1551.0,1556.4000244140625,45.0,59.16999816894531,59.72999954223633,57.68000030517578,58.34000015258789,648335.0,1.55,259.127,115.1876,12.85,1.78,0,,,,,,TRAIN
2020-01-22,1.1085859537124634,1.1097793579101562,1.1071622371673584,1.108561396598816,0.0,1.3046314716339111,1.3149763345718384,1.3037809133529663,1.3048017024993896,0.0,1549.800048828125,1557.0999755859375,1549.800048828125,1555.300048828125,42.0,58.2599983215332,58.380001068115234,56.02999877929688,56.7400016784668,620119.0,1.55,259.127,115.2273,12.91,1.77,0,,,,,,TRAIN
2020-01-23,1.1097548007965088,1.1103215217590332,1.1037039756774902,1.1096439361572266,0.0,1.3147515058517456,1.3151837587356567,1.3098434209823608,1.3144749402999878,0.0,1553.0999755859375,1564.5999755859375,1552.199951171875,1564.5999755859375,15.0,56.11000061035156,56.27000045776367,54.77000045776367,55.59000015258789,703995.0,1.55,259.127,115.5545,12.98,1.74,0,,,,,,TRAIN
2020-01-24,1.105534315109253,1.1060845851898191,1.1021226644515991,1.1055220365524292,0.0,1.311991572380066,1.3160665035247805,1.3059945106506348,1.311991572380066,0.0,1556.300048828125,1571.0999755859375,1556.300048828125,1571.0999755859375,43.0,55.68999862670898,55.95000076293945,53.84999847412109,54.18999862670898,586195.0,1.55,259.127,115.5556,14.56,1.7,0,,,,,,TRAIN
2020-01-27,1.1026331186294556,1.103996515274048,1.1010063886642456,1.102535843849182,0.0,1.306165099143982,1.3103067874908447,1.3051422834396362,1.3061821460723877,0.0,1584.300048828125,1584.5,1576.800048828125,1576.800048828125,22.0,53.70000076293945,53.709999084472656,52.130001068115234,53.13999938964844,712880.0,1.55,259.127,115.8004,18.23,1.61,0,,,,,,TRAIN
2020-01-28,1.101964831352234,1.102657437324524,1.099855899810791,1.101976990699768,0.0,1.3059945106506348,1.3068478107452393,1.2977573871612549,1.3060115575790403,0.0,1576.4000244140625,1576.4000244140625,1569.199951171875,1569.199951171875,3.0,52.77000045776367,54.060001373291016,52.68000030517578,53.47999954223633,633963.0,1.55,259.127,115.7239,16.28,1.65,0,,,,,,TRAIN
2020-01-29,1.102292776107788,1.1030223369598389,1.099323868751526,1.1022562980651855,0.0,1.3024003505706787,1.3031013011932373,1.2991230487823486,1.3024563789367676,0.0,1569.800048828125,1569.800048828125,1569.800048828125,1569.800048828125,251274.0,53.970001220703125,54.369998931884766,52.810001373291016,53.33000183105469,624979.0,1.55,259.127,115.7003,16.39,1.6,0,,,,,,TRAIN
2020-01-30,1.101406455039978,1.1036553382873535,1.1008244752883911,1.1016855239868164,0.0,1.3022528886795044,1.3109596967697144,1.2980438470840454,1.3022021055221558,0.0,1576.800048828125,1585.0,1571.4000244140625,1583.5,62336.0,53.09000015258789,53.20000076293945,51.65999984741211,52.13999938964844,720123.0,1.55,259.127,115.8077,15.49,1.57,0,,,,,,TRAIN
2020-01-31,1.1028763055801392,1.1090162992477417,1.1017948389053345,1.1029127836227417,0.0,1.3086265325546265,1.3196094036102295,1.3086265325546265,1.3089004755020142,0.0,1573.4000244140625,1589.0,1570.0,1582.9000244140625,1095.0,52.91999816894531,53.36000061035156,50.970001220703125,51.560001373291016,827907.0,1.55,259.127,115.7345,18.84,1.51,0,,,,,,TRAIN
2020-02-03,1.108905553817749,1.108905553817749,1.104349970817566,1.1089794635772705,0.0,1.3180787563323977,1.3183393478393557,1.3001364469528198,1.31816565990448,0.0,1592.9000244140625,1593.300048828125,1568.199951171875,1577.199951171875,1062.0,51.0099983215332,51.970001220703125,49.79999923706055,50.11000061035156,876044.0,1.58,259.25,116.1172,17.97,1.54,0,,,,,,TRAIN
2020-02-04,1.1062926054000854,1.1065618991851809,1.1033873558044434,1.1062926054000854,0.0,1.2997310161590576,1.3042571544647217,1.2943978309631348,1.2997479438781738,0.0,1577.699951171875,1577.699951171875,1547.800048828125,1550.4000244140625,978.0,49.93999862670898,51.54999923706055,49.310001373291016,49.61000061035156,859357.0,1.58,259.25,115.9291,16.05,1.61,0,,,,,,TRAIN
2020-02-05,1.104472041130066,1.1048502922058103,1.0998317003250122,1.1047282218933103,0.0,1.3031353950500488,1.3070015907287598,1.295857071876526,1.3032711744308472,0.0,1553.199951171875,1560.699951171875,1547.699951171875,1557.800048828125,1305.0,49.5099983215332,51.880001068115234,49.470001220703125,50.75,887946.0,1.58,259.25,116.009,15.15,1.66,0,,,,,,TRAIN
2020-02-06,1.1000494956970217,1.1012852191925049,1.0965512990951538,1.100231051445007,0.0,1.2997140884399414,1.3000519275665283,1.2924071550369265,1.2997140884399414,0.0,1553.5999755859375,1565.5999755859375,1551.5999755859375,1565.0999755859375,110.0,51.16999816894531,52.20000076293945,50.2400016784668,50.95000076293945,750659.0,1.58,259.25,116.1518,14.96,1.65,0,,,,,,TRAIN
2020-02-07,1.0981045961380005,1.0986994504928589,1.0946906805038452,1.0982975959777832,0.0,1.2930086851119995,1.2955045700073242,1.2900062799453735,1.2930254936218262,0.0,1564.9000244140625,1571.9000244140625,1560.5,1568.5999755859375,431.0,51.11000061035156,51.47999954223633,50.09000015258789,50.31999969482422,768345.0,1.58,259.25,116.5086,15.47,1.59,0,,,,,,TRAIN
2020-02-10,1.0948705673217771,1.0961307287216189,1.090959906578064,1.0949305295944214,0.0,1.2888922691345217,1.2948336601257324,1.2874155044555664,1.2891582250595093,0.0,1569.300048828125,1574.699951171875,1568.5999755859375,1574.699951171875,128.0,50.119998931884766,50.4900016784668,49.41999816894531,49.56999969482422,715894.0,1.58,259.25,116.5711,15.04,1.56,0,,,,,,TRAIN
2020-02-11,1.091226577758789,1.0927003622055054,1.089348316192627,1.0913456678390503,0.0,1.2916558980941772,1.2968486547470093,1.289607048034668,1.2918227910995483,0.0,1570.9000244140625,1571.0999755859375,1561.9000244140625,1565.5999755859375,440.0,49.61000061035156,50.68999862670898,49.58000183105469,49.93999862670898,725733.0,1.58,259.25,116.3585,15.18,1.59,0,,,,,,TRAIN
2020-02-12,1.0921800136566162,1.0924997329711914,1.0887079238891602,1.091941475868225,0.0,1.2956557273864746,1.2992074489593506,1.2953367233276367,1.2956557273864746,0.0,1565.199951171875,1568.699951171875,1561.0,1567.4000244140625,36.0,49.959999084472656,51.72999954223633,49.95000076293945,51.16999816894531,795256.0,1.58,259.25,116.2794,13.74,1.62,0,,,,,,TRAIN
2020-02-13,1.0876421928405762,1.0890873670578003,1.0835527181625366,1.0875948667526243,0.0,1.295857071876526,1.3068649768829346,1.2945318222045898,1.295756459236145,0.0,1570.199951171875,1575.0999755859375,1570.199951171875,1575.0999755859375,74.0,51.720001220703125,51.959999084472656,50.59999847412109,51.41999816894531,745400.0,1.58,259.25,116.3999,14.15,1.61,0,,,,,,TRAIN
2020-02-14,1.0845986604690552,1.0862481594085691,1.0831302404403689,1.0845986604690552,0.0,1.3044782876968384,1.306335687637329,1.300390124320984,1.3046824932098389,0.0,1575.800048828125,1582.699951171875,1574.800048828125,1582.699951171875,68.0,51.5099983215332,52.34000015258789,51.31999969482422,52.04999923706055,607343.0,1.58,259.25,116.4223,13.68,1.59,1,TARIFF,US halves tariffs on $120B Chinese goods to 7.5% (Phase One),MEDIUM,"EURUSD,GBPUSD,GOLD,OIL",TRAIN,TRAIN
2020-02-17,1.0840578079223633,1.0854003429412842,1.0830246210098269,1.0841753482818604,0.0,1.305091142654419,1.3053126335144043,1.300440788269043,1.3052955865859983,0.0,,,,,,,,,,,1.58,259.25,116.4223,13.68,1.59,0,,,,,,TRAIN
2020-02-18,1.0837054252624512,1.0839003324508667,1.078690528869629,1.0840108394622805,0.0,1.3005423545837402,1.3049037456512451,1.2972524166107178,1.3008975982666016,0.0,1579.800048828125,1604.300048828125,1579.800048828125,1600.0,310.0,52.22999954223633,52.40999984741211,50.880001068115234,52.04999923706055,221774.0,1.58,259.25,116.6039,14.83,1.55,0,,,,,,TRAIN
2020-02-19,1.0794706344604492,1.0808473825454712,1.078360080718994,1.079540491104126,0.0,1.299984335899353,1.3021681308746338,1.292808175086975,1.300220966339111,0.0,1600.5999755859375,1610.5,1599.699951171875,1607.5,542.0,52.119998931884766,53.65999984741211,51.93000030517578,53.290000915527344,113683.0,1.58,259.25,116.7829,14.38,1.56,0,,,,,,TRAIN
2020-02-20,1.080964207649231,1.0821000337600708,1.0779578685760498,1.081009864807129,0.0,1.2928247451782229,1.2930420637130735,1.285148859024048,1.2928247451782229,0.0,1606.5,1621.0,1603.0,1616.5999755859375,117.0,53.5,54.5,53.220001220703125,53.77999877929688,676179.0,1.58,259.25,117.2454,15.56,1.52,0,,,,,,TRAIN
2020-02-21,1.078771948814392,1.0863661766052246,1.078771948814392,1.078799843788147,0.0,1.2881451845169067,1.2976900339126587,1.2879626750946045,1.2883278131484983,0.0,1619.300048828125,1645.0,1619.300048828125,1644.5999755859375,186.0,53.7400016784668,53.86000061035156,52.54999923706055,53.380001068115234,707555.0,1.58,259.25,117.0473,17.08,1.46,0,,,,,,TRAIN
2020-02-24,1.0838581323623655,1.0863661766052246,1.0808473825454712,1.0839051008224487,0.0,1.295202612876892,1.295499563217163,1.2888922691345217,1.29537034034729,0.0,1657.0,1686.5999755859375,1650.0,1672.4000244140625,435.0,52.59999847412109,52.63999938964844,50.45000076293945,51.43000030517578,765515.0,1.58,259.25,117.4018,25.03,1.38,0,,,,,,TRAIN
2020-02-25,1.084904670715332,1.088174819946289,1.083177089691162,1.0849199295043943,0.0,1.2925240993499756,1.3017951250076294,1.2916558980941772,1.292657732963562,0.0,1645.0999755859375,1653.699951171875,1632.300048828125,1646.9000244140625,409.0,51.369998931884766,52.02000045776367,49.68999862670898,49.900001525878906,764989.0,1.58,259.25,117.2425,27.85,1.33,0,,,,,,TRAIN
2020-02-26,1.0881001949310305,1.090358018875122,1.085564136505127,1.0881996154785156,0.0,1.3002378940582275,1.3010668754577637,1.2913223505020142,1.3003394603729248,0.0,1644.0,1648.0999755859375,1636.4000244140625,1640.0,1990.0,50.08000183105469,50.43999862670898,48.29999923706055,48.72999954223633,884482.0,1.58,259.25,117.405,27.56,1.33,0,,,,,,TRAIN
2020-02-27,1.088565707206726,1.1005700826644895,1.088565707206726,1.088589429855347,0.0,1.2907222509384155,1.2945318222045898,1.2862563133239746,1.2906889915466309,0.0,1641.0999755859375,1658.0,1638.5,1640.0,707.0,48.630001068115234,48.77999877929688,45.880001068115234,47.09000015258789,1011915.0,1.58,259.25,117.3678,39.16,1.3,0,,,,,,TRAIN
2020-02-28,1.0995535850524902,1.10527765750885,1.095158338546753,1.0997228622436523,0.0,1.2889255285263062,1.2918895483016968,1.2754452228546145,1.2888922691345217,0.0,1640.300048828125,1642.5,1564.0999755859375,1564.0999755859375,289.0,46.4900016784668,47.02999877929688,43.84999847412109,44.7599983215332,1101659.0,1.58,259.25,117.6568,40.11,1.13,0,,,,,,TRAIN
2020-03-02,1.1052532196044922,1.116407871246338,1.103728413581848,1.1051311492919922,0.0,1.2805572748184204,1.2851818799972534,1.2741937637329102,1.2807048559188845,0.0,1583.9000244140625,1608.300048828125,1574.300048828125,1592.300048828125,537.0,43.70000076293945,47.560001373291016,43.31999969482422,46.75,949471.0,0.65,258.076,116.8144,33.42,1.1,0,,,,,,TRAIN
2020-03-03,1.1144297122955322,1.120749592781067,1.1097301244735718,1.114404797554016,0.0,1.2766337394714355,1.2837464809417725,1.275982141494751,1.2767152786254885,0.0,1594.5,1645.300048828125,1594.0,1642.0999755859375,610.0,47.720001220703125,48.65999984741211,46.470001220703125,47.18000030517578,1011933.0,0.65,258.076,116.4958,36.82,1.02,0,,,,,,TRAIN
2020-03-04,1.1177304983139038,1.1185681819915771,1.109693169593811,1.118067979812622,0.0,1.2821171283721924,1.2846039533615112,1.277155518531799,1.2820841073989868,0.0,1645.4000244140625,1645.9000244140625,1631.300048828125,1641.0999755859375,83.0,46.93999862670898,48.40999984741211,46.650001525878906,46.77999877929688,745856.0,0.65,258.076,116.7802,31.99,1.02,0,,,,,,TRAIN
2020-03-05,1.113908290863037,1.1204482316970823,1.1121737957000732,1.113908290863037,0.0,1.2872166633605957,1.2945822477340698,1.286173701286316,1.2874983549118042,0.0,1637.300048828125,1672.9000244140625,1637.199951171875,1666.4000244140625,154.0,47.130001068115234,47.56999969482422,45.650001525878906,45.900001525878906,704591.0,0.65,258.076,116.7901,39.62,0.92,0,,,,,,TRAIN
2020-03-06,1.1223849058151243,1.135473370552063,1.1213905811309814,1.1223849058151243,0.0,1.294999599456787,1.3049719333648682,1.294999599456787,1.295068383216858,0.0,1670.800048828125,1686.199951171875,1647.199951171875,1670.800048828125,175.0,46.09000015258789,46.380001068115234,41.04999923706055,41.27999877929688,1276180.0,0.65,258.076,116.7106,41.94,0.74,0,,,,,,TRAIN
2020-03-09,1.1386150121688845,1.1495838165283203,1.1356796026229858,1.1386020183563232,0.0,1.3096548318862915,1.3199751377105713,1.3036450147628784,1.3099292516708374,0.0,1696.0999755859375,1701.5999755859375,1657.699951171875,1674.5,161.0,32.869998931884766,34.880001068115234,27.34000015258789,31.1299991607666,1774383.0,0.65,258.076,117.1871,54.46,0.54,1,OIL_SUPPLY,Saudi-Russia oil price war begins; oil price crashes,SEVERE,OIL,TRAIN,TRAIN
2020-03-10,1.1397439241409302,1.1422958374023438,1.1334141492843628,1.139796018600464,0.0,1.3075313568115234,1.308832049369812,1.2934435606002808,1.3075313568115234,0.0,1671.5999755859375,1674.5999755859375,1643.0,1659.0999755859375,48.0,30.3700008392334,35.02000045776367,30.200000762939453,34.36000061035156,1064632.0,0.65,258.076,117.9027,47.3,0.76,0,,,,,,TRAIN
2020-03-11,1.1316184997558594,1.1365960836410522,1.1259005069732666,1.1316505670547483,0.0,1.2906889915466309,1.2977406978607178,1.2855453491210938,1.2909722328186035,0.0,1656.5999755859375,1666.5,1635.0,1641.4000244140625,47.0,34.619998931884766,36.34999847412109,32.560001373291016,32.97999954223633,874646.0,0.65,258.076,118.2505,53.9,0.82,0,,,,,,TRAIN
2020-03-12,1.1260753870010376,1.1332857608795166,1.1080824136734009,1.1261515617370603,0.0,1.2817555665969849,1.2851818799972534,1.2542959451675415,1.2818212509155271,0.0,1637.0,1647.5,1566.4000244140625,1589.300048828125,256.0,33.06999969482422,33.630001068115234,30.020000457763672,31.5,1025036.0,0.65,258.076,120.4883,75.47,0.88,0,,,,,,TRAIN
2020-03-13,1.118355631828308,1.1221328973770142,1.1065373420715332,1.1184931993484497,0.0,1.2572765350341797,1.2624987363815308,1.2400639057159424,1.257023572921753,0.0,1574.9000244140625,1589.800048828125,1513.800048828125,1515.699951171875,89.0,30.770000457763672,33.869998931884766,30.32999992370605,31.729999542236328,743129.0,0.65,258.076,120.4388,57.83,0.94,0,,,,,,TRAIN
2020-03-16,1.115959405899048,1.1235400438308716,1.1088687181472778,1.115536093711853,0.0,1.2400332689285278,1.2400332689285278,1.2222847938537598,1.239987015724182,0.0,1569.0999755859375,1569.0999755859375,1452.0999755859375,1485.9000244140625,193.0,33.75,33.75,28.100000381469727,28.700000762939453,698829.0,0.65,258.076,120.9352,82.69,0.73,0,,,,,,TRAIN
2020-03-17,1.1163331270217896,1.1189061403274536,1.0957943201065063,1.1163206100463867,0.0,1.2269337177276611,1.2270541191101074,1.2009271383285522,1.2266627550125122,0.0,1469.300048828125,1537.699951171875,1469.300048828125,1524.9000244140625,122.0,28.690000534057617,30.299999237060547,26.6299991607666,26.950000762939453,545820.0,0.65,258.076,122.4816,75.91,1.02,0,,,,,,TRAIN
2020-03-18,1.1016855239868164,1.1045000553131104,1.0831888914108276,1.101552128791809,0.0,1.2116072177886963,1.213032841682434,1.1746463775634766,1.2121652364730835,0.0,1537.5,1542.0,1477.300048828125,1477.300048828125,333.0,26.940000534057617,27.21999931335449,20.059999465942383,20.3700008392334,309481.0,0.65,258.076,124.1623,76.45,1.18,0,,,,,,TRAIN
2020-03-19,1.0943433046340942,1.0945589542388916,1.0697933435440063,1.0961546897888184,0.0,1.161103129386902,1.1788560152053833,1.1476839780807495,1.1625338792800903,0.0,1481.5,1491.5999755859375,1471.0,1478.5999755859375,262.0,22.299999237060547,27.709999084472656,21.36000061035156,25.21999931335449,136722.0,0.65,258.076,125.0587,72.0,1.12,0,,,,,,TRAIN
2020-03-20,1.0658481121063232,1.0829894542694092,1.0654505491256714,1.0657345056533811,0.0,1.1496366262435913,1.1924351453781128,1.148211121559143,1.149438500404358,0.0,1483.5,1484.0,1483.5,1484.0,14.0,24.729999542236328,27.88999938964844,19.459999084472656,22.43000030517578,1133808.0,0.65,258.076,124.9362,66.04,0.92,0,,,,,,TRAIN
2020-03-23,1.0687528848648071,1.0824854373931885,1.0660412311553955,1.0694386959075928,0.0,1.1608604192733765,1.171165943145752,1.148026466369629,1.162304162979126,0.0,1505.300048828125,1567.0,1490.199951171875,1567.0,51.0,22.520000457763672,24.06999969482422,20.799999237060547,23.36000061035156,852951.0,0.65,258.076,126.1262,61.59,0.76,0,,,,,,TRAIN
2020-03-24,1.0764726400375366,1.0888501405715942,1.0753382444381714,1.0764610767364502,0.0,1.1597833633422852,1.1789672374725342,1.1583727598190308,1.1595547199249268,0.0,1592.699951171875,1685.5,1592.699951171875,1660.199951171875,442.0,23.8700008392334,25.15999984741211,23.09000015258789,24.01000022888184,659697.0,0.65,258.076,125.5001,61.67,0.84,0,,,,,,TRAIN
2020-03-25,1.0801235437393188,1.0849517583847046,1.0770175457000732,1.080263614654541,0.0,1.1791479587554932,1.1973179578781128,1.1647138595581057,1.1792036294937134,0.0,1676.5,1676.5,1631.0999755859375,1632.300048828125,476.0,24.3700008392334,25.239999771118164,22.90999984741211,24.489999771118164,618725.0,0.65,258.076,124.7916,63.95,0.88,0,,,,,,TRAIN
2020-03-26,1.0887553691864014,1.1025480031967163,1.0876539945602417,1.0889569520950315,0.0,1.184413194656372,1.213916301727295,1.1822566986083984,1.1851149797439575,0.0,1660.5,1660.5,1650.0999755859375,1650.0999755859375,3.0,24.25,24.649999618530277,22.3799991607666,22.600000381469727,633877.0,0.65,258.076,122.4308,61.0,0.83,0,,,,,,TRAIN
2020-03-27,1.1046184301376345,1.1086474657058716,1.0955182313919067,1.1048258543014526,0.0,1.2193337678909302,1.237991452217102,1.215347409248352,1.2200626134872437,0.0,1623.9000244140625,1623.9000244140625,1623.9000244140625,1623.9000244140625,100638.0,23.290000915527344,23.440000534057617,20.8799991607666,21.51000022888184,603124.0,0.65,258.076,122.4007,65.54,0.72,0,,,,,,TRAIN
2020-03-30,1.1135361194610596,1.1137841939926147,1.1012245416641235,1.113908290863037,0.0,1.2448649406433103,1.2467273473739624,1.2319822311401367,1.245319128036499,0.0,1641.199951171875,1652.800048828125,1607.199951171875,1622.0,16389.0,20.93000030517578,20.93000030517578,19.270000457763672,20.09000015258789,758711.0,0.65,258.076,123.2883,57.08,0.7,0,,,,,,TRAIN
2020-03-31,1.1028398275375366,1.1043622493743896,1.092967867851257,1.1030466556549072,0.0,1.2365524768829346,1.246945023536682,1.2267379760742188,1.2371643781661987,0.0,1618.699951171875,1621.0,1576.0,1583.4000244140625,2874.0,20.229999542236328,21.88999938964844,20.01000022888184,20.479999542236328,660082.0,0.65,258.076,122.5301,53.54,0.7,0,,,,,,TRAIN
2020-04-01,1.1028155088424685,1.1037527322769165,1.0918699502944946,1.102657437324524,0.0,1.2411566972732544,1.2438429594039917,1.23350191116333,1.2408487796783447,0.0,1570.0,1600.0,1570.0,1578.199951171875,2158.0,20.100000381469727,21.549999237060547,19.899999618530277,20.309999465942383,703286.0,0.05,256.032,123.7933,57.06,0.62,0,,,,,,TRAIN
2020-04-02,1.0950982570648191,1.0962989330291748,1.0844340324401855,1.0953621864318848,0.0,1.238175392150879,1.2465564012527466,1.235498309135437,1.238236665725708,0.0,1590.9000244140625,1631.199951171875,1586.0,1625.699951171875,1294.0,21.21999931335449,27.38999938964844,20.76000022888184,25.31999969482422,1095972.0,0.05,256.032,123.5916,50.91,0.63,0,,,,,,TRAIN
2020-04-03,1.084386944770813,1.085894227027893,1.0776199102401731,1.0847399234771729,0.0,1.2391880750656128,1.2394031286239624,1.2207329273223877,1.2394952774047852,0.0,1624.5,1636.0,1619.800048828125,1633.699951171875,643.0,24.809999465942383,29.1299991607666,23.520000457763672,28.34000015258789,1007577.0,0.05,256.032,124.4152,46.8,0.62,0,,,,,,TRAIN
2020-04-06,1.0808240175247192,1.083435297012329,1.0769248008728027,1.0806955099105835,0.0,1.2219561338424685,1.2327415943145752,1.2212845087051392,1.2220158576965332,0.0,1629.0999755859375,1696.699951171875,1625.9000244140625,1677.0,1063.0,26.09000015258789,28.239999771118164,25.280000686645508,26.07999992370605,752710.0,0.05,256.032,124.16,45.24,0.67,0,,,,,,TRAIN
2020-04-07,1.0801936388015747,1.0923351049423218,1.0791398286819458,1.0803803205490112,0.0,1.223481059074402,1.238236665725708,1.222045660018921,1.2240501642227173,0.0,1695.699951171875,1724.4000244140625,1658.0,1664.800048828125,1144.0,26.34000015258789,27.239999771118164,23.540000915527344,23.6299991607666,797707.0,0.05,256.032,123.0956,46.7,0.75,0,,,,,,TRAIN
2020-04-08,1.0894314050674438,1.0896213054656982,1.083177089691162,1.0895144939422607,0.0,1.2337453365325928,1.2418040037155151,1.2289540767669678,1.2338672876358032,0.0,1669.699951171875,1677.0,1662.5,1665.4000244140625,747.0,24.299999237060547,26.450000762939453,23.739999771118164,25.09000015258789,823554.0,0.05,256.032,123.2216,43.35,0.77,0,,,,,,TRAIN
2020-04-09,1.0861183404922483,1.0943553447723389,1.0841801166534424,1.0863661766052246,0.0,1.2391726970672607,1.2475205659866333,1.2362467050552368,1.23931086063385,0.0,1662.699951171875,1736.199951171875,1662.699951171875,1736.199951171875,825.0,26.280000686645508,28.36000061035156,22.56999969482422,22.76000022888184,1122149.0,0.05,256.032,122.476,41.67,0.73,0,,,,,,TRAIN
2020-04-10,1.0925976037979126,1.0954102277755735,1.0921083688735962,1.0927408933639526,0.0,1.2459816932678225,1.2488136291503906,1.2449579238891602,1.2454850673675537,0.0,,,,,,,,,,,0.05,256.032,122.1592,41.67,0.73,0,,,,,,TRAIN
2020-04-13,1.093135118484497,1.0968520641326904,1.089360237121582,1.0932666063308716,0.0,1.2459040880203247,1.253337025642395,1.2455781698226929,1.2461059093475342,0.0,1722.0,1756.800048828125,1710.699951171875,1744.800048828125,696.0,24.600000381469727,24.739999771118164,22.030000686645508,22.40999984741211,775120.0,0.05,256.032,122.5203,41.17,0.76,1,OIL_SUPPLY,OPEC+ agrees record production cut,HIGH,OIL,TRAIN,TRAIN
2020-04-14,1.0919533967971802,1.0983941555023191,1.0915720462799072,1.0922993421554563,0.0,1.2520345449447632,1.2620844841003418,1.2511730194091797,1.2523951530456543,0.0,1756.800048828125,1775.0,1739.5,1756.699951171875,675.0,22.36000061035156,23.07999992370605,19.950000762939453,20.11000061035156,785478.0,0.05,256.032,122.1121,37.76,0.76,0,,,,,,TRAIN
2020-04-15,1.0982372760772705,1.0989010334014893,1.0857645273208618,1.098538875579834,0.0,1.262403130531311,1.262785792350769,1.244075059890747,1.26262629032135,0.0,1739.4000244140625,1744.9000244140625,1722.699951171875,1727.199951171875,642.0,20.71999931335449,20.88999938964844,19.200000762939453,19.8700008392334,544797.0,0.05,256.032,123.0752,40.84,0.63,0,,,,,,TRAIN
2020-04-16,1.090381741523743,1.0907741785049438,1.0829660892486572,1.0905101299285889,0.0,1.2521913051605225,1.2526618242263794,1.241434097290039,1.252097249031067,0.0,1731.0,1750.5999755859375,1715.0,1720.4000244140625,162.0,20.149999618530277,20.530000686645508,19.420000076293945,19.8700008392334,350942.0,0.05,256.032,123.4615,40.11,0.61,0,,,,,,TRAIN
2020-04-17,1.0860122442245483,1.0893245935440063,1.0812681913375854,1.0858471393585205,0.0,1.2487823963165283,1.25231671333313,1.2408641576766968,1.2487823963165283,0.0,1715.699951171875,1725.0,1684.9000244140625,1689.199951171875,223.0,20.0,20.21999931335449,17.309999465942383,18.270000457763672,240628.0,0.05,256.032,122.871,38.15,0.65,0,,,,,,TRAIN
2020-04-20,1.0866258144378662,1.0897043943405151,1.084304690361023,1.0866966247558594,0.0,1.248751163482666,1.249156832695007,1.2418195009231567,1.248751163482666,0.0,1686.0,1701.5999755859375,1680.0,1701.5999755859375,106.0,17.729999542236328,17.850000381469727,-40.31999969482422,-37.630001068115234,247947.0,0.05,256.032,123.1033,43.83,0.63,1,OIL_SUPPLY,WTI crude oil futures turn negative for the first time,SEVERE,OIL,TRAIN,TRAIN
2020-04-21,1.0863542556762695,1.0879971981048584,1.081794500350952,1.0864840745925903,0.0,1.2442454099655151,1.244400143623352,1.2263468503952026,1.2442762851715088,0.0,1697.0,1707.0999755859375,1659.9000244140625,1678.199951171875,666.0,-14.0,13.859999656677246,-16.739999771118164,10.010000228881836,2288230.0,0.05,256.032,123.9116,45.41,0.58,0,,,,,,TRAIN
2020-04-22,1.0857409238815308,1.0883169174194336,1.0824267864227295,1.0856467485427856,0.0,1.2302392721176147,1.2383134365081787,1.227596402168274,1.22986102104187,0.0,1696.0,1728.699951171875,1684.800048828125,1728.699951171875,453.0,13.119999885559082,16.18000030517578,10.260000228881836,13.779999732971191,1235218.0,0.05,256.032,123.9256,41.98,0.63,0,,,,,,TRAIN
2020-04-23,1.0806838274002075,1.0843987464904783,1.0758357048034668,1.080964207649231,0.0,1.2322555780410769,1.2415728569030762,1.23093581199646,1.232392191886902,0.0,1734.0,1745.0999755859375,1733.300048828125,1733.300048828125,482.0,14.199999809265137,18.26000022888184,13.350000381469728,16.5,833584.0,0.05,256.032,123.7542,41.38,0.61,0,,,,,,TRAIN
2020-04-24,1.0776326656341553,1.0817711353302002,1.0727657079696655,1.077702283859253,0.0,1.235315203666687,1.237424612045288,1.2299668788909912,1.235223650932312,0.0,1744.0,1744.0,1714.5,1723.5,221.0,16.780000686645508,17.969999313354492,15.640000343322754,16.940000534057617,600220.0,0.05,256.032,124.1615,35.93,0.6,0,,,,,,TRAIN
2020-04-27,1.08236825466156,1.0860357284545898,1.081221342086792,1.08236825466156,0.0,1.236858367919922,1.2453765869140625,1.2361245155334473,1.2366595268249512,0.0,1731.9000244140625,1731.9000244140625,1711.9000244140625,1711.9000244140625,169.0,16.84000015258789,16.979999542236328,11.880000114440918,12.779999732971191,623201.0,0.05,256.032,123.8843,33.29,0.67,0,,,,,,TRAIN
2020-04-28,1.082719802856445,1.0889687538146973,1.0811277627944946,1.0824854373931885,0.0,1.2422360181808472,1.251846432685852,1.2405717372894287,1.2422668933868408,0.0,1716.5999755859375,1716.5999755859375,1707.0999755859375,1710.5,1255.0,12.960000038146973,13.6899995803833,10.06999969482422,12.34000015258789,897087.0,0.05,256.032,123.3693,33.57,0.62,0,,,,,,TRAIN
2020-04-29,1.0832358598709106,1.0874292850494385,1.0831655263900757,1.0836584568023682,0.0,1.2433944940567017,1.248626470565796,1.2390499114990234,1.2435646057128906,0.0,1710.0,1713.5,1702.0,1703.4000244140625,373.0,13.350000381469728,16.780000686645508,12.670000076293944,15.0600004196167,554134.0,0.05,256.032,122.7782,31.23,0.63,0,,,,,,TRAIN
2020-04-30,1.0876659154891968,1.0969964265823364,1.083564519882202,1.087725043296814,0.0,1.2469139099121094,1.2637752294540403,1.242992639541626,1.2471472024917605,0.0,1719.300048828125,1719.300048828125,1680.800048828125,1684.199951171875,327.0,15.640000343322754,19.440000534057617,15.449999809265137,18.84000015258789,545344.0,0.05,256.032,122.327,34.15,0.64,0,,,,,,TRAIN
2020-05-01,1.094475030899048,1.101624846458435,1.0935415029525757,1.094546914100647,0.0,1.25809907913208,1.25809907913208,1.2504063844680786,1.2581465244293213,0.0,1686.5999755859375,1701.5,1670.5,1694.5,337.0,19.040000915527344,20.479999542236328,18.06999969482422,19.780000686645508,403201.0,0.05,255.802,123.1492,37.19,0.64,0,,,,,,TRAIN
2020-05-04,1.0957462787628174,1.0957822799682615,1.0901321172714231,1.0959625244140625,0.0,1.2456557750701904,1.2468827962875366,1.240648627281189,1.2454230785369873,0.0,1702.5999755859375,1709.0,1699.5999755859375,1706.9000244140625,320.0,19.11000061035156,21.420000076293945,18.049999237060547,20.38999938964844,311488.0,0.05,255.802,123.2117,35.97,0.64,0,,,,,,TRAIN
2020-05-05,1.090453028678894,1.092132329940796,1.0826963186264038,1.0904293060302734,0.0,1.2448184490203855,1.2480343580245972,1.2422205209732056,1.244555115699768,0.0,1701.5,1704.4000244140625,1697.199951171875,1704.4000244140625,82.0,21.239999771118164,25.489999771118164,21.1299991607666,24.559999465942383,387240.0,0.05,255.802,122.803,33.61,0.66,0,,,,,,TRAIN
2020-05-06,1.0840108394622805,1.084481120109558,1.0784229040145874,1.0838581323623655,0.0,1.244524002075195,1.2450199127197266,1.2337758541107178,1.244420289993286,0.0,1704.0,1704.0,1684.199951171875,1684.199951171875,469.0,25.520000457763672,26.07999992370605,22.57999992370605,23.989999771118164,381165.0,0.05,255.802,123.609,34.12,0.72,0,,,,,,TRAIN
2020-05-07,1.0800535678863523,1.08157217502594,1.0767507553100586,1.0798553228378296,0.0,1.2327415943145752,1.2414649724960327,1.2269939184188845,1.232559323310852,0.0,1686.199951171875,1721.800048828125,1685.5999755859375,1721.800048828125,853.0,24.09000015258789,26.739999771118164,22.940000534057617,23.549999237060547,310261.0,0.05,255.802,123.1249,31.44,0.63,0,,,,,,TRAIN
2020-05-08,1.0836936235427856,1.0873347520828247,1.0816305875778198,1.0837171077728271,0.0,1.2374093532562256,1.2463544607162476,1.2357732057571411,1.237593173980713,0.0,1726.199951171875,1728.9000244140625,1703.800048828125,1709.9000244140625,330.0,23.350000381469727,24.989999771118164,23.26000022888184,24.739999771118164,205181.0,0.05,255.802,122.5379,27.98,0.69,0,,,,,,TRAIN
2020-05-11,1.0840108394622805,1.0853049755096436,1.0804269313812256,1.0839520692825315,0.0,1.241634488105774,1.2437810897827148,1.22857666015625,1.2417423725128174,0.0,1702.300048828125,1704.5,1690.199951171875,1695.300048828125,749.0,24.489999771118164,25.57999992370605,23.670000076293945,24.13999938964844,179591.0,0.05,255.802,123.2333,27.57,0.73,0,,,,,,TRAIN
2020-05-12,1.080917477607727,1.08804452419281,1.078539252281189,1.080940842628479,0.0,1.233228087425232,1.237623691558838,1.2288635969161987,1.2333498001098633,0.0,1699.300048828125,1713.0999755859375,1699.300048828125,1704.4000244140625,324.0,24.489999771118164,26.229999542236328,24.21999931335449,25.780000686645508,212335.0,0.05,255.802,123.0592,33.04,0.69,0,,,,,,TRAIN
2020-05-13,1.0846339464187622,1.089336395263672,1.0831419229507446,1.0846810340881348,0.0,1.2253700494766235,1.2337453365325928,1.222195029258728,1.2254902124404907,0.0,1702.0,1721.300048828125,1701.9000244140625,1713.9000244140625,431.0,25.299999237060547,26.450000762939453,24.790000915527344,25.290000915527344,150864.0,0.05,255.802,123.5408,35.28,0.64,0,,,,,,TRAIN
2020-05-14,1.0821925401687622,1.0824854373931885,1.0776559114456177,1.08236825466156,0.0,1.2239452600479126,1.2241400480270386,1.2168854475021362,1.224155068397522,0.0,1724.300048828125,1743.0999755859375,1720.5,1738.0999755859375,672.0,25.559999465942383,27.959999084472656,25.18000030517578,27.559999465942383,160507.0,0.05,255.802,123.6429,32.61,0.63,0,,,,,,TRAIN
2020-05-15,1.0806254148483276,1.0849517583847046,1.079086184501648,1.0806955099105835,0.0,1.22339129447937,1.2238104343414309,1.2116365432739258,1.22339129447937,0.0,1739.699951171875,1753.4000244140625,1739.699951171875,1753.4000244140625,719.0,27.63999938964844,29.920000076293945,27.239999771118164,29.43000030517578,108016.0,0.05,255.802,123.5991,31.89,0.64,0,,,,,,TRAIN
2020-05-18,1.081946611404419,1.0912741422653198,1.0800886154174805,1.0821340084075928,0.0,1.208605170249939,1.2224340438842771,1.208605170249939,1.2085760831832886,0.0,1755.699951171875,1770.5,1731.800048828125,1731.800048828125,229.0,29.530000686645508,33.31999969482422,29.530000686645508,31.81999969482422,89376.0,0.05,255.802,122.7968,29.3,0.73,0,,,,,,TRAIN
2020-05-19,1.0915838479995728,1.0975141525268557,1.090274691581726,1.0915124416351318,0.0,1.220256209373474,1.2269337177276611,1.2184869050979614,1.2200031280517578,0.0,1744.199951171875,1749.5,1744.199951171875,1744.199951171875,167.0,32.83000183105469,33.439998626708984,31.34000015258789,32.5,430823.0,0.05,255.802,122.5655,30.53,0.7,0,,,,,,TRAIN
2020-05-20,1.0930156707763672,1.0999042987823486,1.0929200649261477,1.0927767753601074,0.0,1.2259409427642822,1.228697419166565,1.2223145961761477,1.2255953550338743,0.0,1751.5999755859375,1752.0999755859375,1745.5999755859375,1750.5999755859375,16.0,31.88999938964844,33.779998779296875,31.559999465942383,33.4900016784668,406431.0,0.05,255.802,122.1007,27.99,0.68,0,,,,,,TRAIN
2020-05-21,1.097935914993286,1.1008729934692385,1.093948245048523,1.0982975959777832,0.0,1.2235409021377563,1.224949836730957,1.218650221824646,1.223690629005432,0.0,1746.800048828125,1746.800048828125,1720.5,1720.5,528.0,33.529998779296875,34.65999984741211,33.2599983215332,33.91999816894531,372814.0,0.05,255.802,122.0914,29.53,0.68,0,,,,,,TRAIN
2020-05-22,1.095242261886597,1.0955302715301514,1.0886130332946775,1.0952903032302856,0.0,1.2226134538650513,1.2235409021377563,1.2163379192352295,1.2223445177078247,0.0,1726.5999755859375,1734.5999755859375,1726.5999755859375,1734.5999755859375,6.0,33.95000076293945,34.0,30.71999931335449,33.25,429036.0,0.05,255.802,122.3211,28.16,0.66,0,,,,,,TRAIN
2020-05-25,1.0909050703048706,1.0914647579193115,1.0872046947479248,1.0907801389694214,0.0,1.2186651229858398,1.2203902006149292,1.2165006399154663,1.218605637550354,0.0,,,,,,,,,,,0.05,255.802,122.3211,28.16,0.66,0,,,,,,TRAIN
2020-05-26,1.0901083946228027,1.0991548299789429,1.0898351669311523,1.0902997255325315,0.0,1.2200478315353394,1.2362773418426514,1.2198543548583984,1.220137119293213,0.0,1726.4000244140625,1726.4000244140625,1704.800048828125,1704.800048828125,39.0,33.29999923706055,34.810001373291016,32.47999954223633,34.349998474121094,466737.0,0.05,255.802,121.3864,28.01,0.69,0,,,,,,TRAIN
2020-05-27,1.098056435585022,1.1029858589172363,1.093661189079285,1.0981770753860474,0.0,1.23350191116333,1.234933853149414,1.2209415435791016,1.23350191116333,0.0,1685.5999755859375,1710.300048828125,1685.5999755859375,1710.300048828125,137416.0,34.13999938964844,34.31999969482422,31.75,32.810001373291016,415246.0,0.05,255.802,121.5677,27.62,0.68,0,,,,,,TRAIN
2020-05-28,1.1015278100967407,1.1071866750717163,1.0993118286132812,1.1016855239868164,0.0,1.2263166904449463,1.23350191116333,1.2235409021377563,1.2264822721481323,0.0,1709.300048828125,1727.800048828125,1705.0,1713.300048828125,23355.0,32.099998474121094,34.209999084472656,31.13999938964844,33.709999084472656,440168.0,0.05,255.802,121.0138,28.59,0.7,0,,,,,,TRAIN
2020-05-29,1.1078122854232788,1.114466905593872,1.1070396900177002,1.1079105138778689,0.0,1.2319670915603638,1.239218831062317,1.2293318510055542,1.2321492433547974,0.0,1718.800048828125,1738.300048828125,1715.0999755859375,1736.9000244140625,1526.0,33.68000030517578,35.77000045776367,32.36000061035156,35.4900016784668,443647.0,0.05,255.802,120.9458,27.51,0.65,0,,,,,,TRAIN
2020-06-01,1.1114568710327148,1.115200161933899,1.1101489067077637,1.1118524074554443,0.0,1.2345373630523682,1.2485017776489258,1.2345373630523682,1.23479962348938,0.0,1740.4000244140625,1747.0,1727.0999755859375,1737.800048828125,871.0,35.209999084472656,35.900001525878906,34.27000045776367,35.439998626708984,385710.0,0.08,257.042,120.2686,28.23,0.66,0,,,,,,TRAIN
2020-06-02,1.1125574111938477,1.1195701360702517,1.1115680932998655,1.1125946044921875,0.0,1.248844861984253,1.2575452327728271,1.2479565143585205,1.248704433441162,0.0,1743.0,1745.5,1721.800048828125,1725.199951171875,741.0,35.560001373291016,37.060001373291016,35.279998779296875,36.810001373291016,343483.0,0.08,257.042,119.6854,26.84,0.68,0,,,,,,TRAIN
2020-06-03,1.1185681819915771,1.1249985694885254,1.118105411529541,1.118943691253662,0.0,1.2578933238983154,1.261304497718811,1.2554926872253418,1.2581465244293213,0.0,1726.300048828125,1726.300048828125,1684.5,1697.800048828125,2755.0,36.86000061035156,38.18000030517578,35.880001068115234,37.290000915527344,494253.0,0.08,257.042,119.2556,25.66,0.77,0,,,,,,TRAIN
2020-06-04,1.123721718788147,1.1360538005828855,1.1195951700210571,1.1235954761505127,0.0,1.2574503421783447,1.2622278928756714,1.250156283378601,1.2575136423110962,0.0,1694.5,1718.9000244140625,1694.5,1718.9000244140625,807.0,36.7599983215332,37.619998931884766,36.380001068115234,37.40999984741211,307612.0,0.08,257.042,119.3014,25.81,0.82,0,,,,,,TRAIN
2020-06-05,1.1337226629257202,1.1383945941925049,1.1285662651062012,1.1337867975234983,0.0,1.2602870464324951,1.2729772329330444,1.2584314346313477,1.2609069347381592,0.0,1711.800048828125,1711.800048828125,1668.5999755859375,1676.199951171875,1502.0,37.33000183105469,39.68000030517578,37.04999923706055,39.54999923706055,396856.0,0.08,257.042,118.8138,24.52,0.91,0,,,,,,TRAIN
2020-06-08,1.1316057443618774,1.131874680519104,1.126950979232788,1.1319515705108645,0.0,1.2713911533355713,1.271876335144043,1.2628655433654783,1.2725722789764404,0.0,1679.0999755859375,1699.4000244140625,1675.9000244140625,1698.300048828125,587.0,39.40999984741211,40.43999862670898,37.959999084472656,38.18999862670898,416639.0,0.08,257.042,118.6621,25.81,0.88,0,,,,,,TRAIN
2020-06-09,1.1302883625030518,1.1363377571105957,1.1243661642074585,1.1305567026138306,0.0,1.273236632347107,1.2754939794540403,1.2626900672912598,1.2735283374786377,0.0,1694.5999755859375,1720.9000244140625,1692.0,1714.699951171875,690.0,38.220001220703125,39.09999847412109,37.06999969482422,38.93999862670898,396033.0,0.08,257.042,118.5893,27.57,0.84,0,,,,,,TRAIN
2020-06-10,1.1334141492843628,1.1388872861862185,1.1334141492843628,1.1332215070724487,0.0,1.2711325883865356,1.280032753944397,1.2707449197769165,1.2711325883865356,0.0,1716.0999755859375,1740.800048828125,1711.9000244140625,1713.300048828125,718.0,38.5,39.90999984741211,37.72999954223633,39.59999847412109,385868.0,0.08,257.042,118.5231,27.57,0.75,0,,,,,,TRAIN
2020-06-11,1.1368675231933594,1.1400169134140017,1.1326054334640503,1.1365444660186768,0.0,1.2714234590530396,1.2750385999679563,1.2624987363815308,1.2710679769515991,0.0,1737.199951171875,1744.0999755859375,1720.0,1732.0,347.0,39.09000015258789,39.09000015258789,35.40999984741211,36.34000015258789,513912.0,0.08,257.042,119.2347,40.79,0.66,0,,,,,,TRAIN
2020-06-12,1.1289358139038086,1.1339796781539917,1.1234692335128784,1.1288082599639893,0.0,1.2575610876083374,1.2650861740112305,1.2523324489593506,1.257703423500061,0.0,1724.9000244140625,1743.0,1724.9000244140625,1729.300048828125,318.0,36.2599983215332,36.9900016784668,34.47999954223633,36.2599983215332,406508.0,0.08,257.042,119.6645,36.09,0.71,0,,,,,,TRAIN
2020-06-15,1.1254163980484009,1.12920343875885,1.1228764057159424,1.1252011060714722,0.0,1.2512356042861938,1.2578458786010742,1.2456247806549072,1.2508755922317505,0.0,1730.0,1730.0,1703.300048828125,1720.300048828125,188.0,36.02999877929688,37.2599983215332,34.36000061035156,37.119998931884766,387546.0,0.08,257.042,119.9539,34.4,0.71,0,,,,,,TRAIN
2020-06-16,1.13379967212677,1.1349835395812988,1.1231664419174194,1.1337740421295166,0.0,1.2638230323791504,1.2687134742736816,1.2560290098190308,1.2637752294540403,0.0,1726.300048828125,1729.5999755859375,1722.4000244140625,1729.5999755859375,22.0,37.04999923706055,39.060001373291016,36.380001068115234,38.380001068115234,366323.0,0.08,257.042,119.567,33.67,0.75,0,,,,,,TRAIN
2020-06-17,1.12649405002594,1.1296881437301636,1.1210259199142456,1.1265701055526731,0.0,1.2583839893341064,1.2587324380874634,1.251423478126526,1.258510708808899,0.0,1714.699951171875,1729.199951171875,1714.699951171875,1729.199951171875,51.0,37.93000030517578,38.75,37.209999084472656,37.959999084472656,239516.0,0.08,257.042,119.9105,33.47,0.74,0,,,,,,TRAIN
2020-06-18,1.1241259574890137,1.1262530088424685,1.1204607486724854,1.1242902278900146,0.0,1.2551618814468384,1.2563287019729614,1.2404638528823853,1.2552721500396729,0.0,1730.5,1734.0999755859375,1717.300048828125,1724.800048828125,110.0,37.7400016784668,38.970001220703125,37.11000061035156,38.84000015258789,113384.0,0.08,257.042,120.2173,32.94,0.71,0,,,,,,TRAIN
2020-06-19,1.1207244396209717,1.1252998113632202,1.1173933744430542,1.1211000680923462,0.0,1.2424829006195068,1.2454850673675537,1.2350863218307495,1.2426837682724,0.0,1723.699951171875,1750.699951171875,1723.5,1745.9000244140625,1329.0,38.84999847412109,40.4900016784668,38.400001525878906,39.75,64113.0,0.08,257.042,120.2186,35.12,0.7,0,,,,,,TRAIN
2020-06-22,1.1179429292678833,1.126773238182068,1.1175556182861328,1.1177555322647097,0.0,1.2345526218414309,1.2455006837844849,1.2337301969528198,1.234811782836914,0.0,1755.199951171875,1767.5999755859375,1750.5,1756.699951171875,1356.0,39.18000030517578,40.70000076293945,39.119998931884766,40.459999084472656,315264.0,0.08,257.042,119.7532,31.77,0.71,0,,,,,,TRAIN
2020-06-23,1.1277135610580444,1.1348998546600342,1.1234314441680908,1.1279679536819458,0.0,1.2499375343322754,1.2531641721725464,1.24337899684906,1.250156283378601,0.0,1755.4000244140625,1776.300048828125,1754.199951171875,1772.0999755859375,666.0,40.68000030517578,41.630001068115234,39.7599983215332,40.369998931884766,368730.0,0.08,257.042,119.3285,31.37,0.72,0,,,,,,TRAIN
2020-06-24,1.1313625574111938,1.1326310634613037,1.1259866952896118,1.1312345266342163,0.0,1.252803087234497,1.2543007135391235,1.2416961193084717,1.2524893283843994,0.0,1778.300048828125,1783.0999755859375,1764.5,1765.800048828125,961.0,39.9900016784668,40.540000915527344,37.310001373291016,38.0099983215332,499490.0,0.08,257.042,119.9744,33.84,0.69,0,,,,,,TRAIN
2020-06-25,1.1251378059387207,1.1259993314743042,1.119144082069397,1.1250872611999512,0.0,1.2415112257003784,1.2464165687561035,1.2393569946289062,1.2412954568862915,0.0,1761.699951171875,1764.800048828125,1759.800048828125,1762.0999755859375,207.0,38.04999923706055,39.22999954223633,37.08000183105469,38.720001220703125,451640.0,0.08,257.042,120.2997,32.22,0.68,0,,,,,,TRAIN
2020-06-26,1.1220825910568235,1.1238985061645508,1.1197832822799685,1.1222084760665894,0.0,1.2424211502075195,1.2436883449554443,1.2317243814468384,1.2425447702407837,0.0,1766.0,1772.5,1764.699951171875,1772.5,640.0,39.09000015258789,39.34999847412109,37.790000915527344,38.4900016784668,356712.0,0.08,257.042,120.533,34.73,0.64,0,,,,,,TRAIN
2020-06-29,1.1224100589752195,1.1289230585098269,1.1220574378967283,1.1225864887237549,0.0,1.234095573425293,1.2390038967132568,1.2254151105880735,1.234217405319214,0.0,1779.800048828125,1780.199951171875,1774.300048828125,1774.800048828125,584.0,37.959999084472656,39.88999938964844,37.5,39.70000076293945,343913.0,0.08,257.042,120.6658,31.78,0.64,0,,,,,,TRAIN
2020-06-30,1.124707579612732,1.126164197921753,1.1192318201065063,1.1247202157974243,0.0,1.231072187423706,1.2392034530639648,1.2260010242462158,1.2310571670532229,0.0,1777.300048828125,1793.199951171875,1774.4000244140625,1793.0,986.0,39.63999938964844,40.08000183105469,38.84999847412109,39.27000045776367,370059.0,0.08,257.042,120.4649,30.43,0.66,0,,,,,,TRAIN
2020-07-01,1.123368263244629,1.1274592876434326,1.1189186573028564,1.1235954761505127,0.0,1.2388657331466677,1.247738480567932,1.2360328435897827,1.238927125930786,0.0,1793.5999755859375,1798.0,1765.800048828125,1773.199951171875,331.0,39.84000015258789,40.58000183105469,39.04999923706055,39.81999969482422,407170.0,0.09,258.352,120.0808,28.62,0.69,0,,,,,,TRAIN
2020-07-02,1.1253403425216677,1.1303266286849976,1.1227755546569824,1.1251378059387207,0.0,1.2468206882476809,1.2529758214950562,1.2461835145950315,1.2464786767959597,0.0,1773.4000244140625,1784.0,1768.699951171875,1784.0,215.0,39.77999877929688,40.7400016784668,39.459999084472656,40.650001525878906,347096.0,0.09,258.352,119.8555,27.68,0.68,0,,,,,,TRAIN
2020-07-03,1.123974323272705,1.125112533569336,1.122107744216919,1.1237848997116089,0.0,1.2466963529586792,1.248626470565796,1.244075059890747,1.2466403245925903,0.0,,,,,,,,,,,0.09,258.352,119.8555,27.68,0.68,0,,,,,,TRAIN
2020-07-06,1.1248847246170044,1.134687423706055,1.1248847246170044,1.1247202157974243,0.0,1.2477540969848633,1.2519874572753906,1.247676134109497,1.247551679611206,0.0,1788.199951171875,1790.0999755859375,1788.199951171875,1788.5,172.0,40.380001068115234,41.08000183105469,39.84000015258789,40.630001068115234,373236.0,0.09,258.352,119.2852,27.94,0.69,0,,,,,,TRAIN
2020-07-07,1.131029725074768,1.1336582899093628,1.126037359237671,1.1312856674194336,0.0,1.24945330619812,1.2590969800949097,1.2463854551315308,1.249547004699707,0.0,1789.300048828125,1804.199951171875,1783.300048828125,1804.199951171875,751.0,40.68000030517578,40.95000076293945,39.900001525878906,40.619998931884766,256596.0,0.09,258.352,119.5717,29.43,0.65,0,,,,,,TRAIN
2020-07-08,1.1272813081741333,1.1345586776733398,1.1265194416046145,1.1275228261947632,0.0,1.2537927627563477,1.2600330114364624,1.25101637840271,1.2542802095413208,0.0,1801.5,1817.9000244140625,1801.5,1815.5,209.0,40.47999954223633,41.08000183105469,40.29999923706055,40.900001525878906,286740.0,0.09,258.352,119.5525,28.08,0.67,0,,,,,,TRAIN
2020-07-09,1.1337867975234983,1.137268304824829,1.128795504570007,1.1339154243469238,0.0,1.2612725496292114,1.2669453620910645,1.2602235078811646,1.2613521814346311,0.0,1816.0999755859373,1819.800048828125,1799.199951171875,1799.199951171875,396.0,40.869998931884766,40.9900016784668,39.27000045776367,39.619998931884766,367386.0,0.09,258.352,119.5129,29.26,0.62,0,,,,,,TRAIN
2020-07-10,1.1289230585098269,1.1324771642684937,1.1257203817367554,1.128795504570007,0.0,1.2606525421142578,1.26639986038208,1.2569130659103394,1.2605094909667969,0.0,1805.5,1805.5,1797.699951171875,1798.199951171875,236.0,39.58000183105469,40.77000045776367,38.540000915527344,40.54999923706055,393149.0,0.09,258.352,119.3509,27.29,0.65,0,,,,,,TRAIN
2020-07-13,1.1308763027191162,1.1370484828948977,1.130454421043396,1.1310042142868042,0.0,1.2626900672912598,1.266640543937683,1.259303092956543,1.2627506256103516,0.0,1805.0,1811.0,1805.0,1811.0,164.0,40.34999847412109,40.720001220703125,39.470001220703125,40.09999847412109,370715.0,0.09,258.352,119.1891,32.19,0.64,0,,,,,,TRAIN
2020-07-14,1.1345844268798828,1.140706181526184,1.1326310634613037,1.134549617767334,0.0,1.2549728155136108,1.2559658288955688,1.24819016456604,1.255177617073059,0.0,1791.0,1811.5,1791.0,1810.5999755859373,339.0,39.59999847412109,40.56999969482422,39.06999969482422,40.290000915527344,426971.0,0.09,258.352,119.3901,29.52,0.63,0,,,,,,TRAIN
2020-07-15,1.141083598136902,1.1452995538711548,1.1393544673919678,1.1410704851150513,0.0,1.2571184635162354,1.2649741172790527,1.2564393281936646,1.25692880153656,0.0,1806.0999755859373,1813.5,1806.0999755859373,1811.4000244140625,167.0,40.54999923706055,41.2599983215332,40.08000183105469,41.20000076293945,352542.0,0.09,258.352,119.0331,27.76,0.64,0,,,,,,TRAIN
2020-07-16,1.141734957695007,1.1442996263504028,1.1379542350769043,1.1417193412780762,0.0,1.2590335607528689,1.262434959411621,1.252097249031067,1.2591001987457275,0.0,1810.9000244140625,1810.9000244140625,1794.300048828125,1798.699951171875,146.0,40.970001220703125,41.18000030517578,40.52000045776367,40.75,200101.0,0.09,258.352,118.9275,28.0,0.62,0,,,,,,TRAIN
2020-07-17,1.1386499404907229,1.144164800643921,1.137889385223389,1.139211654663086,0.0,1.2560131549835205,1.257228970527649,1.2513452768325806,1.255950093269348,0.0,1798.5,1810.0999755859373,1798.5,1808.300048828125,24.0,40.720001220703125,40.900001525878906,40.02000045776367,40.59000015258789,88220.0,0.09,258.352,119.124,25.68,0.64,0,,,,,,TRAIN
2020-07-20,1.1439553499221802,1.1467890739440918,1.1405240297317505,1.1442956924438477,0.0,1.257228970527649,1.265934944152832,1.2519091367721558,1.2571184635162354,0.0,1807.0,1817.300048828125,1807.0,1815.9000244140625,89.0,40.63999938964844,40.90999984741211,39.83000183105469,40.810001373291016,60179.0,0.09,258.352,119.0483,24.46,0.62,0,,,,,,TRAIN
2020-07-21,1.1457641124725342,1.1498006582260132,1.1426221132278442,1.1458691358566284,0.0,1.2664639949798584,1.275136113166809,1.2652782201766968,1.266175389289856,0.0,1822.0,1842.4000244140625,1822.0,1842.4000244140625,117.0,40.650001525878906,42.400001525878906,40.63999938964844,41.959999084472656,389117.0,0.09,258.352,118.4042,24.84,0.61,0,,,,,,TRAIN
2020-07-22,1.1535090208053589,1.160092830657959,1.1508538722991943,1.15340256690979,0.0,1.2734473943710327,1.2740801572799685,1.26457417011261,1.273074507713318,0.0,1858.0999755859373,1867.0,1854.699951171875,1864.0999755859373,213.0,41.540000915527344,42.02999877929688,41.13999938964844,41.900001525878906,333647.0,0.09,258.352,118.1337,24.32,0.6,0,,,,,,TRAIN
2020-07-23,1.156671166419983,1.1624257564544678,1.15421462059021,1.1568717956542969,0.0,1.2730907201766968,1.275982141494751,1.2674272060394287,1.2729934453964231,0.0,1868.699951171875,1890.300048828125,1868.5,1889.0999755859373,133.0,41.95000076293945,42.36000061035156,40.83000183105469,41.06999969482422,389412.0,0.09,258.352,118.0613,26.08,0.59,0,,,,,,TRAIN
2020-07-24,1.1595009565353394,1.164008855819702,1.1581714153289795,1.1596084833145142,0.0,1.273058295249939,1.2794759273529053,1.2720056772232056,1.273074507713318,0.0,1884.300048828125,1897.300048828125,1884.300048828125,1897.300048828125,474.0,41.060001373291016,41.66999816894531,40.65999984741211,41.290000915527344,353159.0,0.09,258.352,118.1329,25.84,0.59,0,,,,,,TRAIN
2020-07-27,1.1652567386627195,1.1779533624649048,1.1652567386627195,1.1652567386627195,0.0,1.2798033952713013,1.2899564504623413,1.2798033952713013,1.2795906066894531,0.0,1901.699951171875,1938.0,1901.5,1931.0,364.0,41.2599983215332,41.81999969482422,40.47999954223633,41.59999847412109,377714.0,0.09,258.352,117.3869,24.74,0.62,0,,,,,,TRAIN
2020-07-28,1.1766505241394043,1.1775789260864258,1.1700997352600098,1.1769275665283203,0.0,1.288875699043274,1.2948838472366333,1.2841421365737915,1.2889753580093384,0.0,1931.5,1944.699951171875,1928.5999755859373,1944.699951171875,825.0,41.650001525878906,41.93000030517578,40.84999847412109,41.040000915527344,276804.0,0.09,258.352,117.3189,25.44,0.59,0,,,,,,TRAIN
2020-07-29,1.17205810546875,1.1778993606567385,1.1714951992034912,1.171879529953003,0.0,1.292724609375,1.299376368522644,1.2912722826004028,1.292373776435852,0.0,1953.199951171875,1953.5,1952.5999755859373,1953.5,209835.0,41.130001068115234,41.56999969482422,40.93000030517578,41.27000045776367,295855.0,0.09,258.352,117.2126,24.1,0.58,0,,,,,,TRAIN
2020-07-30,1.1786893606185913,1.1807351112365725,1.17326819896698,1.1782865524291992,0.0,1.2982629537582395,1.3069844245910645,1.2945654392242432,1.298246145248413,0.0,1963.4000244140625,1965.0999755859373,1930.0,1942.300048828125,28853.0,41.31999969482422,41.38999938964844,38.720001220703125,39.91999816894531,487325.0,0.09,258.352,117.4008,24.76,0.55,0,,,,,,TRAIN
2020-07-31,1.1873664855957031,1.1907994747161863,1.180261254310608,1.1872254610061646,0.0,1.3117506504058838,1.3169677257537842,1.3106675148010254,1.311785101890564,0.0,1948.5999755859373,1981.0999755859373,1948.0,1962.800048828125,2914.0,40.34000015258789,40.54999923706055,39.65999984741211,40.27000045776367,318788.0,0.09,258.352,117.2082,24.46,0.55,0,,,,,,TRAIN
2020-08-03,1.1784114837646484,1.17875874042511,1.1701380014419556,1.1782310009002686,0.0,1.3101009130477903,1.3111659288406372,1.300593018531799,1.3101695775985718,0.0,1984.300048828125,1984.300048828125,1955.5,1966.0,683.0,40.38999938964844,41.2400016784668,39.58000183105469,41.0099983215332,338326.0,0.1,259.316,117.8074,24.28,0.56,0,,,,,,TRAIN
2020-08-04,1.1760554313659668,1.180498123168945,1.1724153757095337,1.1763322353363037,0.0,1.307805061340332,1.3106331825256348,1.298419713973999,1.3078734874725342,0.0,1971.0,2016.199951171875,1968.800048828125,2001.199951171875,2010.0,40.77999877929688,42.08000183105469,40.13999938964844,41.70000076293945,451575.0,0.1,259.316,117.7833,23.76,0.52,0,,,,,,TRAIN
2020-08-05,1.1814883947372437,1.190532922744751,1.1799967288970947,1.181544303894043,0.0,1.3086949586868286,1.3162050247192385,1.306045651435852,1.3086093664169312,0.0,2024.0,2050.199951171875,2011.0,2031.0999755859373,1422.0,41.560001373291016,43.52000045776367,41.470001220703125,42.18999862670898,491268.0,0.1,259.316,116.8736,22.99,0.55,0,,,,,,TRAIN
2020-08-06,1.1873664855957031,1.1911852359771729,1.182075023651123,1.187281847000122,0.0,1.3126977682113647,1.31851327419281,1.3119744062423706,1.31268048286438,0.0,2045.5,2063.0,2040.0,2051.5,294.0,42.18999862670898,42.650001525878906,41.61000061035156,41.95000076293945,359610.0,0.1,259.316,117.0422,22.65,0.55,0,,,,,,TRAIN
2020-08-07,1.187507390975952,1.1883541345596311,1.1756545305252075,1.1876484155654907,0.0,1.313439130783081,1.3148033618927002,1.301168441772461,1.3138015270233154,0.0,2040.0999755859373,2055.0,2009.5999755859373,2010.0999755859373,808.0,41.970001220703125,42.220001220703125,41.060001373291016,41.220001220703125,398997.0,0.1,259.316,117.6239,22.21,0.57,0,,,,,,TRAIN
2020-08-10,1.1782448291778564,1.1801999807357788,1.174300193786621,1.178272724151611,0.0,1.3052955865859983,1.3102039098739624,1.3019646406173706,1.3052273988723757,0.0,2026.4000244140625,2043.800048828125,2017.5,2024.4000244140625,233.0,41.5,42.33000183105469,41.16999816894531,41.93999862670898,367796.0,0.1,259.316,117.5821,22.13,0.59,0,,,,,,TRAIN
2020-08-11,1.1737639904022217,1.180498123168945,1.1723191738128662,1.1737778186798096,0.0,1.3076168298721311,1.3131287097930908,1.3057386875152588,1.3077194690704346,0.0,2012.4000244140625,2016.0,1904.0,1932.5999755859373,971.0,41.97999954223633,42.93999862670898,41.47999954223633,41.61000061035156,432843.0,0.1,259.316,117.3781,24.03,0.64,0,,,,,,TRAIN
2020-08-12,1.1739845275878906,1.181265115737915,1.1713030338287354,1.1736538410186768,0.0,1.305431842803955,1.3066771030426023,1.3007283210754397,1.3050740957260132,0.0,1923.0,1946.5999755859373,1871.5999755859373,1934.9000244140625,404.0,41.619998931884766,42.900001525878906,41.52999877929688,42.66999816894531,397831.0,0.1,259.316,117.2559,22.28,0.69,0,,,,,,TRAIN
2020-08-13,1.1796486377716064,1.186400055885315,1.179467797279358,1.179380178451538,0.0,1.3049719333648682,1.3121638298034668,1.3045003414154053,1.3048017024993896,0.0,1921.5,1957.4000244140625,1916.9000244140625,1956.699951171875,71.0,42.56999969482422,42.84000015258789,42.09000015258789,42.2400016784668,329507.0,0.1,259.316,117.1193,22.13,0.71,0,,,,,,TRAIN
2020-08-14,1.1818934679031372,1.183800458908081,1.178467035293579,1.1816558837890625,0.0,1.3070015907287598,1.3141640424728394,1.3050740957260132,1.3070528507232666,0.0,1938.699951171875,1947.4000244140625,1937.0,1937.0,201.0,42.33000183105469,42.56999969482422,41.619998931884766,42.0099983215332,310866.0,0.1,259.316,116.9395,22.05,0.71,0,,,,,,TRAIN
2020-08-17,1.185044765472412,1.1880717277526855,1.183039903640747,1.1852554082870483,0.0,1.3104442358016968,1.312129259109497,1.3074800968170166,1.3107001781463623,0.0,1949.5999755859373,1985.0,1949.5999755859373,1985.0,97.0,42.2400016784668,42.970001220703125,41.79999923706055,42.88999938964844,208429.0,0.1,259.316,116.749,21.35,0.69,0,,,,,,TRAIN
2020-08-18,1.187930703163147,1.1965157985687256,1.1875356435775757,1.1876484155654907,0.0,1.310787796974182,1.324047327041626,1.3107191324234009,1.310787796974182,0.0,2001.0999755859373,2002.800048828125,1972.0999755859373,1999.4000244140625,92.0,42.790000915527344,42.9900016784668,42.11000061035156,42.88999938964844,111628.0,0.1,259.316,116.5593,21.51,0.67,0,,,,,,TRAIN
2020-08-19,1.1947288513183594,1.1954572200775146,1.1893434524536133,1.1947859525680542,0.0,1.3253107070922852,1.326735019683838,1.3173668384552002,1.325398564338684,0.0,1980.0,1980.0,1938.699951171875,1958.699951171875,347.0,42.59999847412109,43.02999877929688,42.36000061035156,42.93000030517578,81299.0,0.1,259.316,116.567,22.54,0.68,0,,,,,,TRAIN
2020-08-20,1.184174656867981,1.1868449449539185,1.1806515455245972,1.1843500137329102,0.0,1.310753345489502,1.319365620613098,1.3066089153289795,1.311079978942871,0.0,1941.199951171875,1948.300048828125,1922.300048828125,1933.800048828125,106.0,42.7400016784668,42.790000915527344,41.5,42.58000183105469,377070.0,0.1,259.316,116.8126,22.72,0.65,0,,,,,,TRAIN
2020-08-21,1.1870845556259155,1.1886366605758667,1.1754900217056274,1.1873664855957031,0.0,1.3221566677093506,1.325486421585083,1.3064039945602417,1.3220343589782717,0.0,1941.0,1945.0,1908.9000244140625,1934.5999755859373,184.0,42.75,42.959999084472656,41.459999084472656,42.34000015258789,345368.0,0.1,259.316,117.0572,22.54,0.64,0,,,,,,TRAIN
2020-08-24,1.1799131631851196,1.1852554082870483,1.1786198616027832,1.1798018217086792,0.0,1.3092775344848633,1.3149243593215942,1.3064552545547483,1.309414625167847,0.0,1930.199951171875,1940.0,1922.199951171875,1927.699951171875,85.0,42.47999954223633,42.88999938964844,42.22999954223633,42.619998931884766,294731.0,0.1,259.316,116.912,22.37,0.65,0,,,,,,TRAIN
2020-08-25,1.179523468017578,1.184413194656372,1.178480863571167,1.1794538497924805,0.0,1.307206630706787,1.3170545101165771,1.305977463722229,1.307138204574585,0.0,1927.5,1928.5,1911.800048828125,1911.800048828125,176.0,42.36000061035156,43.56999969482422,42.310001373291016,43.34999847412109,330800.0,0.1,259.316,116.8206,22.03,0.69,0,,,,,,TRAIN
2020-08-26,1.1833338737487793,1.1839923858642578,1.1776067018508911,1.183501958847046,0.0,1.3149243593215942,1.3212482929229736,1.3118194341659546,1.3152183294296265,0.0,1909.699951171875,1950.800048828125,1909.699951171875,1940.699951171875,287.0,43.38999938964844,43.77999877929688,43.0,43.38999938964844,262243.0,0.1,259.316,116.6243,23.27,0.69,0,,,,,,TRAIN
2020-08-27,1.1840205192565918,1.189852952957153,1.1766228675842283,1.1842728853225708,0.0,1.3218945264816284,1.327980637550354,1.3166730403900146,1.3219819068908691,0.0,1948.9000244140625,1972.5,1921.5999755859373,1921.5999755859373,2303.0,43.45000076293945,43.5,42.36000061035156,43.040000915527344,320968.0,0.1,259.316,116.649,24.47,0.74,0,,,,,,TRAIN
2020-08-28,1.1820470094680786,1.1920371055603027,1.1811953783035278,1.1819632053375244,0.0,1.3199700117111206,1.3353630304336548,1.3188261985778809,1.3199577331542969,0.0,1927.0999755859373,1971.300048828125,1922.5,1964.5999755859373,778.0,42.97999954223633,43.41999816894531,42.68999862670898,42.970001220703125,272800.0,0.1,259.316,115.9374,22.96,0.74,0,,,,,,TRAIN
2020-08-31,1.1916537284851074,1.1963582038879397,1.188509464263916,1.1918240785598757,0.0,1.335505723953247,1.33931565284729,1.3302648067474363,1.3356484174728394,0.0,1970.0,1971.300048828125,1953.300048828125,1967.5999755859373,158.0,42.90999984741211,43.56999969482422,42.560001373291016,42.61000061035156,236877.0,0.1,259.316,115.7586,26.41,0.72,0,,,,,,TRAIN
2020-09-01,1.1939157247543335,1.2011290788650513,1.1937304735183716,1.193901538848877,0.0,1.3365052938461304,1.3480722904205322,1.3356484174728394,1.3364516496658323,0.0,1961.699951171875,1986.300048828125,1961.699951171875,1968.199951171875,186.0,42.83000183105469,43.43000030517578,42.720001220703125,42.7599983215332,285146.0,0.09,259.997,115.5687,26.12,0.68,0,,,,,,TRAIN
2020-09-02,1.1923072338104248,1.1924351453781128,1.182410478591919,1.1923214197158811,0.0,1.3400514125823977,1.3401411771774292,1.3285329341888428,1.339943766593933,0.0,1967.300048828125,1967.300048828125,1934.4000244140625,1934.4000244140625,71.0,43.02000045776367,43.209999084472656,41.22999954223633,41.5099983215332,421771.0,0.09,259.997,116.0304,26.57,0.66,0,,,,,,TRAIN
2020-09-03,1.1845955848693848,1.184805989265442,1.1789672374725342,1.184735894203186,0.0,1.3349993228912354,1.3349993228912354,1.3246963024139404,1.335131287574768,0.0,1937.0999755859373,1938.800048828125,1923.0,1927.5999755859373,179.0,41.630001068115234,41.790000915527344,40.220001220703125,41.369998931884766,417634.0,0.09,259.997,116.0685,33.6,0.63,0,,,,,,TRAIN
2020-09-04,1.184370994567871,1.186352252960205,1.178175449371338,1.1839784383773804,0.0,1.3266997337341309,1.3318239450454712,1.317800760269165,1.3262248039245603,0.0,1927.9000244140625,1939.699951171875,1917.699951171875,1923.9000244140625,607.0,41.25,41.869998931884766,39.34999847412109,39.77000045776367,444184.0,0.09,259.997,116.0347,30.75,0.72,0,,,,,,TRAIN
2020-09-07,1.183656096458435,1.1848621368408203,1.181376814842224,1.183445930480957,0.0,1.3248367309570312,1.3259083032608032,1.3143022060394287,1.3245735168457031,0.0,,,,,,,,,,,0.09,259.997,116.0347,30.75,0.72,0,,,,,,TRAIN
2020-09-08,1.181921362876892,1.1828720569610596,1.1767197847366333,1.182172775268555,0.0,1.316257119178772,1.3166556358337402,1.3012192249298096,1.3162224292755127,0.0,1930.9000244140625,1937.9000244140625,1903.0999755859373,1933.0,271.0,39.47999954223633,39.59000015258789,36.130001068115234,36.7599983215332,720975.0,0.09,259.997,116.4618,31.46,0.69,0,,,,,,TRAIN
2020-09-09,1.1769136190414429,1.183053970336914,1.175364375114441,1.177024483680725,0.0,1.2967981100082395,1.3017951250076294,1.2887262105941772,1.2968486547470093,0.0,1926.9000244140625,1946.199951171875,1924.5999755859373,1944.699951171875,219.0,36.790000915527344,38.45000076293945,36.15999984741211,38.04999923706055,455356.0,0.09,259.997,116.1291,28.81,0.71,0,,,,,,TRAIN
2020-09-10,1.1806375980377195,1.1914690732955933,1.1802891492843628,1.1806375980377195,0.0,1.2998830080032349,1.3033561706542969,1.284406065940857,1.2999167442321775,0.0,1944.0999755859373,1962.699951171875,1944.0999755859373,1954.199951171875,722.0,37.79999923706055,38.18000030517578,36.93000030517578,37.29999923706055,367555.0,0.09,259.997,115.8806,29.71,0.68,0,,,,,,TRAIN
2020-09-11,1.1826202869415283,1.1876484155654907,1.182592272758484,1.1824384927749634,0.0,1.281082272529602,1.2860082387924194,1.2765848636627195,1.2808295488357544,0.0,1944.0,1949.5,1937.800048828125,1937.800048828125,73.0,37.0099983215332,37.81999969482422,36.66999816894531,37.33000183105469,363787.0,0.09,259.997,116.0866,26.87,0.67,0,,,,,,TRAIN
2020-09-14,1.184356927871704,1.188800573348999,1.1833059787750244,1.1842728853225708,0.0,1.280983805656433,1.2915056943893433,1.2791976928710938,1.2806557416915894,0.0,1946.300048828125,1953.0999755859373,1943.0,1953.0999755859373,55.0,37.31999969482422,37.68000030517578,36.81999969482422,37.2599983215332,347563.0,0.09,259.997,115.6428,25.85,0.68,0,,,,,,TRAIN
2020-09-15,1.186690092086792,1.1900993585586548,1.1841466426849363,1.187000036239624,0.0,1.28468656539917,1.2924906015396118,1.2817226648330688,1.2849671840667725,0.0,1955.800048828125,1968.5,1955.800048828125,1956.300048828125,74.0,37.27999877929688,38.56999969482422,37.060001373291016,38.27999877929688,348861.0,0.09,259.997,115.5908,25.59,0.68,0,,,,,,TRAIN
2020-09-16,1.1842728853225708,1.1883004903793335,1.1814604997634888,1.1844412088394165,0.0,1.2883278131484983,1.300576090812683,1.2878299951553345,1.2884771823883057,0.0,1961.300048828125,1961.4000244140625,1956.699951171875,1960.199951171875,124.0,38.34999847412109,40.34000015258789,38.34999847412109,40.15999984741211,367612.0,0.09,259.997,115.3537,26.04,0.69,0,,,,,,TRAIN
2020-09-17,1.1804285049438477,1.1830118894577026,1.1741636991500854,1.1803449392318726,0.0,1.2961090803146362,1.299511432647705,1.2866535186767578,1.2959998846054075,0.0,1939.0,1946.0,1933.699951171875,1940.0,67.0,40.18999862670898,41.220001220703125,39.41999816894531,40.970001220703125,280669.0,0.09,259.997,115.4392,26.46,0.69,0,,,,,,TRAIN
2020-09-18,1.1852554082870483,1.1871000528335571,1.1831238269805908,1.1848200559616089,0.0,1.298414707183838,1.2999167442321775,1.2936609983444214,1.297555446624756,0.0,1950.5,1952.0999755859373,1949.0,1952.0999755859373,38.0,40.970001220703125,41.4900016784668,40.29999923706055,41.11000061035156,85906.0,0.09,259.997,115.2395,25.83,0.7,0,,,,,,TRAIN
2020-09-21,1.1845533847808838,1.187300205230713,1.17326819896698,1.1845533847808838,0.0,1.2933430671691897,1.2966132164001465,1.278159499168396,1.2932761907577517,0.0,1946.199951171875,1946.199951171875,1883.4000244140625,1901.199951171875,52.0,40.97999954223633,41.27000045776367,38.65999984741211,39.310001373291016,66195.0,0.09,259.997,116.378,27.78,0.68,0,,,,,,TRAIN
2020-09-22,1.1761800050735474,1.1773016452789309,1.169344425201416,1.176800012588501,0.0,1.2816734313964844,1.2865873575210571,1.2714072465896606,1.2820513248443604,0.0,1913.0999755859373,1913.0999755859373,1898.5999755859373,1898.5999755859373,331.0,39.630001068115234,40.02000045776367,39.0,39.59999847412109,287807.0,0.09,259.997,116.5438,26.86,0.68,0,,,,,,TRAIN
2020-09-23,1.1707545518875122,1.172000527381897,1.1664936542510986,1.1708368062973022,0.0,1.2743561267852783,1.2775797843933103,1.2679574489593506,1.2744048833847046,0.0,1875.5,1875.5,1859.9000244140625,1859.9000244140625,5.0,39.7599983215332,40.75,39.2599983215332,39.93000030517578,318754.0,0.09,259.997,117.2526,28.58,0.68,0,,,,,,TRAIN
2020-09-24,1.1661943197250366,1.168100118637085,1.16296648979187,1.1658544540405271,0.0,1.271795392036438,1.2774492502212524,1.2692770957946775,1.2717468738555908,0.0,1851.5,1868.300048828125,1851.5,1868.300048828125,365.0,39.59999847412109,40.369998931884766,39.119998931884766,40.310001373291016,269992.0,0.09,259.997,117.5473,28.51,0.67,0,,,,,,TRAIN
2020-09-25,1.1673650741577148,1.168510913848877,1.1613458395004272,1.1673243045806885,0.0,1.2756567001342771,1.28037691116333,1.269132137298584,1.2757054567337036,0.0,1856.300048828125,1857.699951171875,1856.300048828125,1857.699951171875,4.0,40.150001525878906,40.63999938964844,39.709999084472656,40.25,229025.0,0.09,259.997,117.8679,26.38,0.66,0,,,,,,TRAIN
2020-09-28,1.1635076999664309,1.167965054512024,1.1616694927215576,1.1635348796844482,0.0,1.2765392065048218,1.291906237602234,1.2753149271011353,1.2766826152801514,0.0,1872.800048828125,1872.800048828125,1872.800048828125,1872.800048828125,10455.0,40.06999969482422,40.79999923706055,39.77999877929688,40.59999847412109,226425.0,0.09,259.997,117.6178,26.19,0.67,0,,,,,,TRAIN
2020-09-29,1.1677740812301636,1.1741636991500854,1.1666569709777832,1.167883276939392,0.0,1.287282943725586,1.2898732423782349,1.283647537231445,1.2873492240905762,0.0,1876.5,1895.4000244140625,1872.4000244140625,1894.300048828125,3283.0,40.58000183105469,40.70000076293945,38.40999984741211,39.290000915527344,379599.0,0.09,259.997,117.526,26.27,0.66,0,,,,,,TRAIN
2020-09-30,1.1742740869522097,1.1756407022476196,1.168606519699097,1.1742050647735596,0.0,1.2865046262741089,1.2939623594284058,1.2807868719100952,1.2866535186767578,0.0,1893.0,1899.699951171875,1879.800048828125,1887.5,600.0,39.15999984741211,40.369998931884766,38.68000030517578,40.220001220703125,340294.0,0.09,259.997,116.946,26.37,0.69,0,,,,,,TRAIN
2020-10-01,1.1723741292953491,1.1767003536224363,1.1718108654022217,1.1726078987121582,0.0,1.2918227910995483,1.2980270385742188,1.2822978496551514,1.2917560338974,0.0,1884.0999755859373,1909.5999755859373,1882.5,1908.4000244140625,730.0,39.900001525878906,40.470001220703125,37.61000061035156,38.720001220703125,443442.0,0.09,260.319,116.7227,26.7,0.68,0,,,,,,TRAIN
2020-10-02,1.1744118928909302,1.1747002601623535,1.1697137355804443,1.1744946241378784,0.0,1.288560152053833,1.2951018810272217,1.2839607000350952,1.2886265516281128,0.0,1893.9000244140625,1913.0,1893.9000244140625,1900.199951171875,530.0,38.59999847412109,38.650001525878906,36.630001068115234,37.04999923706055,391428.0,0.09,260.319,116.7321,27.63,0.7,0,,,,,,TRAIN
2020-10-05,1.172195553779602,1.179662585258484,1.1719304323196411,1.1720443964004517,0.0,1.292808175086975,1.298751950263977,1.2901561260223389,1.2931090593338013,0.0,1898.9000244140625,1915.5999755859373,1884.699951171875,1912.5,1360.0,37.0,39.720001220703125,37.0,39.220001220703125,378579.0,0.09,260.319,116.1767,27.96,0.78,0,,,,,,TRAIN
2020-10-06,1.178828239440918,1.1807351112365725,1.1767336130142212,1.1792453527450562,0.0,1.2992074489593506,1.3008975982666016,1.2923402786254885,1.2992581129074097,0.0,1906.5999755859373,1918.0,1874.4000244140625,1901.0999755859373,968.0,39.34999847412109,40.86000061035156,39.09999847412109,40.66999816894531,400531.0,0.09,260.319,116.2681,29.48,0.76,0,,,,,,TRAIN
2020-10-07,1.173736572265625,1.178139328956604,1.172540545463562,1.1737639904022217,0.0,1.2884771823883057,1.2929251194000244,1.2850332260131836,1.2883278131484983,0.0,1874.0999755859373,1889.800048828125,1873.0999755859373,1883.5999755859373,50.0,39.83000183105469,40.34999847412109,39.27999877929688,39.95000076293945,433065.0,0.09,260.319,116.3447,28.06,0.81,0,,,,,,TRAIN
2020-10-08,1.1765536069869995,1.178133845329285,1.173529863357544,1.176747441291809,0.0,1.2916558980941772,1.296932816505432,1.2896569967269895,1.2917560338974,0.0,1893.0,1893.0,1882.699951171875,1888.5999755859373,348.0,39.9900016784668,41.33000183105469,39.7599983215332,41.18999862670898,409787.0,0.09,260.319,116.1657,26.36,0.78,0,,,,,,TRAIN
2020-10-09,1.1767059564590454,1.1824523210525513,1.1758756637573242,1.1767003536224363,0.0,1.293928861618042,1.3015071153640747,1.2926744222640991,1.29404616355896,0.0,1909.300048828125,1929.0999755859373,1905.0999755859373,1919.5,580.0,41.310001373291016,41.470001220703125,40.380001068115234,40.59999847412109,331703.0,0.09,260.319,115.2757,25.0,0.79,0,,,,,,TRAIN
2020-10-12,1.1813349723815918,1.182732105255127,1.1788004636764526,1.181683897972107,0.0,1.3029316663742063,1.307976007461548,1.3005592823028564,1.3031693696975708,0.0,1924.0,1926.5,1921.5999755859373,1922.5,96.0,40.400001525878906,40.45000076293945,39.040000915527344,39.43000030517578,322035.0,0.09,260.319,115.2757,25.07,0.79,0,,,,,,TRAIN
2020-10-13,1.1814186573028564,1.1814186573028564,1.1735711097717283,1.1816140413284302,0.0,1.3065917491912842,1.3067454099655151,1.2961931228637695,1.3065747022628784,0.0,1921.9000244140625,1922.199951171875,1887.0,1888.5,191.0,39.52999877929688,40.52999877929688,39.34999847412109,40.20000076293945,375470.0,0.09,260.319,115.9107,26.07,0.74,0,,,,,,TRAIN
2020-10-14,1.1743981838226318,1.177024483680725,1.1721680164337158,1.1742188930511477,0.0,1.293326497077942,1.306267499923706,1.2866700887680054,1.2935272455215454,0.0,1889.699951171875,1910.800048828125,1882.5,1901.300048828125,33.0,40.18999862670898,41.15999984741211,39.81999969482422,41.040000915527344,328295.0,0.09,260.319,115.6872,26.4,0.73,0,,,,,,TRAIN
2020-10-15,1.17475688457489,1.1760554313659668,1.1690163612365725,1.1743981838226318,0.0,1.30143940448761,1.3029316663742063,1.2892578840255735,1.301236271858215,0.0,1897.300048828125,1906.300048828125,1889.5999755859373,1903.199951171875,254.0,41.130001068115234,41.290000915527344,39.220001220703125,40.959999084472656,248251.0,0.09,260.319,116.0964,26.97,0.74,0,,,,,,TRAIN
2020-10-16,1.1705764532089231,1.1746740341186523,1.169494867324829,1.1707134246826172,0.0,1.2903059720993042,1.2961763143539429,1.2873326539993286,1.2902060747146606,0.0,1898.5,1900.800048828125,1898.5,1900.800048828125,53.0,40.880001068115234,41.04999923706055,40.08000183105469,40.880001068115234,96488.0,0.09,260.319,115.7679,27.41,0.76,0,,,,,,TRAIN
2020-10-19,1.1715638637542725,1.179523468017578,1.1704941987991333,1.171550154685974,0.0,1.292774677276611,1.3022867441177368,1.2924906015396118,1.292774677276611,0.0,1907.300048828125,1907.800048828125,1899.5,1906.4000244140625,43.0,40.68999862670898,41.220001220703125,40.540000915527344,40.83000183105469,75335.0,0.09,260.319,115.4031,29.18,0.78,0,,,,,,TRAIN
2020-10-20,1.1768028736114502,1.1839923858642578,1.1762629747390747,1.176885962486267,0.0,1.2946995496749878,1.2977911233901978,1.2912722826004028,1.2948671579360962,0.0,1901.300048828125,1910.4000244140625,1896.0999755859373,1910.4000244140625,329.0,40.650001525878906,41.70000076293945,40.25,41.459999084472656,360574.0,0.09,260.319,115.2485,29.35,0.81,0,,,,,,TRAIN
2020-10-21,1.1829279661178589,1.1882128715515137,1.1829279661178589,1.1829839944839478,0.0,1.295706033706665,1.31714129447937,1.2955213785171509,1.2954038381576538,0.0,1913.5999755859373,1927.300048828125,1913.5999755859373,1924.5999755859373,1202.0,41.220001220703125,41.59000015258789,39.77999877929688,40.02999877929688,366899.0,0.09,260.319,114.9108,28.65,0.83,0,,,,,,TRAIN
2020-10-22,1.1851290464401243,1.1869436502456665,1.1813349723815918,1.1853959560394287,0.0,1.313111424446106,1.3149935007095337,1.307172417640686,1.3131976127624512,0.0,1924.300048828125,1924.300048828125,1898.199951171875,1901.0999755859373,899.0,40.040000915527344,41.02000045776367,39.709999084472656,40.63999938964844,307494.0,0.09,260.319,115.1158,28.11,0.87,0,,,,,,TRAIN
2020-10-23,1.181404709815979,1.1859582662582395,1.1788004636764526,1.1815024614334106,0.0,1.3078391551971436,1.3114409446716309,1.3022699356079102,1.307805061340332,0.0,1899.9000244140625,1913.300048828125,1896.199951171875,1902.0,287.0,40.61000061035156,40.91999816894531,39.56999969482422,39.84999847412109,268931.0,0.09,260.319,115.0126,27.55,0.85,0,,,,,,TRAIN
2020-10-26,1.184834122657776,1.1851009130477903,1.1804006099700928,1.184848070144653,0.0,1.3053637742996216,1.307257890701294,1.299545168876648,1.3054660558700562,0.0,1895.5,1907.0,1893.5,1902.699951171875,242.0,39.68999862670898,39.7400016784668,38.27999877929688,38.560001373291016,360184.0,0.09,260.319,115.2797,32.46,0.81,0,,,,,,TRAIN
2020-10-27,1.180944323539734,1.183800458908081,1.179940938949585,1.180944323539734,0.0,1.3017274141311646,1.3077878952026367,1.3002548217773438,1.301574945449829,0.0,1904.5999755859373,1908.800048828125,1904.4000244140625,1908.800048828125,176.0,38.59000015258789,39.83000183105469,38.5099983215332,39.56999969482422,339535.0,0.09,260.319,115.0131,33.35,0.79,0,,,,,,TRAIN
2020-10-28,1.17816162109375,1.178828239440918,1.1719304323196411,1.1784114837646484,0.0,1.3031693696975708,1.3063528537750244,1.2918394804000854,1.303186297416687,0.0,1870.9000244140625,1876.199951171875,1870.9000244140625,1876.199951171875,277.0,38.970001220703125,39.0099983215332,36.970001220703125,37.38999938964844,489954.0,0.09,260.319,115.8023,40.28,0.79,0,,,,,,TRAIN
2020-10-29,1.1747430562973022,1.1759172677993774,1.165623426437378,1.1748672723770142,0.0,1.29878568649292,1.3025243282318115,1.2883609533309937,1.2989881038665771,0.0,1876.0999755859373,1879.800048828125,1858.800048828125,1865.5999755859373,240.0,37.38999938964844,37.7599983215332,34.91999816894531,36.16999816894531,568816.0,0.09,260.319,116.3069,37.59,0.85,0,,,,,,TRAIN
2020-10-30,1.1676785945892334,1.1703435182571411,1.1643069982528689,1.1678695678710938,0.0,1.2932093143463137,1.298751950263977,1.2900062799453735,1.2931926250457764,0.0,1862.800048828125,1886.5999755859373,1862.800048828125,1877.4000244140625,725.0,36.06999969482422,36.59999847412109,35.209999084472656,35.790000915527344,388971.0,0.09,260.319,116.1354,38.02,0.88,0,,,,,,TRAIN
2020-11-02,1.164252758026123,1.165699481964111,1.162439227104187,1.1642121076583862,0.0,1.2927078008651731,1.294247031211853,1.2856775522232056,1.2926744222640991,0.0,1872.9000244140625,1894.699951171875,1872.9000244140625,1890.4000244140625,190.0,35.2400016784668,37.150001525878906,33.63999938964844,36.810001373291016,489204.0,0.09,260.911,116.2361,37.13,0.87,0,,,,,,TRAIN
2020-11-03,1.1642799377441406,1.1741995811462402,1.163805603981018,1.1642799377441406,0.0,1.2924004793167114,1.3077024221420288,1.291605830192566,1.2923903465270996,0.0,1891.5,1908.5,1891.5,1908.5,712.0,37.02999877929688,38.31999969482422,36.56999969482422,37.65999984741211,410611.0,0.09,260.911,115.4802,35.55,0.9,0,,,,,,TRAIN
2020-11-04,1.1764568090438845,1.176885962486267,1.1607661247253418,1.176221489906311,0.0,1.313266634941101,1.3137669563293457,1.291789412498474,1.3121638298034668,0.0,1893.800048828125,1907.0,1885.300048828125,1894.5999755859373,782.0,38.150001525878906,39.25,37.2599983215332,39.150001525878906,437000.0,0.09,260.911,115.1677,29.57,0.78,0,,,,,,TRAIN
2020-11-05,1.1729930639266968,1.1856770515441897,1.171275615692139,1.17326819896698,0.0,1.2961090803146362,1.3132493495941162,1.2942638397216797,1.2966804504394531,0.0,1901.699951171875,1948.0,1901.699951171875,1945.300048828125,135.0,39.16999816894531,39.34999847412109,38.27000045776367,38.790000915527344,298366.0,0.09,260.911,114.4556,27.58,0.79,0,,,,,,TRAIN
2020-11-06,1.1814186573028564,1.1890605688095093,1.1796208620071411,1.1817537546157837,0.0,1.3138360977172852,1.3175925016403198,1.3095518350601196,1.3139395713806152,0.0,1940.800048828125,1958.800048828125,1940.800048828125,1950.300048828125,304.0,38.540000915527344,38.61000061035156,37.060001373291016,37.13999938964844,411026.0,0.09,260.911,113.9919,24.86,0.83,0,,,,,,TRAIN
2020-11-09,1.1893151998519895,1.1919234991073608,1.179746150970459,1.1893010139465332,0.0,1.3179224729537964,1.3205852508544922,1.3121638298034668,1.318061351776123,0.0,1955.5999755859373,1963.199951171875,1847.0999755859373,1853.199951171875,745.0,37.34000015258789,41.33000183105469,37.15999984741211,40.290000915527344,622921.0,0.09,260.911,114.0895,25.75,0.96,0,,,,,,TRAIN
2020-11-10,1.1823265552520752,1.184356927871704,1.178078293800354,1.182732105255127,0.0,1.316759705543518,1.3276333808898926,1.3158761262893677,1.3169677257537842,0.0,1879.300048828125,1885.300048828125,1871.199951171875,1875.4000244140625,276.0,39.90999984741211,41.84000015258789,39.40999984741211,41.36000061035156,457045.0,0.09,260.911,114.0757,24.8,0.98,0,,,,,,TRAIN
2020-11-11,1.1819632053375244,1.1832919120788574,1.1747292280197144,1.1818794012069702,0.0,1.3261544704437256,1.329451322555542,1.3194352388381958,1.3261544704437256,0.0,1878.800048828125,1878.800048828125,1855.5,1860.699951171875,222.0,41.790000915527344,43.060001373291016,41.31999969482422,41.45000076293945,443772.0,0.09,260.911,114.0757,23.45,0.98,0,,,,,,TRAIN
2020-11-12,1.1778701543807983,1.182300090789795,1.1759587526321411,1.1780297756195068,0.0,1.3224014043807983,1.322873830795288,1.3125598430633545,1.3224189281463623,0.0,1869.0,1878.5,1866.5999755859373,1872.5999755859373,220.0,41.470001220703125,42.18999862670898,40.869998931884766,41.119998931884766,401031.0,0.09,260.911,114.2843,25.35,0.88,0,,,,,,TRAIN
2020-11-13,1.1805260181427002,1.1833899021148682,1.1799688339233398,1.1803393363952637,0.0,1.3123877048492432,1.318687081336975,1.311131477355957,1.3121638298034668,0.0,1877.0,1890.0999755859373,1876.800048828125,1885.699951171875,240.0,40.93999862670898,40.93999862670898,40.060001373291016,40.130001068115234,338187.0,0.09,260.911,114.2397,23.1,0.89,0,,,,,,TRAIN
2020-11-16,1.1844271421432495,1.186873197555542,1.1814744472503662,1.1845253705978394,0.0,1.3219819068908691,1.3241876363754272,1.316863775253296,1.3220518827438354,0.0,1874.5999755859373,1887.300048828125,1871.0,1887.300048828125,6.0,40.16999816894531,42.09000015258789,40.150001525878906,41.34000015258789,378785.0,0.09,260.911,113.8312,22.45,0.91,0,,,,,,TRAIN
2020-11-17,1.1859723329544067,1.1892727613449097,1.1845533847808838,1.1859441995620728,0.0,1.3223140239715576,1.3271400928497314,1.319383144378662,1.322209119796753,0.0,1888.4000244140625,1888.4000244140625,1884.5,1884.5,59.0,41.43999862670898,41.68999862670898,40.56999969482422,41.43000030517578,243677.0,0.09,260.911,113.682,22.71,0.87,0,,,,,,TRAIN
2020-11-18,1.186436653137207,1.1891002655029297,1.1851149797439575,1.186366319656372,0.0,1.3259258270263672,1.3311147689819336,1.3245033025741575,1.3259083032608032,0.0,1873.5,1873.5,1873.5,1873.5,152.0,41.34999847412109,42.459999084472656,41.08000183105469,41.81999969482422,107013.0,0.09,260.911,113.46,23.84,0.88,0,,,,,,TRAIN
2020-11-19,1.1842869520187378,1.1855363845825195,1.1817398071289062,1.1847639083862305,0.0,1.3244857788085938,1.3263497352600098,1.3199577331542969,1.325644612312317,0.0,1865.800048828125,1865.800048828125,1856.0,1861.0999755859373,59.0,41.61000061035156,41.97999954223633,41.08000183105469,41.7400016784668,88144.0,0.09,260.911,113.694,23.11,0.86,0,,,,,,TRAIN
2020-11-20,1.1867464780807495,1.1890889406204224,1.185185194015503,1.1866477727890017,0.0,1.3250473737716677,1.3295574188232422,1.324959635734558,1.3249244689941406,0.0,1871.199951171875,1872.5999755859373,1871.199951171875,1872.5999755859373,1900.0,41.70000076293945,42.31999969482422,41.5099983215332,42.150001525878906,276340.0,0.09,260.911,113.489,23.7,0.83,0,,,,,,TRAIN
2020-11-23,1.1865352392196655,1.1905895471572876,1.1803170442581177,1.1866477727890017,0.0,1.3303357362747192,1.3397642374038696,1.326664686203003,1.3305126428604126,0.0,1834.800048828125,1837.800048828125,1829.199951171875,1837.800048828125,843.0,42.459999084472656,43.36000061035156,42.290000915527344,43.060001373291016,300717.0,0.09,260.911,113.7548,22.66,0.86,0,,,,,,TRAIN
2020-11-24,1.1841803789138794,1.1893858909606934,1.1838942766189575,1.1842728853225708,0.0,1.332356333732605,1.3379716873168943,1.3295927047729492,1.332906723022461,0.0,1829.300048828125,1829.300048828125,1799.300048828125,1804.800048828125,1041.0,42.84000015258789,45.20000076293945,42.81999969482422,44.90999984741211,418527.0,0.09,260.911,113.4316,21.64,0.88,0,,,,,,TRAIN
2020-11-25,1.1900511980056765,1.192804932594299,1.1882835626602173,1.1900511980056765,0.0,1.3362374305725098,1.3393514156341553,1.3307074308395386,1.3363267183303833,0.0,1801.4000244140625,1805.699951171875,1801.4000244140625,1805.699951171875,205754.0,44.81999969482422,46.2599983215332,44.72999954223633,45.709999084472656,417182.0,0.09,260.911,113.1823,21.25,0.88,0,,,,,,TRAIN
2020-11-26,1.1917530298233032,1.1940997838974,1.1886931657791138,1.1920002698898315,0.0,1.3384730815887451,1.3398700952529907,1.3323030471801758,1.3385447263717651,0.0,,,,,,,,,,,0.09,260.911,113.1823,21.25,0.88,0,,,,,,TRAIN
2020-11-27,1.1911852359771729,1.1961865425109863,1.1910717487335205,1.191599726676941,0.0,1.335220456123352,1.338114857673645,1.3295927047729492,1.3354523181915283,0.0,1806.0999755859373,1817.0,1770.699951171875,1781.9000244140625,71804.0,45.900001525878906,46.09000015258789,44.54999923706055,45.52999877929688,365128.0,0.09,260.911,113.1823,20.84,0.84,0,,,,,,TRAIN
2020-11-30,1.197074294090271,1.2002063989639282,1.1944148540496826,1.1971460580825806,0.0,1.333066701889038,1.3381328582763672,1.3306366205215454,1.333191156387329,0.0,1785.0,1787.199951171875,1762.300048828125,1775.699951171875,3145.0,45.34000015258789,45.79999923706055,44.41999816894531,45.34000015258789,370755.0,0.09,260.911,113.2256,20.57,0.84,0,,,,,,TRAIN
2020-12-01,1.1937732696533203,1.2053565979003906,1.1935994625091553,1.193816065788269,0.0,1.3337246179580688,1.3438512086868286,1.331912636756897,1.3336889743804932,0.0,1775.0,1815.9000244140625,1774.9000244140625,1814.0999755859373,1859.0,45.08000183105469,45.70000076293945,44.119998931884766,44.54999923706055,314919.0,0.09,262.045,112.8063,20.77,0.92,0,,,,,,TRAIN
2020-12-02,1.2069860696792605,1.210741639137268,1.2040793895721436,1.2074378728866575,0.0,1.342227816581726,1.3441402912139893,1.329168677330017,1.3422638177871704,0.0,1811.300048828125,1830.0,1807.800048828125,1825.699951171875,771.0,44.380001068115234,45.91999816894531,43.91999816894531,45.27999877929688,368854.0,0.09,262.045,112.6115,21.17,0.95,0,,,,,,TRAIN
2020-12-03,1.2113430500030518,1.2175003290176392,1.2102434635162354,1.2114603519439695,0.0,1.337095022201538,1.350001335144043,1.3354344367980957,1.3370771408081057,0.0,1829.199951171875,1842.0,1825.300048828125,1836.800048828125,1765.0,44.9900016784668,45.84000015258789,44.65999984741211,45.63999938964844,350768.0,0.09,262.045,112.0236,21.28,0.92,0,,,,,,TRAIN
2020-12-04,1.2145354747772217,1.2177746295928955,1.2133712768554688,1.2145650386810305,0.0,1.3452612161636353,1.3537662029266355,1.341813564300537,1.345496654510498,0.0,1840.699951171875,1847.5999755859373,1828.199951171875,1835.9000244140625,1213.0,45.63999938964844,46.68000030517578,45.61000061035156,46.2599983215332,335453.0,0.09,262.045,111.7778,20.79,0.97,0,,,,,,TRAIN
2020-12-07,1.2120624780654907,1.2163525819778442,1.2080796957015991,1.212135910987854,0.0,1.3415615558624268,1.343652606010437,1.3227407932281494,1.3417415618896484,0.0,1836.5,1866.9000244140625,1820.800048828125,1861.800048828125,1427.0,46.150001525878906,46.540000915527344,45.36000061035156,45.7599983215332,348871.0,0.09,262.045,111.8385,21.3,0.94,0,,,,,,TRAIN
2020-12-08,1.2109469175338743,1.213415503501892,1.2097164392471311,1.2113136053085327,0.0,1.3357020616531372,1.3384909629821775,1.329168677330017,1.3357375860214231,0.0,1863.0,1875.800048828125,1861.800048828125,1870.800048828125,121.0,45.65999984741211,45.93000030517578,45.13999938964844,45.59999847412109,332641.0,0.09,262.045,111.8639,20.68,0.92,0,,,,,,TRAIN
2020-12-09,1.2109909057617188,1.214900016784668,1.207394003868103,1.2110936641693115,0.0,1.3366482257843018,1.3476543426513672,1.3362730741500854,1.3365589380264282,0.0,1867.0999755859373,1867.0999755859373,1827.0,1834.5999755859373,215.0,45.59999847412109,46.2400016784668,44.95000076293945,45.52000045776367,434976.0,0.09,262.045,112.0305,22.27,0.95,0,,,,,,TRAIN
2020-12-10,1.2081671953201294,1.2158055305480957,1.2080358266830444,1.207875370979309,0.0,1.3366659879684448,1.3389569520950315,1.3249948024749756,1.3367018699645996,0.0,1833.199951171875,1849.0999755859373,1828.0,1833.5999755859373,177.0,45.68999862670898,47.7400016784668,45.52000045776367,46.77999877929688,447529.0,0.09,262.045,111.9788,22.52,0.92,0,,,,,,TRAIN
2020-12-11,1.214343786239624,1.216397047042847,1.210785746574402,1.2144293785095217,0.0,1.3302295207977295,1.3324999809265137,1.3136979341506958,1.3305658102035522,0.0,1838.5,1846.0,1829.0999755859373,1839.800048828125,109.0,46.970001220703125,47.290000915527344,46.34000015258789,46.56999969482422,367305.0,0.09,262.045,112.1417,23.31,0.9,0,,,,,,TRAIN
2020-12-14,1.213356614112854,1.217404007911682,1.2117539644241333,1.213340401649475,0.0,1.3318239450454712,1.3443751335144043,1.3293275833129885,1.3318239450454712,0.0,1835.5,1835.699951171875,1822.699951171875,1828.699951171875,258.0,46.72999954223633,47.43999862670898,45.68999862670898,46.9900016784668,403543.0,0.09,262.045,112.1708,24.72,0.9,0,,,,,,TRAIN
2020-12-15,1.2148748636245728,1.2166485786437988,1.212694525718689,1.214889645576477,0.0,1.332539200782776,1.3448632955551147,1.3285152912139893,1.3330844640731812,0.0,1833.5,1853.5999755859373,1833.199951171875,1852.300048828125,961.0,46.9900016784668,47.72999954223633,46.540000915527344,47.619998931884766,311169.0,0.09,262.045,111.8601,22.89,0.92,0,,,,,,TRAIN
2020-12-16,1.215376853942871,1.2212995290756226,1.2146978378295898,1.2154301404953003,0.0,1.344760179519653,1.3550136089324951,1.3435442447662354,1.3444474935531616,0.0,1856.5,1864.699951171875,1850.5,1856.0999755859373,1090.0,47.59999847412109,47.93999862670898,47.16999816894531,47.81999969482422,275331.0,0.09,262.045,111.7157,22.5,0.92,0,,,,,,TRAIN
2020-12-17,1.219705581665039,1.2263002395629885,1.2192445993423462,1.2199585437774658,0.0,1.3502929210662842,1.3621937036514282,1.3496733903884888,1.3502929210662842,0.0,1874.199951171875,1896.199951171875,1874.199951171875,1887.199951171875,414.0,47.84999847412109,48.59000015258789,47.810001373291016,48.36000061035156,96536.0,0.09,262.045,111.2226,21.93,0.94,0,,,,,,TRAIN
2020-12-18,1.2261964082717896,1.2268433570861816,1.2227181196212769,1.226271629333496,0.0,1.35694420337677,1.3572388887405396,1.347472906112671,1.3570178747177124,0.0,1882.4000244140625,1889.5,1882.300048828125,1885.699951171875,276.0,48.43000030517578,49.27999877929688,48.09999847412109,49.09999847412109,83711.0,0.09,262.045,111.6071,21.57,0.95,0,,,,,,TRAIN
2020-12-21,1.221060872077942,1.223466157913208,1.213076949119568,1.221612811088562,0.0,1.3402670621871948,1.3411837816238403,1.3192263841629028,1.3401951789855957,0.0,1884.800048828125,1908.0,1869.0999755859373,1879.199951171875,136.0,48.540000915527344,48.61000061035156,46.18000030517578,47.7400016784668,478098.0,0.09,262.045,111.9415,25.16,0.95,0,,,,,,TRAIN
2020-12-22,1.2238404750823977,1.2259002923965454,1.216604232788086,1.223690629005432,0.0,1.3448271751403809,1.3456594944000244,1.3309553861618042,1.3449536561965942,0.0,1882.199951171875,1882.199951171875,1861.0,1866.5999755859373,233.0,47.93000030517578,47.959999084472656,46.59999847412109,47.02000045776367,295737.0,0.09,262.045,112.1947,24.23,0.93,0,,,,,,TRAIN
2020-12-23,1.2185908555984497,1.2219412326812744,1.2157758474349976,1.2186651229858398,0.0,1.3397462368011477,1.3561345338821411,1.3372917175292969,1.339943766593933,0.0,1867.0,1878.800048828125,1864.5,1874.699951171875,82.0,46.790000915527344,48.5,46.15999984741211,48.119998931884766,344306.0,0.09,262.045,111.9807,23.31,0.96,0,,,,,,TRAIN
2020-12-24,1.219393253326416,1.2217471599578855,1.2179378271102903,1.2191405296325684,0.0,1.35111403465271,1.3620266914367676,1.350712537765503,1.350530028343201,0.0,1877.300048828125,1879.9000244140625,1875.699951171875,1879.9000244140625,46.0,48.09000015258789,48.619998931884766,47.560001373291016,48.22999954223633,167390.0,0.09,262.045,111.9807,21.53,0.94,0,,,,,,TRAIN
2020-12-25,1.2184720039367676,1.2212995290756226,1.2167004346847534,1.2184720039367676,0.0,1.3569625616073608,1.3612998723983765,1.3515340089797974,1.3552008867263794,0.0,,,,,,,,,,,0.09,262.045,111.9807,21.53,0.94,0,,,,,,TRAIN
2020-12-28,1.220703125,1.2252004146575928,1.218353271484375,1.2205095291137695,0.0,1.357367753982544,1.3577731847763062,1.3435983657836914,1.3572388887405396,0.0,1895.5,1895.800048828125,1873.699951171875,1877.199951171875,75.0,48.22999954223633,48.959999084472656,47.5,47.619998931884766,238462.0,0.09,262.045,111.9752,21.7,0.94,0,,,,,,TRAIN
2020-12-29,1.2220009565353394,1.2275993824005127,1.2220009565353394,1.2223445177078247,0.0,1.3465656042099,1.3520638942718506,1.3461849689483645,1.3466018438339231,0.0,1881.300048828125,1881.300048828125,1879.699951171875,1879.699951171875,343.0,47.720001220703125,48.34999847412109,47.68000030517578,48.0,213778.0,0.09,262.045,111.5172,23.08,0.94,0,,,,,,TRAIN
2020-12-30,1.2253249883651731,1.2308752536773682,1.2252049446105957,1.225295066833496,0.0,1.3497644662857056,1.361748456954956,1.3494548797607422,1.3499903678894043,0.0,1879.9000244140625,1895.800048828125,1877.300048828125,1891.0,444.0,48.130001068115234,48.65999984741211,47.61000061035156,48.400001525878906,266957.0,0.09,262.045,111.3084,22.77,0.93,0,,,,,,TRAIN
2020-12-31,1.229906439781189,1.230950951576233,1.222299575805664,1.2299896478652954,0.0,1.3629920482635498,1.3684569597244265,1.3609329462051392,1.36306631565094,0.0,1897.0,1901.300048828125,1892.699951171875,1893.0999755859373,127.0,48.34999847412109,48.58000183105469,47.77000045776367,48.52000045776367,181894.0,0.09,262.045,111.3169,22.75,0.93,0,,,,,,TRAIN
2021-01-01,1.217285394668579,1.221699357032776,1.2134994268417358,1.218026876449585,0.0,1.3690004348754885,1.3690004348754885,1.3666000366210938,1.3673007488250732,0.0,,,,,,,,,,,0.09,262.687,111.3169,22.75,0.93,0,,,,,,TRAIN
2021-01-04,1.2249047756195068,1.23099946975708,1.2171372175216677,1.2250697612762451,0.0,1.3682698011398315,1.3703792095184326,1.3549033403396606,1.3684196472167969,0.0,1912.199951171875,1945.0999755859373,1912.199951171875,1944.699951171875,154.0,48.400001525878906,49.83000183105469,47.18000030517578,47.619998931884766,528525.0,0.09,262.687,111.2075,26.97,0.93,0,,,,,,TRAIN
2021-01-05,1.225295066833496,1.2294830083847046,1.2249947786331177,1.2251598834991455,0.0,1.3572940826416016,1.3625833988189695,1.3555645942687988,1.3571596145629885,0.0,1941.699951171875,1952.699951171875,1941.300048828125,1952.699951171875,113.0,47.380001068115234,50.20000076293945,47.2400016784668,49.93000030517578,643191.0,0.09,262.687,110.9574,25.34,0.96,0,,,,,,TRAIN
2021-01-06,1.22986102104187,1.2350252866744995,1.2266929149627686,1.230027437210083,0.0,1.36263906955719,1.3669792413711548,1.354297757148743,1.3629549741744995,0.0,1952.0,1959.9000244140625,1901.5,1906.9000244140625,331.0,49.81999969482422,50.93999862670898,49.47999954223633,50.630001068115234,509365.0,0.09,262.687,110.8502,25.07,1.04,0,,,,,,TRAIN
2021-01-07,1.2337758541107178,1.2345678806304932,1.2246646881103516,1.2341108322143557,0.0,1.362230896949768,1.3633822202682495,1.354132890701294,1.3625277280807495,0.0,1922.5999755859373,1926.699951171875,1912.0,1912.300048828125,122.0,50.52999877929688,51.27999877929688,50.38999938964844,50.83000183105469,369292.0,0.09,262.687,111.3042,22.37,1.08,0,,,,,,TRAIN
2021-01-08,1.2268733978271484,1.2282146215438845,1.2214934825897217,1.227144479751587,0.0,1.356815218925476,1.3631778955459597,1.3540412187576294,1.3569625616073608,0.0,1908.0,1908.0,1834.0999755859373,1834.0999755859373,60.0,50.93000030517578,52.75,50.810001373291016,52.2400016784668,499416.0,0.09,262.687,111.2847,21.56,1.13,0,,,,,,TRAIN
2021-01-11,1.2187838554382324,1.2199585437774658,1.2134743928909302,1.218620538711548,0.0,1.352100491523743,1.3529785871505735,1.3454241752624512,1.3516253232955933,0.0,1826.5,1849.5999755859373,1826.5,1849.5999755859373,20.0,52.58000183105469,52.70000076293945,51.5,52.25,394822.0,0.09,262.687,111.8257,24.08,1.15,0,,,,,,TRAIN
2021-01-12,1.2161602973937988,1.217848777770996,1.213886857032776,1.2160701751708984,0.0,1.3525760173797607,1.3635681867599487,1.3507671356201172,1.3524113893508911,0.0,1849.0,1859.699951171875,1839.4000244140625,1842.9000244140625,176.0,52.18000030517578,53.45000076293945,52.06999969482422,53.209999084472656,400200.0,0.09,262.687,111.5501,23.33,1.15,0,,,,,,TRAIN
2021-01-13,1.2209266424179075,1.2224938869476318,1.2155394554138184,1.220889449119568,0.0,1.3668895959854126,1.3699944019317627,1.3622493743896484,1.3670539855957031,0.0,1858.0,1858.5999755859373,1853.5999755859373,1853.5999755859373,189.0,53.310001373291016,53.93000030517578,52.58000183105469,52.90999984741211,429898.0,0.09,262.687,111.3622,22.21,1.1,0,,,,,,TRAIN
2021-01-14,1.2161750793457031,1.217285394668579,1.2113136053085327,1.2162491083145142,0.0,1.3647218942642212,1.3693190813064575,1.3617299795150757,1.364926815032959,0.0,1836.699951171875,1850.699951171875,1836.699951171875,1850.300048828125,149.0,52.84000015258789,53.75,52.2400016784668,53.56999969482422,390087.0,0.09,262.687,111.1567,23.25,1.15,0,,,,,,TRAIN
2021-01-15,1.2153000831604004,1.2162491083145142,1.208473801612854,1.2151259183883667,0.0,1.3683634996414185,1.3697879314422607,1.3574045896530151,1.3683634996414185,0.0,1829.4000244140625,1829.4000244140625,1825.0,1829.300048828125,31.0,53.79999923706055,53.83000183105469,51.83000183105469,52.36000061035156,165668.0,0.09,262.687,111.5106,24.34,1.11,0,,,,,,TRAIN
2021-01-18,1.206723928451538,1.2086198329925537,1.205545425415039,1.2068113088607788,0.0,1.3574230670928955,1.358991026878357,1.352100491523743,1.357533574104309,0.0,,,,,,,,,,,0.09,262.687,111.5106,24.34,1.11,0,,,,,,TRAIN
2021-01-19,1.2078461647033691,1.2144912481307983,1.2078461647033691,1.207729458808899,0.0,1.3582526445388794,1.3627877235412598,1.3582526445388794,1.3581236600875854,0.0,1802.0,1842.9000244140625,1802.0,1839.5,13.0,52.0,53.130001068115234,51.7599983215332,52.97999954223633,125964.0,0.09,262.687,111.4527,23.24,1.1,0,,,,,,TRAIN
2021-01-20,1.2139458656311035,1.2160005569458008,1.207773208618164,1.213886857032776,0.0,1.364498496055603,1.3714599609375,1.362416386604309,1.3644241094589231,0.0,1847.800048828125,1866.5999755859373,1844.4000244140625,1865.9000244140625,16.0,53.130001068115234,53.790000915527344,53.04999923706055,53.2400016784668,400301.0,0.09,262.687,111.4527,21.58,1.1,0,,,,,,TRAIN
2021-01-21,1.211533784866333,1.2171964645385742,1.2109909057617188,1.2115631103515625,0.0,1.3666616678237915,1.374532699584961,1.3660643100738523,1.3668484687805176,0.0,1865.300048828125,1868.0,1865.300048828125,1865.300048828125,6.0,52.93000030517578,53.40999984741211,52.75,53.130001068115234,352397.0,0.09,262.687,111.1973,21.32,1.12,0,,,,,,TRAIN
2021-01-22,1.2166190147399902,1.2188003063201904,1.2151997089385986,1.2166293859481812,0.0,1.373041749000549,1.3737396001815796,1.363716959953308,1.3729474544525146,0.0,1854.9000244140625,1855.699951171875,1852.699951171875,1855.699951171875,8.0,53.09999847412109,53.15999984741211,51.43999862670898,52.27000045776367,437484.0,0.09,262.687,111.5516,21.91,1.1,0,,,,,,TRAIN
2021-01-25,1.2168558835983276,1.218599796295166,1.2117246389389038,1.216944694519043,0.0,1.368719220161438,1.3722879886627195,1.3651131391525269,1.3688204288482666,0.0,1864.699951171875,1864.699951171875,1851.800048828125,1854.9000244140625,26.0,52.16999816894531,52.95000076293945,51.81999969482422,52.77000045776367,349076.0,0.09,262.687,111.8676,23.19,1.05,0,,,,,,TRAIN
2021-01-26,1.2143291234970093,1.2175003290176392,1.2108443975448608,1.214624047279358,0.0,1.3675587177276611,1.374419331550598,1.36104416847229,1.3678992986679075,0.0,1855.800048828125,1855.800048828125,1850.699951171875,1850.699951171875,59.0,52.90999984741211,53.25,52.290000915527344,52.61000061035156,314538.0,0.09,262.687,111.6572,23.02,1.05,0,,,,,,TRAIN
2021-01-27,1.2163230180740356,1.2171372175216677,1.2061998844146729,1.216299295425415,0.0,1.3741737604141235,1.3759889602661133,1.3662322759628296,1.374154806137085,0.0,1844.9000244140625,1844.9000244140625,1844.9000244140625,1844.9000244140625,195540.0,52.7599983215332,53.29999923706055,51.84999847412109,52.84999847412109,442376.0,0.09,262.687,112.0782,37.21,1.04,0,,,,,,TRAIN
2021-01-28,1.2104778289794922,1.214399814605713,1.2082401514053345,1.2105072736740112,0.0,1.367353081703186,1.3732680082321167,1.3631592988967896,1.3669419288635254,0.0,1843.4000244140625,1862.9000244140625,1831.5,1837.9000244140625,27283.0,52.650001525878906,53.58000183105469,52.040000915527344,52.34000015258789,411406.0,0.09,262.687,112.0059,30.21,1.07,0,,,,,,TRAIN
2021-01-29,1.212135910987854,1.2157005071640017,1.2095993757247925,1.2120037078857422,0.0,1.3726459741592407,1.375118613243103,1.365877628326416,1.3725008964538574,0.0,1842.0,1876.0,1838.699951171875,1847.300048828125,1634.0,52.150001525878906,53.25,51.93000030517578,52.20000076293945,410914.0,0.09,262.687,111.9511,33.09,1.11,0,,,,,,TRAIN
2021-02-01,1.2122827768325806,1.2136069536209106,1.2069132328033447,1.2123857736587524,0.0,1.3698067665100098,1.3756861686706543,1.3658030033111572,1.3697690963745115,0.0,1866.5999755859373,1871.9000244140625,1850.0,1860.800048828125,1494.0,51.9900016784668,53.7400016784668,51.63999938964844,53.54999923706055,416067.0,0.08,263.579,112.4189,30.24,1.09,0,,,,,,TRAIN
2021-02-02,1.2067675590515137,1.208795189857483,1.2018364667892456,1.2068694829940796,0.0,1.3675587177276611,1.3709522485733032,1.3613591194152832,1.3678767681121826,0.0,1859.5999755859373,1861.300048828125,1827.5999755859373,1830.5,1293.0,53.47999954223633,55.2599983215332,53.45000076293945,54.7599983215332,463718.0,0.08,263.579,112.2862,25.56,1.12,0,,,,,,TRAIN
2021-02-03,1.203905463218689,1.204999327659607,1.200494647026062,1.203905463218689,0.0,1.36621356010437,1.3682323694229126,1.3621008396148682,1.3659336566925049,0.0,1834.800048828125,1842.4000244140625,1829.800048828125,1832.199951171875,1195.0,55.04999923706055,56.33000183105469,54.810001373291016,55.68999862670898,448693.0,0.08,263.579,112.2567,22.91,1.15,0,,,,,,TRAIN
2021-02-04,1.2041809558868408,1.2043839693069458,1.1967161893844604,1.2042388916015625,0.0,1.3650386333465576,1.3698630332946775,1.3571467399597168,1.364908218383789,0.0,1832.199951171875,1832.199951171875,1782.800048828125,1788.9000244140625,2375.0,55.959999084472656,56.58000183105469,55.29999923706055,56.22999954223633,381404.0,0.08,263.579,112.7469,21.77,1.15,0,,,,,,TRAIN
2021-02-05,1.1967447996139526,1.2039779424667358,1.1953572034835815,1.1966731548309326,0.0,1.3672783374786377,1.374003767967224,1.3667550086975098,1.3676148653030396,0.0,1794.300048828125,1813.5,1790.9000244140625,1810.9000244140625,1278.0,56.459999084472656,57.290000915527344,56.43000030517578,56.84999847412109,400833.0,0.08,263.579,112.2379,20.87,1.19,0,,,,,,TRAIN
2021-02-08,1.2049354314804075,1.2068549394607544,1.2021398544311523,1.2048773765563965,0.0,1.3739283084869385,1.374986171722412,1.368251085281372,1.373871684074402,0.0,1816.300048828125,1836.699951171875,1809.0,1831.9000244140625,254.0,57.060001373291016,58.13999938964844,57.0,57.970001220703125,399724.0,0.08,263.579,112.0428,21.24,1.19,0,,,,,,TRAIN
2021-02-09,1.2052549123764038,1.211475133895874,1.2050195932388306,1.2053595781326294,0.0,1.374570369720459,1.3798813819885254,1.3743815422058103,1.374570369720459,0.0,1841.9000244140625,1843.300048828125,1830.699951171875,1835.300048828125,184.0,58.11000061035156,58.619998931884766,57.27000045776367,58.36000061035156,514698.0,0.08,263.579,111.7675,21.63,1.18,0,,,,,,TRAIN
2021-02-10,1.2116951942443848,1.2143733501434326,1.2110203504562378,1.2119992971420288,0.0,1.3816543817520142,1.386599063873291,1.3804528713226318,1.3817994594573977,0.0,1842.5999755859373,1851.0999755859373,1837.0,1840.5999755859373,543.0,58.45000076293945,58.90999984741211,58.08000183105469,58.68000030517578,457535.0,0.08,263.579,111.5834,21.99,1.15,0,,,,,,TRAIN
2021-02-11,1.2119449377059937,1.2150993347167969,1.2114311456680298,1.2121212482452393,0.0,1.3832405805587769,1.3856172561645508,1.3810819387435913,1.3832597732543943,0.0,1840.5,1845.0,1820.9000244140625,1824.9000244140625,602.0,58.400001525878906,58.709999084472656,57.84000015258789,58.2400016784668,380445.0,0.08,263.579,111.5272,21.25,1.16,0,,,,,,TRAIN
2021-02-12,1.213003396987915,1.213592290878296,1.2083992958068848,1.2131506204605105,0.0,1.3811010122299194,1.3856749534606934,1.377695083618164,1.381024718284607,0.0,1825.0,1827.5,1809.199951171875,1821.5999755859373,259.0,57.93999862670898,59.81999969482422,57.40999984741211,59.470001220703125,480822.0,0.08,263.579,111.4889,19.97,1.2,0,,,,,,TRAIN
2021-02-15,1.212106466293335,1.214699387550354,1.2117393016815186,1.2122093439102173,0.0,1.3871549367904663,1.3919705152511597,1.3866894245147705,1.3871549367904663,0.0,,,,,,,,,,,0.08,263.579,111.4889,19.97,1.2,0,,,,,,TRAIN
2021-02-16,1.2132388353347778,1.2171002626419067,1.2095847129821775,1.2132196426391602,0.0,1.3913624286651611,1.395147681236267,1.3870587348937988,1.3914785385131836,0.0,1820.9000244140625,1823.4000244140625,1787.300048828125,1797.199951171875,1141.0,59.97999954223633,60.95000076293945,59.33000183105469,60.04999923706055,602332.0,0.08,263.579,111.7879,21.46,1.3,0,,,,,,TRAIN
2021-02-17,1.2088537216186523,1.2098335027694702,1.202558994293213,1.2092483043670654,0.0,1.3886381387710571,1.390259861946106,1.383145093917847,1.388811707496643,0.0,1785.800048828125,1789.699951171875,1768.800048828125,1771.0999755859375,614.0,60.2400016784668,61.72999954223633,59.43000030517578,61.13999938964844,335419.0,0.08,263.579,112.0204,21.5,1.29,0,,,,,,TRAIN
2021-02-18,1.2045869827270508,1.2089003324508667,1.2036300897598269,1.2048004865646362,0.0,1.3865971565246582,1.398444890975952,1.384063959121704,1.3866355419158936,0.0,1776.0999755859375,1784.5999755859375,1766.0,1773.4000244140625,587.0,61.68000030517578,62.2599983215332,59.790000915527344,60.52000045776367,132035.0,0.08,263.579,112.1603,22.49,1.29,0,,,,,,TRAIN
2021-02-19,1.2091752290725708,1.2147716283798218,1.208299994468689,1.209189772605896,0.0,1.3968042135238647,1.4035087823867798,1.395206093788147,1.3967455625534058,0.0,1764.300048828125,1787.5999755859375,1764.300048828125,1775.800048828125,118.0,60.20000076293945,60.290000915527344,58.59000015258789,59.2400016784668,102427.0,0.08,263.579,111.7058,22.05,1.34,0,,,,,,TRAIN
2021-02-22,1.212444543838501,1.2155098915100098,1.2092190980911257,1.2126356363296509,0.0,1.402760624885559,1.4075981378555298,1.3981516361236572,1.403114914894104,0.0,1784.0,1807.800048828125,1784.0,1806.699951171875,165.0,58.880001068115234,61.84000015258789,58.81999969482422,61.4900016784668,505773.0,0.08,263.579,111.918,23.45,1.37,0,,,,,,TRAIN
2021-02-23,1.2166930437088013,1.2178784608840942,1.213680624961853,1.2166796922683716,0.0,1.4070239067077637,1.4114724397659302,1.4057382345199585,1.4071228504180908,0.0,1809.5999755859373,1811.300048828125,1796.4000244140625,1804.4000244140625,569.0,62.15999984741211,63.0,60.66999816894531,61.66999816894531,570677.0,0.08,263.579,111.8981,23.11,1.37,0,,,,,,TRAIN
2021-02-24,1.2151997089385986,1.217404007911682,1.2111302614212036,1.215214490890503,0.0,1.412090301513672,1.4217066764831543,1.4087086915969849,1.412030577659607,0.0,1805.800048828125,1805.800048828125,1796.4000244140625,1796.4000244140625,1500.0,61.290000915527344,63.5099983215332,60.970001220703125,63.220001220703125,489933.0,0.08,263.579,111.7212,21.34,1.38,0,,,,,,TRAIN
2021-02-25,1.2169506549835205,1.224155068397522,1.2156577110290527,1.2171372175216677,0.0,1.4145472049713137,1.4182183742523191,1.4100593328475952,1.4148274660110474,0.0,1801.5,1802.0,1766.699951171875,1774.4000244140625,1049.0,63.38999938964844,63.810001373291016,62.650001525878906,63.52999877929688,510357.0,0.08,263.579,111.9253,28.89,1.54,0,,,,,,TRAIN
2021-02-26,1.216012477874756,1.2182493209838867,1.2091752290725708,1.2160420417785645,0.0,1.4005405902862549,1.4020133018493652,1.3890818357467651,1.40081524848938,0.0,1768.0999755859375,1768.199951171875,1718.800048828125,1728.0999755859375,1593.0,63.459999084472656,63.56999969482422,61.34000015258789,61.5,472723.0,0.08,263.579,112.8306,27.95,1.44,0,,,,,,TRAIN
2021-03-01,1.2090904712677002,1.2101556062698364,1.2029930353164673,1.208956003189087,0.0,1.3976240158081057,1.3999720811843872,1.3905692100524902,1.397252917289734,0.0,1737.0999755859375,1747.0,1720.300048828125,1722.5,407.0,61.95000076293945,62.91999816894531,59.959999084472656,60.63999938964844,456679.0,0.07,264.961,112.5263,23.35,1.45,0,,,,,,TRAIN
2021-03-02,1.204906344413757,1.2080358266830444,1.1994003057479858,1.2051095962524414,0.0,1.3928741216659546,1.39621901512146,1.3859821557998655,1.392951726913452,0.0,1709.4000244140625,1733.0999755859375,1708.699951171875,1733.0999755859375,867.0,60.22999954223633,61.209999084472656,59.380001068115234,59.75,464133.0,0.07,264.961,112.5342,24.1,1.42,0,,,,,,TRAIN
2021-03-03,1.208503007888794,1.2110495567321775,1.204470992088318,1.208546757698059,0.0,1.39547860622406,1.4003249406814575,1.3922922611236572,1.3954981565475464,0.0,1730.0,1732.4000244140625,1703.5,1715.300048828125,501.0,59.54999923706055,61.9900016784668,59.2400016784668,61.27999877929688,465311.0,0.07,264.961,112.7617,26.67,1.47,0,,,,,,TRAIN
2021-03-04,1.204833745956421,1.2064006328582764,1.2025011777877808,1.2050660848617554,0.0,1.3923697471618652,1.4011095762252808,1.391788363456726,1.3926994800567627,0.0,1706.5,1717.4000244140625,1700.199951171875,1700.199951171875,521.0,61.08000183105469,64.86000061035156,60.52000045776367,63.83000183105469,694628.0,0.07,264.961,112.7037,28.57,1.54,0,,,,,,TRAIN
2021-03-05,1.196859359741211,1.196859359741211,1.1897962093353271,1.1967735290527344,0.0,1.389506459236145,1.3905304670333862,1.3781697750091553,1.3894098997116089,0.0,1690.5999755859375,1701.0,1685.0,1698.0,302.0,64.16000366210938,66.41999816894531,63.81999969482422,66.08999633789062,573168.0,0.07,264.961,113.7487,24.66,1.56,0,,,,,,TRAIN
2021-03-08,1.1924636363983154,1.1932177543640137,1.184834122657776,1.1925631761550903,0.0,1.3848114013671875,1.3859994411468506,1.3802813291549685,1.385367751121521,0.0,1704.699951171875,1705.4000244140625,1673.699951171875,1677.699951171875,1290.0,66.68000030517578,67.9800033569336,64.56999969482422,65.05000305175781,533376.0,0.07,264.961,114.2678,25.47,1.59,0,,,,,,TRAIN
2021-03-09,1.18519926071167,1.191599726676941,1.1836141347885132,1.185171127319336,0.0,1.3824374675750732,1.3921177387237549,1.380338430404663,1.3823610544204712,0.0,1686.199951171875,1717.5,1685.199951171875,1716.5999755859375,335.0,64.7300033569336,65.9800033569336,63.630001068115234,64.01000213623047,554564.0,0.07,264.961,113.928,24.03,1.55,0,,,,,,TRAIN
2021-03-10,1.189668893814087,1.1925063133239746,1.187000036239624,1.1897906064987185,0.0,1.388709545135498,1.393417477607727,1.384677171707153,1.389043211936951,0.0,1713.5999755859375,1722.9000244140625,1711.0,1721.5,412.0,63.84000015258789,64.95999908447266,63.130001068115234,64.44000244140625,498488.0,0.07,264.961,113.5881,22.56,1.53,0,,,,,,TRAIN
2021-03-11,1.1927480697631836,1.1977769136428833,1.1917104721069336,1.1926058530807495,0.0,1.3931301832199097,1.3980538845062256,1.3921760320663452,1.3931456804275513,0.0,1725.5999755859375,1737.5,1720.199951171875,1722.300048828125,18.0,64.69999694824219,66.20999908447266,64.54000091552734,66.0199966430664,441063.0,0.07,264.961,112.9214,21.91,1.54,0,,,,,,TRAIN
2021-03-12,1.198164463043213,1.199040770530701,1.191057562828064,1.1986095905303955,0.0,1.398640513420105,1.400403380393982,1.3867894411087036,1.3989927768707275,0.0,1715.9000244140625,1722.5,1699.0,1719.5,80.0,65.95999908447266,66.23999786376953,65.41000366210938,65.61000061035156,321714.0,0.07,264.961,113.0269,20.69,1.64,0,,,,,,TRAIN
2021-03-15,1.1951143741607666,1.1965444087982178,1.1911852359771729,1.1950000524520874,0.0,1.3930875062942505,1.3948947191238403,1.3854252099990845,1.392951726913452,0.0,1729.5,1731.9000244140625,1722.800048828125,1728.9000244140625,147.0,65.55999755859375,66.4000015258789,64.12999725341797,65.38999938964844,378009.0,0.07,264.961,113.1928,20.03,1.62,0,,,,,,TRAIN
2021-03-16,1.192733883857727,1.1953001022338867,1.188438892364502,1.1925773620605469,0.0,1.39002788066864,1.3901245594024658,1.3811391592025757,1.3899120092391968,0.0,1732.300048828125,1733.9000244140625,1726.0,1730.5999755859375,729.0,65.33000183105469,65.43000030517578,63.79999923706055,64.80000305175781,317537.0,0.07,264.961,112.9839,19.79,1.62,0,,,,,,TRAIN
2021-03-17,1.1902097463607788,1.1917999982833862,1.1887637376785278,1.190164566040039,0.0,1.3902791738510132,1.3926994800567627,1.386885643005371,1.3902212381362915,0.0,1735.300048828125,1750.0999755859375,1725.5999755859375,1726.800048828125,488.0,64.75,65.33999633789062,63.59999847412109,64.5999984741211,254724.0,0.07,264.961,113.1589,19.23,1.63,0,,,,,,TRAIN
2021-03-18,1.198063850402832,1.1990997791290283,1.1910150051116943,1.1982792615890503,0.0,1.3973115682601929,1.400050401687622,1.389834761619568,1.3975849151611328,0.0,1745.800048828125,1750.300048828125,1721.800048828125,1732.199951171875,138.0,64.41999816894531,64.81999969482422,58.20000076293945,60.0,143597.0,0.07,264.961,112.7744,21.58,1.71,0,,,,,,TRAIN
2021-03-19,1.191767334938049,1.1937447786331177,1.1874933242797852,1.1918240785598757,0.0,1.392311692237854,1.3956539630889893,1.3832789659500122,1.3925055265426636,0.0,1742.199951171875,1742.199951171875,1733.5999755859375,1741.4000244140625,13.0,59.560001373291016,61.720001220703125,58.93999862670898,61.41999816894531,84171.0,0.07,264.961,112.9756,20.95,1.74,0,,,,,,TRAIN
2021-03-22,1.188452959060669,1.1937447786331177,1.1876062154769895,1.1883116960525513,0.0,1.3834894895553589,1.387520670890808,1.3818835020065308,1.3832597732543943,0.0,1737.800048828125,1737.800048828125,1737.800048828125,1737.800048828125,51.0,61.54999923706055,61.900001525878906,60.38999938964844,61.54999923706055,404370.0,0.07,264.961,113.0023,18.88,1.69,0,,,,,,TRAIN
2021-03-23,1.1933317184448242,1.1943150758743286,1.186436653137207,1.193303108215332,0.0,1.386020541191101,1.3863087892532349,1.375591516494751,1.3862512111663818,0.0,1724.699951171875,1724.699951171875,1724.699951171875,1724.699951171875,6.0,61.27999877929688,61.34999847412109,57.25,57.7599983215332,712317.0,0.07,264.961,113.2916,20.3,1.63,0,,,,,,TRAIN
2021-03-24,1.184118628501892,1.1851149797439575,1.1813349723815918,1.1840205192565918,0.0,1.3736263513565063,1.3742493391036987,1.3674839735031128,1.373041749000549,0.0,1727.5,1732.9000244140625,1727.5,1732.9000244140625,26.0,57.400001525878906,61.34000015258789,57.290000915527344,61.18000030517578,566291.0,0.07,264.961,113.6565,21.2,1.62,0,,,,,,TRAIN
2021-03-25,1.181376814842224,1.1830118894577026,1.1775233745574951,1.1813069581985474,0.0,1.3690191507339478,1.3739094734191897,1.3670727014541626,1.3688879013061523,0.0,1732.699951171875,1733.199951171875,1724.5,1724.9000244140625,15.0,60.79999923706055,60.86000061035156,57.43999862670898,58.560001373291016,580105.0,0.07,264.961,114.0016,19.81,1.63,0,,,,,,TRAIN
2021-03-26,1.1776067018508911,1.1804006099700928,1.1772600412368774,1.1776621341705322,0.0,1.374778389930725,1.380986571311951,1.374343752861023,1.374910593032837,0.0,1721.300048828125,1732.199951171875,1721.300048828125,1732.199951171875,33.0,58.47999954223633,61.36000061035156,58.31999969482422,60.970001220703125,471996.0,0.07,264.961,113.7406,18.86,1.67,0,,,,,,TRAIN
2021-03-29,1.1787601709365845,1.179356575012207,1.1761800050735474,1.1788004636764526,0.0,1.3789299726486206,1.3846579790115356,1.375723958015442,1.3791011571884155,0.0,1712.0999755859375,1712.0999755859375,1712.0999755859375,1712.0999755859375,135457.0,60.93000030517578,61.77000045776367,59.40999984741211,61.560001373291016,449360.0,0.07,264.961,113.9314,20.74,1.73,0,,,,,,TRAIN
2021-03-30,1.1769136190414429,1.1775789260864258,1.1713168621063232,1.177100658416748,0.0,1.377467393875122,1.3783597946166992,1.3708207607269287,1.3775053024291992,0.0,1711.0,1712.5999755859375,1676.5,1683.9000244140625,25316.0,61.959999084472656,62.27000045776367,59.93999862670898,60.54999923706055,388188.0,0.07,264.961,114.203,19.61,1.73,0,,,,,,TRAIN
2021-03-31,1.172333002090454,1.1758618354797363,1.1704530715942385,1.1723604202270508,0.0,1.3747594356536863,1.381024718284607,1.3718174695968628,1.3746649026870728,0.0,1683.699951171875,1713.800048828125,1676.5,1713.800048828125,762.0,60.45000076293945,61.16999816894531,58.84999847412109,59.15999984741211,414162.0,0.07,264.961,113.8234,19.4,1.74,0,,,,,,TRAIN
2021-04-01,1.1728966236114502,1.1775789260864258,1.1714814901351929,1.1728830337524414,0.0,1.378872990608215,1.3837000131607056,1.3749295473098757,1.3786258697509766,0.0,1706.800048828125,1728.800048828125,1706.4000244140625,1726.5,720.0,59.4900016784668,61.75,58.86000061035156,61.45000076293945,605567.0,0.07,266.614,113.7389,17.33,1.69,0,,,,,,TRAIN
2021-04-02,1.177773118019104,1.1787004470825195,1.1751433610916138,1.177994966506958,0.0,1.383508563041687,1.3854252099990845,1.3814444541931152,1.383508563041687,0.0,,,,,,,,,,,0.07,266.614,113.7315,17.33,1.72,0,,,,,,TRAIN
2021-04-05,1.1766366958618164,1.1816140413284302,1.1739431619644165,1.176816701889038,0.0,1.3829728364944458,1.3913817405700684,1.381425380706787,1.383125901222229,0.0,1727.9000244140625,1729.699951171875,1721.9000244140625,1727.0,275.0,61.5,61.5,57.630001068115234,58.650001525878906,438864.0,0.07,266.614,113.394,17.91,1.73,0,,,,,,TRAIN
2021-04-06,1.181907296180725,1.1855363845825195,1.1796486377716064,1.1818934679031372,0.0,1.3913236856460571,1.3919821977615356,1.381940841674805,1.3914011716842651,0.0,1726.9000244140625,1744.800048828125,1726.9000244140625,1741.5,890.0,58.79999923706055,60.900001525878906,58.619998931884766,59.33000183105469,457348.0,0.07,266.614,113.1464,18.12,1.67,0,,,,,,TRAIN
2021-04-07,1.187549710273743,1.1914690732955933,1.1865352392196655,1.1874228715896606,0.0,1.383068561553955,1.3839681148529053,1.3730227947235107,1.383125901222229,0.0,1742.699951171875,1742.699951171875,1733.699951171875,1740.0999755859375,557.0,59.2599983215332,60.040000915527344,58.119998931884766,59.77000045776367,475537.0,0.07,266.614,113.2436,17.16,1.68,0,,,,,,TRAIN
2021-04-08,1.187197208404541,1.1914832592010498,1.1861833333969116,1.1873664855957031,0.0,1.3740227222442627,1.3783597946166992,1.372043251991272,1.3743815422058103,0.0,1736.0,1758.0,1734.5999755859375,1756.800048828125,1298.0,59.52000045776367,59.93000030517578,58.81999969482422,59.59999847412109,419913.0,0.07,266.614,113.0917,16.95,1.64,0,,,,,,TRAIN
2021-04-09,1.1915684938430786,1.1923214197158811,1.186859130859375,1.1915684938430786,0.0,1.3736263513565063,1.3753266334533691,1.36718487739563,1.373437762260437,0.0,1750.800048828125,1750.800048828125,1733.300048828125,1743.300048828125,484.0,59.7599983215332,59.95000076293945,59.09999847412109,59.31999969482422,351436.0,0.07,266.614,113.2028,16.69,1.67,0,,,,,,TRAIN
2021-04-12,1.1896406412124634,1.1920371055603027,1.1873382329940796,1.1900511980056765,0.0,1.3708583116531372,1.3777141571044922,1.3670539855957031,1.3712154626846311,0.0,1740.800048828125,1740.800048828125,1726.699951171875,1731.199951171875,40.0,59.34999847412109,60.77000045776367,58.72999954223633,59.70000076293945,410218.0,0.07,266.614,113.1815,16.91,1.69,0,,,,,,TRAIN
2021-04-13,1.191213607788086,1.1953144073486328,1.1884304285049438,1.1914690732955933,0.0,1.375421166419983,1.376900315284729,1.3702759742736816,1.3753834962844849,0.0,1733.800048828125,1746.9000244140625,1722.0999755859375,1746.199951171875,367.0,59.63999938964844,60.59000015258789,59.63999938964844,60.18000030517578,349733.0,0.07,266.614,113.0391,16.65,1.64,0,,,,,,TRAIN
2021-04-14,1.1957430839538574,1.198193073272705,1.1951857805252075,1.1954143047332764,0.0,1.3762730360031128,1.38089120388031,1.3750618696212769,1.3759700059890747,0.0,1741.300048828125,1745.9000244140625,1732.699951171875,1734.9000244140625,1037.0,60.43999862670898,63.43999862670898,60.380001068115234,63.150001525878906,419813.0,0.07,266.614,112.7849,16.99,1.64,0,,,,,,TRAIN
2021-04-15,1.1982362270355225,1.199313998222351,1.1957861185073853,1.1986095905303955,0.0,1.377790093421936,1.38089120388031,1.3762730360031128,1.3779228925704956,0.0,1740.0999755859375,1767.9000244140625,1740.0999755859375,1765.4000244140625,368.0,62.83000183105469,63.56999969482422,62.52999877929688,63.459999084472656,243370.0,0.07,266.614,112.6181,16.57,1.56,0,,,,,,TRAIN
2021-04-16,1.197074294090271,1.199472188949585,1.1950900554656982,1.1971746683120728,0.0,1.3784737586975098,1.382762432098389,1.3718926906585691,1.3785498142242432,0.0,1770.4000244140625,1779.5,1770.0999755859375,1779.0,625.0,63.31999969482422,63.880001068115234,62.83000183105469,63.130001068115234,87795.0,0.07,266.614,112.4814,16.25,1.59,0,,,,,,TRAIN
2021-04-19,1.1968307495117188,1.2048193216323853,1.1943435668945312,1.1969454288482666,0.0,1.381940841674805,1.39918851852417,1.381043791770935,1.3818453550338743,0.0,1782.0999755859375,1788.5,1769.4000244140625,1769.4000244140625,144.0,62.97999954223633,63.630001068115234,62.630001068115234,63.380001068115234,74384.0,0.07,266.614,112.1835,17.29,1.61,0,,,,,,TRAIN
2021-04-20,1.2043839693069458,1.2081671953201294,1.2028772830963137,1.204529047012329,0.0,1.3992079496383667,1.4009525775909424,1.3935922384262085,1.3993842601776123,0.0,1769.300048828125,1777.300048828125,1765.5,1777.300048828125,1464.0,63.470001220703125,64.25,61.5,62.43999862670898,476046.0,0.07,266.614,112.2354,18.68,1.58,0,,,,,,TRAIN
2021-04-21,1.2032536268234253,1.204529047012329,1.2000004053115845,1.2032392024993896,0.0,1.393728256225586,1.3948947191238403,1.3886960744857788,1.3938837051391602,0.0,1783.0,1794.0999755859375,1777.699951171875,1792.300048828125,250.0,62.38999938964844,62.560001373291016,60.86000061035156,61.34999847412109,431486.0,0.07,266.614,112.1771,17.5,1.57,0,,,,,,TRAIN
2021-04-22,1.203818440437317,1.2070006132125854,1.2003936767578125,1.2037750482559204,0.0,1.3932796716690063,1.3950893878936768,1.3828580379486084,1.3931845426559448,0.0,1794.199951171875,1794.199951171875,1779.5,1781.199951171875,159.0,61.11000061035156,61.869998931884766,60.61000061035156,61.43000030517578,344700.0,0.07,266.614,112.2297,18.71,1.57,0,,,,,,TRAIN
2021-04-23,1.2017930746078491,1.2077994346618652,1.2013888359069824,1.2014753818511963,0.0,1.3844088315963743,1.3896608352661133,1.3837192058563232,1.3840255737304688,0.0,1786.0999755859375,1794.5,1772.0,1777.0,332.0,61.650001525878906,62.43000030517578,61.25,62.13999938964844,345407.0,0.07,266.614,112.0889,17.33,1.58,0,,,,,,TRAIN
2021-04-26,1.208956003189087,1.2118273973464966,1.2063744068145752,1.2089852094650269,0.0,1.3867125511169434,1.3929322957992554,1.3866740465164185,1.3866355419158936,0.0,1778.0,1779.699951171875,1770.800048828125,1779.199951171875,549.0,62.060001373291016,62.310001373291016,60.65999984741211,61.90999984741211,366865.0,0.07,266.614,111.8109,17.64,1.58,0,,,,,,TRAIN
2021-04-27,1.2079205513000488,1.209189772605896,1.2057925462722778,1.2081671953201294,0.0,1.3894678354263306,1.392350435256958,1.3859437704086304,1.3895643949508667,0.0,1780.0,1782.0,1777.699951171875,1778.0,117.0,61.970001220703125,63.29999923706055,61.90999984741211,62.93999862670898,361536.0,0.07,266.614,111.9097,17.56,1.63,0,,,,,,TRAIN
2021-04-28,1.2088537216186523,1.210214138031006,1.205763578414917,1.2090305089950562,0.0,1.3903005123138428,1.392195463180542,1.3862512111663818,1.390356421470642,0.0,1768.199951171875,1774.0,1764.5999755859375,1773.199951171875,756.0,63.040000915527344,64.52999877929688,62.66999816894531,63.86000061035156,387683.0,0.07,266.614,111.7909,17.28,1.63,0,,,,,,TRAIN
2021-04-29,1.2135775089263916,1.215214490890503,1.2104192972183228,1.213592290878296,0.0,1.395673394203186,1.3975849151611328,1.393301010131836,1.395673394203186,0.0,1781.0,1789.0,1758.5999755859375,1768.0999755859375,196.0,63.70000076293945,65.47000122070312,63.650001525878906,65.01000213623047,384489.0,0.07,266.614,111.7464,17.61,1.65,0,,,,,,TRAIN
2021-04-30,1.2124886512756348,1.2128562927246094,1.2024723291397097,1.2127091884613037,0.0,1.3950504064559937,1.395868182182312,1.381024718284607,1.3952839374542236,0.0,1771.800048828125,1771.800048828125,1763.9000244140625,1767.300048828125,18.0,64.87999725341797,64.94999694824219,63.08000183105469,63.58000183105469,400515.0,0.07,266.614,112.0839,18.61,1.65,0,,,,,,TRAIN
2021-05-03,1.202645778656006,1.2077994346618652,1.201489806175232,1.2027760744094849,0.0,1.381921648979187,1.3931069374084473,1.380548119544983,1.3819791078567505,0.0,1788.5,1793.0,1788.5,1791.4000244140625,18.0,63.63999938964844,64.68000030517578,62.90999984741211,64.48999786376953,285969.0,0.06,268.383,112.005,18.31,1.63,0,,,,,,TRAIN
2021-05-04,1.2059816122055054,1.2063002586364746,1.200004816055298,1.2061271667480469,0.0,1.390395164489746,1.390627145767212,1.384063959121704,1.3903758525848389,0.0,1788.199951171875,1788.5,1774.800048828125,1775.800048828125,182.0,64.52999877929688,66.19000244140625,64.29000091552734,65.69000244140625,370208.0,0.06,268.383,112.2896,19.48,1.61,0,,,,,,TRAIN
2021-05-05,1.2016342878341677,1.2029350996017456,1.198724627494812,1.2015043497085571,0.0,1.3888696432113647,1.392641305923462,1.3877902030944824,1.388811707496643,0.0,1781.5,1784.0999755859375,1779.199951171875,1784.0999755859375,57.0,66.44999694824219,66.76000213623047,64.91999816894531,65.62999725341797,460066.0,0.06,268.383,112.1514,19.15,1.59,0,,,,,,TRAIN
2021-05-06,1.2009127140045166,1.2070006132125854,1.1994003057479858,1.2007973194122314,0.0,1.391246318817139,1.3938252925872805,1.3866548538208008,1.3909753561019895,0.0,1788.9000244140625,1815.5,1787.5999755859375,1815.5,13.0,65.2699966430664,65.9800033569336,64.5,64.70999908447266,389214.0,0.06,268.383,111.8401,18.39,1.58,0,,,,,,TRAIN
2021-05-07,1.2065927982330322,1.2165449857711792,1.205342173576355,1.2068549394607544,0.0,1.3896416425704956,1.4000699520111084,1.389197587966919,1.389854073524475,0.0,1842.9000244140625,1842.9000244140625,1831.0999755859373,1831.0999755859373,2.0,64.9000015258789,65.23999786376953,63.900001525878906,64.9000015258789,431417.0,0.06,268.383,111.0249,16.69,1.6,0,,,,,,TRAIN
2021-05-10,1.2167521715164185,1.217730164527893,1.2137395143508911,1.2171076536178589,0.0,1.4037491083145142,1.41576886177063,1.401581048965454,1.4041197299957275,0.0,1835.5999755859373,1845.5999755859373,1835.4000244140625,1837.5,13.0,65.56999969482422,65.75,63.95000076293945,64.91999816894531,448337.0,0.06,268.383,110.7905,19.66,1.63,0,,,,,,TRAIN
2021-05-11,1.214211106300354,1.217967510223389,1.2125474214553833,1.2140932083129885,0.0,1.4132277965545654,1.4157888889312744,1.4106560945510864,1.413127899169922,0.0,1837.199951171875,1838.0999755859373,1831.5999755859373,1835.9000244140625,420.0,64.9000015258789,65.5,63.68000030517578,65.27999877929688,514949.0,0.06,268.383,110.8921,21.84,1.64,0,,,,,,TRAIN
2021-05-12,1.214550256729126,1.2150667905807495,1.2068113088607788,1.2144500017166138,0.0,1.4137272834777832,1.4150274991989136,1.4078360795974731,1.4138271808624268,0.0,1825.199951171875,1825.199951171875,1821.699951171875,1822.5999755859373,3.0,65.45999908447266,66.62999725341797,64.97000122070312,66.08000183105469,508519.0,0.06,268.383,111.5636,27.59,1.69,0,,,,,,TRAIN
2021-05-13,1.2076857089996338,1.2106537818908691,1.205312967300415,1.2078505754470823,0.0,1.4060347080230713,1.4079351425170898,1.4007956981658936,1.4063708782196045,0.0,1814.699951171875,1826.800048828125,1814.0999755859373,1823.800048828125,100.0,65.75,65.80999755859375,63.09000015258789,63.81999969482422,547691.0,0.06,268.383,111.5955,23.13,1.66,0,,,,,,TRAIN
2021-05-14,1.2080212831497192,1.2147716283798218,1.2071462869644165,1.207729458808899,0.0,1.4046916961669922,1.4110342264175415,1.4037057161331177,1.4050863981246948,0.0,1824.5,1842.9000244140625,1824.5,1837.9000244140625,41.0,63.83000183105469,65.62000274658203,63.33000183105469,65.37000274658203,383749.0,0.06,268.383,111.1353,18.81,1.63,0,,,,,,TRAIN
2021-05-17,1.2147568464279177,1.2169995307922363,1.2127532958984375,1.2150373458862305,0.0,1.4099997282028198,1.41282856464386,1.407855749130249,1.4101786613464355,0.0,1849.9000244140625,1867.5,1847.199951171875,1867.5,13.0,65.5,66.43000030517578,64.83000183105469,66.2699966430664,268476.0,0.06,268.383,111.079,19.72,1.64,0,,,,,,TRAIN
2021-05-18,1.215524673461914,1.2232415676116943,1.2154065370559692,1.215687274932861,0.0,1.414847493171692,1.4220503568649292,1.4146872758865356,1.4148674011230469,0.0,1870.5,1870.5,1867.800048828125,1867.800048828125,3.0,66.33000183105469,67.01000213623047,64.11000061035156,65.48999786376953,167348.0,0.06,268.383,110.8317,21.34,1.64,0,,,,,,TRAIN
2021-05-19,1.2226433753967283,1.2247997522354126,1.2191851139068604,1.2223997116088867,0.0,1.4190032482147217,1.4202003479003906,1.413407564163208,1.41880202293396,0.0,1866.4000244140625,1884.9000244140625,1863.5999755859373,1881.300048828125,348.0,65.27999877929688,65.3499984741211,61.95000076293945,63.36000061035156,101902.0,0.06,268.383,110.8807,22.18,1.68,0,,,,,,TRAIN
2021-05-20,1.217285394668579,1.2229005098342896,1.2170928716659546,1.217285394668579,0.0,1.4107954502105713,1.418138027191162,1.4103178977966309,1.4106162786483765,0.0,1865.5,1885.0,1864.800048828125,1881.800048828125,85.0,63.38999938964844,63.959999084472656,61.88999938964844,62.04999923706055,524168.0,0.06,268.383,110.8605,20.67,1.63,0,,,,,,TRAIN
2021-05-21,1.2227928638458252,1.2242000102996826,1.2173744440078735,1.222538709640503,0.0,1.4186811447143557,1.423345685005188,1.4154281616210938,1.4185603857040403,0.0,1872.0999755859373,1876.699951171875,1872.0999755859373,1876.699951171875,5.0,61.88999938964844,64.06999969482422,61.560001373291016,63.58000183105469,530831.0,0.06,268.383,111.0576,20.15,1.63,0,,,,,,TRAIN
2021-05-24,1.2181158065795898,1.222942352294922,1.217581868171692,1.2183235883712769,0.0,1.414027214050293,1.4171332120895386,1.411851167678833,1.4142870903015137,0.0,1882.0999755859373,1884.5999755859373,1882.0999755859373,1884.5999755859373,39.0,63.869998931884766,66.13999938964844,63.630001068115234,66.05000305175781,466647.0,0.06,268.383,110.9118,18.4,1.61,0,,,,,,TRAIN
2021-05-25,1.2214486598968506,1.2267003059387207,1.2212398052215576,1.2214635610580444,0.0,1.4156886339187622,1.4210398197174072,1.4117714166641235,1.415608525276184,0.0,1882.5,1898.0999755859373,1882.5,1898.0999755859373,56.0,66.0199966430664,66.51000213623047,65.41000366210938,66.06999969482422,497394.0,0.06,268.383,110.842,18.84,1.56,0,,,,,,TRAIN
2021-05-26,1.2248897552490234,1.2265002727508545,1.2200031280517578,1.2249093055725098,0.0,1.4143270254135132,1.417635440826416,1.411930799484253,1.4143872261047363,0.0,1901.300048828125,1901.300048828125,1901.300048828125,1901.300048828125,170526.0,66.04000091552734,66.43000030517578,65.25,66.20999908447266,376207.0,0.06,268.383,110.8677,17.36,1.58,0,,,,,,TRAIN
2021-05-27,1.2190364599227903,1.221699357032776,1.2175670862197876,1.21925950050354,0.0,1.4113130569458008,1.4194867610931396,1.4092248678207395,1.4116119146347046,0.0,1896.800048828125,1903.9000244140625,1888.199951171875,1895.699951171875,35794.0,66.16000366210938,66.91999816894531,65.47000122070312,66.8499984741211,337542.0,0.06,268.383,110.8688,16.74,1.61,0,,,,,,TRAIN
2021-05-28,1.2192742824554443,1.2201074361801147,1.2133419513702393,1.2193188667297363,0.0,1.420353651046753,1.420656442642212,1.413707256317139,1.4203739166259766,0.0,1897.5,1905.4000244140625,1881.9000244140625,1902.5,2415.0,66.94999694824219,67.5199966430664,66.16999816894531,66.31999969482422,390461.0,0.06,268.383,110.7576,16.76,1.58,0,,,,,,TRAIN
2021-05-31,1.2190067768096924,1.22339129447937,1.2184126377105713,1.2190067768096924,0.0,1.4182385206222534,1.4216864109039309,1.4165911674499512,1.4180374145507812,0.0,,,,,,,,,,,0.06,268.383,110.7576,16.76,1.58,0,,,,,,TRAIN
2021-06-01,1.223406195640564,1.2254151105880735,1.2214635610580444,1.223286509513855,0.0,1.4227584600448608,1.4247246980667114,1.4155683517456057,1.422677516937256,0.0,1905.0999755859373,1916.199951171875,1892.800048828125,1902.9000244140625,640.0,66.68000030517578,68.87000274658203,66.41000366210938,67.72000122070312,570985.0,0.08,270.654,110.5046,17.9,1.62,0,,,,,,TRAIN
2021-06-02,1.221806883811951,1.222942352294922,1.2165746688842771,1.2217769622802734,0.0,1.4156686067581177,1.4184397459030151,1.4115123748779297,1.4157087802886963,0.0,1899.199951171875,1908.800048828125,1896.0,1907.5,1267.0,67.98999786376953,69.0,67.77999877929688,68.83000183105469,332995.0,0.08,270.654,110.5799,17.48,1.59,0,,,,,,TRAIN
2021-06-03,1.2211503982543943,1.2215979099273682,1.2120903730392456,1.220986247062683,0.0,1.4172135591506958,1.4201923608779907,1.4093042612075806,1.4171934127807615,0.0,1908.800048828125,1908.800048828125,1865.0,1871.199951171875,1021.0,68.76000213623047,69.4000015258789,68.19000244140625,68.80999755859375,351367.0,0.08,270.654,111.1782,18.04,1.63,0,,,,,,TRAIN
2021-06-04,1.213029861450195,1.218769073486328,1.210551142692566,1.213300704956055,0.0,1.4110342264175415,1.420051097869873,1.4085994958877563,1.4109944105148315,0.0,1869.300048828125,1895.5,1854.0,1889.800048828125,367.0,68.91000366210938,69.76000213623047,68.33000183105469,69.62000274658203,326250.0,0.08,270.654,110.7521,16.42,1.56,0,,,,,,TRAIN
2021-06-07,1.2165746688842771,1.220199704170227,1.2145060300827026,1.2168411016464231,0.0,1.4161899089813232,1.418399453163147,1.4112334251403809,1.4164307117462158,0.0,1890.5,1899.699951171875,1883.199951171875,1896.800048828125,87.0,69.5199966430664,70.0,68.93000030517578,69.2300033569336,365621.0,0.08,270.654,110.5155,16.42,1.57,0,,,,,,TRAIN
2021-06-08,1.2189621925354004,1.219660997390747,1.216663479804993,1.2193634510040283,0.0,1.4176493883132937,1.4186408519744873,1.4123696088790894,1.41765558719635,0.0,1896.5,1902.9000244140625,1890.0,1892.199951171875,930.0,69.29000091552734,70.2699966430664,68.47000122070312,70.05000305175781,441302.0,0.08,270.654,110.649,17.07,1.53,0,,,,,,TRAIN
2021-06-09,1.2171818017959597,1.221899390220642,1.2171818017959597,1.217285394668579,0.0,1.4148274660110474,1.4188421964645386,1.4115720987319946,1.414987564086914,0.0,1894.9000244140625,1897.699951171875,1889.199951171875,1893.199951171875,148.0,70.01000213623047,70.62000274658203,69.45999908447266,69.95999908447266,410820.0,0.08,270.654,110.5707,17.89,1.5,0,,,,,,TRAIN
2021-06-10,1.217730164527893,1.2192147970199585,1.2145354747772217,1.218200445175171,0.0,1.411113977432251,1.4170527458190918,1.407558560371399,1.4112334251403809,0.0,1887.699951171875,1899.800048828125,1871.5,1894.199951171875,186.0,69.76000213623047,70.6500015258789,68.68000030517578,70.29000091552734,492464.0,0.08,270.654,110.5456,16.1,1.45,0,,,,,,TRAIN
2021-06-11,1.2173150777816772,1.2195003032684326,1.2094998359680176,1.2172558307647705,0.0,1.4171130657196045,1.4186408519744873,1.410636305809021,1.4170126914978027,0.0,1900.9000244140625,1902.300048828125,1875.199951171875,1877.4000244140625,349.0,70.0999984741211,71.23999786376953,69.68000030517578,70.91000366210938,563575.0,0.08,270.654,111.0933,15.65,1.47,0,,,,,,TRAIN
2021-06-14,1.2110790014266968,1.2131506204605105,1.2095261812210083,1.2110203504562378,0.0,1.412030577659607,1.4124293327331543,1.4071624279022217,1.411930799484253,0.0,1866.199951171875,1866.5999755859373,1846.5,1864.0,41.0,70.6500015258789,71.77999877929688,70.6500015258789,70.87999725341797,319639.0,0.08,270.654,110.9659,16.39,1.51,0,,,,,,TRAIN
2021-06-15,1.212415099143982,1.2149192094802856,1.2102874517440796,1.212224006652832,0.0,1.4110342264175415,1.4128483533859253,1.4036861658096311,1.4109944105148315,0.0,1866.4000244140625,1867.199951171875,1854.4000244140625,1854.5,78.0,71.16000366210938,72.48999786376953,70.80999755859375,72.12000274658203,336035.0,0.08,270.654,111.3507,17.02,1.51,0,,,,,,TRAIN
2021-06-16,1.2125474214553833,1.2134994268417358,1.2110350131988523,1.2127091884613037,0.0,1.4083118438720703,1.4132277965545654,1.4076972007751465,1.4081531763076782,0.0,1859.4000244140625,1860.0999755859373,1809.199951171875,1859.5,117.0,72.44999694824219,72.98999786376953,71.61000061035156,72.1500015258789,426775.0,0.08,270.654,111.1165,18.15,1.57,0,,,,,,TRAIN
2021-06-17,1.199184536933899,1.2007685899734497,1.19070303440094,1.1995586156845093,0.0,1.39834725856781,1.4009525775909424,1.391207575798035,1.3990709781646729,0.0,1811.800048828125,1823.300048828125,1769.5999755859375,1773.800048828125,1135.0,71.6500015258789,72.30000305175781,69.7699966430664,71.04000091552734,373780.0,0.08,270.654,112.5772,17.75,1.52,0,,,,,,TRAIN
2021-06-18,1.1913270950317385,1.1927480697631836,1.1851149797439575,1.1913414001464844,0.0,1.3939030170440674,1.3945056200027466,1.379710078239441,1.3938642740249634,0.0,1775.699951171875,1792.4000244140625,1767.9000244140625,1767.9000244140625,354.0,71.0999984741211,72.16999816894531,70.16000366210938,71.63999938964844,139584.0,0.08,270.654,113.0408,20.7,1.45,0,,,,,,TRAIN
2021-06-21,1.186901330947876,1.1920514106750488,1.1848762035369873,1.1873664855957031,0.0,1.3816543817520142,1.3919821977615356,1.378720760345459,1.381711721420288,0.0,1768.800048828125,1785.199951171875,1766.800048828125,1781.800048828125,38.0,71.5199966430664,73.95999908447266,71.1500015258789,73.66000366210938,123662.0,0.08,270.654,112.8391,17.89,1.5,0,,,,,,TRAIN
2021-06-22,1.1911568641662598,1.1917530298233032,1.1882412433624268,1.1912561655044556,0.0,1.392311692237854,1.393048644065857,1.386328101158142,1.392540454864502,0.0,1783.4000244140625,1786.9000244140625,1775.9000244140625,1776.300048828125,101.0,73.41000366210938,73.94999694824219,72.94000244140625,73.05999755859375,498555.0,0.08,270.654,112.9174,16.66,1.48,0,,,,,,TRAIN
2021-06-23,1.1937447786331177,1.1969999074935913,1.1915826797485352,1.1936734914779663,0.0,1.394875168800354,1.4001679420471191,1.3924860954284668,1.3949919939041138,0.0,1780.699951171875,1793.199951171875,1780.5999755859375,1782.300048828125,136.0,72.91000366210938,74.25,72.81999969482422,73.08000183105469,429207.0,0.08,270.654,112.3819,16.32,1.5,0,,,,,,TRAIN
2021-06-24,1.1931607723236084,1.1956716775894165,1.191994547843933,1.193317413330078,0.0,1.3968236446380615,1.3986600637435913,1.3891589641571045,1.3967455625534058,0.0,1778.9000244140625,1786.4000244140625,1775.5999755859375,1775.5999755859375,78.0,73.27999877929688,73.61000061035156,72.31999969482422,73.30000305175781,334833.0,0.08,270.654,112.326,15.97,1.49,0,,,,,,TRAIN
2021-06-25,1.1927907466888428,1.1974470615386963,1.1927907466888428,1.1930327415466309,0.0,1.391788363456726,1.393728256225586,1.3892168998718262,1.3916915655136108,0.0,1777.699951171875,1788.0,1775.199951171875,1776.5999755859375,35.0,73.31999969482422,74.18000030517578,72.8499984741211,74.05000305175781,364721.0,0.08,270.654,111.9655,15.62,1.54,0,,,,,,TRAIN
2021-06-28,1.1942152976989746,1.1946003437042236,1.1904619932174685,1.1942152976989746,0.0,1.3896995782852173,1.3939224481582642,1.3876746892929075,1.389506459236145,0.0,1779.5999755859375,1779.5999755859375,1779.5999755859375,1779.5999755859375,888.0,73.98999786376953,74.44999694824219,72.62000274658203,72.91000366210938,354701.0,0.08,270.654,112.0248,15.76,1.49,0,,,,,,TRAIN
2021-06-29,1.1930327415466309,1.1930327415466309,1.1880435943603516,1.1928904056549072,0.0,1.3879250288009644,1.388117790222168,1.3815971612930298,1.387905836105347,0.0,1776.800048828125,1777.0999755859375,1752.0999755859375,1762.800048828125,419.0,72.77999877929688,73.80999755859375,71.97000122070312,72.9800033569336,321448.0,0.08,270.654,112.2613,16.02,1.49,0,,,,,,TRAIN
2021-06-30,1.18999445438385,1.191043257713318,1.1845815181732178,1.1901928186416626,0.0,1.3841787576675415,1.3871549367904663,1.3805290460586548,1.3842746019363403,0.0,1761.0999755859375,1770.800048828125,1759.199951171875,1770.800048828125,51.0,73.47000122070312,74.13999938964844,72.81999969482422,73.47000122070312,383626.0,0.08,270.654,112.5533,15.83,1.45,0,,,,,,TRAIN
2021-07-01,1.1855363845825195,1.188399314880371,1.1838102340698242,1.1856770515441897,0.0,1.382762432098389,1.383317232131958,1.376386642456055,1.3829153776168823,0.0,1775.699951171875,1781.199951171875,1768.800048828125,1775.9000244140625,44.0,73.5,76.22000122070312,73.38999938964844,75.2300033569336,615678.0,0.1,271.903,112.74,15.48,1.48,0,,,,,,TRAIN
2021-07-02,1.184707760810852,1.1860989332199097,1.1819353103637695,1.1846235990524292,0.0,1.3759700059890747,1.3797670602798462,1.373871684074402,1.3759511709213257,0.0,1778.699951171875,1787.9000244140625,1778.300048828125,1782.5999755859375,23.0,75.0199966430664,75.62000274658203,74.41000366210938,75.16000366210938,377531.0,0.1,271.903,112.5425,15.07,1.44,0,,,,,,TRAIN
2021-07-05,1.1855926513671875,1.1882002353668213,1.1852006912231443,1.1856207847595217,0.0,1.3829345703125,1.3863856792449951,1.381921648979187,1.383125901222229,0.0,,,,,,,,,,,0.1,271.903,112.5425,15.07,1.44,0,,,,,,TRAIN
2021-07-06,1.1861495971679688,1.1896264553070068,1.1814996004104614,1.186380386352539,0.0,1.3853293657302856,1.389854073524475,1.378986954689026,1.3856172561645508,0.0,1786.699951171875,1809.800048828125,1786.699951171875,1793.5,332.0,75.3499984741211,76.9800033569336,72.94000244140625,73.37000274658203,714044.0,0.1,271.903,112.9516,16.44,1.37,0,,,,,,TRAIN
2021-07-07,1.1820330619812012,1.1841325759887695,1.1782448291778564,1.1824523210525513,0.0,1.380090832710266,1.3840504884719849,1.3757429122924805,1.3805670738220217,0.0,1798.699951171875,1808.4000244140625,1797.199951171875,1801.5,244.0,73.8499984741211,74.86000061035156,71.06999969482422,72.19999694824219,607971.0,0.1,271.903,113.1048,16.2,1.33,0,,,,,,TRAIN
2021-07-08,1.179356575012207,1.186633825302124,1.1784253120422363,1.17933988571167,0.0,1.3799575567245483,1.3802813291549685,1.3742493391036987,1.3801099061965942,0.0,1797.0,1818.5,1797.0,1799.5999755859375,148.0,72.16999816894531,73.26000213623047,70.76000213623047,72.94000244140625,529690.0,0.1,271.903,113.0776,19.0,1.3,0,,,,,,TRAIN
2021-07-09,1.1846938133239746,1.1874650716781616,1.1825222969055176,1.184800386428833,0.0,1.3793102502822876,1.3877323865890503,1.376045823097229,1.3790820837020874,0.0,1803.5999755859373,1810.0999755859373,1798.800048828125,1810.0,218.0,73.26000213623047,74.76000213623047,72.72000122070312,74.55999755859375,422154.0,0.1,271.903,112.8375,16.18,1.37,0,,,,,,TRAIN
2021-07-12,1.1873664855957031,1.1882128715515137,1.183670163154602,1.187295913696289,0.0,1.389854073524475,1.3910139799118042,1.3840447664260864,1.3899506330490112,0.0,1802.5999755859373,1805.5,1799.5,1805.5,147.0,74.73999786376953,74.93000030517578,73.16000366210938,74.0999984741211,397931.0,0.1,271.903,112.7611,16.17,1.38,0,,,,,,TRAIN
2021-07-13,1.1864930391311646,1.1877895593643188,1.1793426275253296,1.186521053314209,0.0,1.388966083526611,1.390627145767212,1.380167007446289,1.3886960744857788,0.0,1808.0999755859373,1812.0,1800.5999755859375,1809.4000244140625,78.0,74.18000030517578,75.5199966430664,73.68000030517578,75.25,444078.0,0.1,271.903,113.0063,17.12,1.42,0,,,,,,TRAIN
2021-07-14,1.177440166473389,1.1828006505966189,1.1772600412368774,1.1775373220443726,0.0,1.3804336786270142,1.3891011476516724,1.380243182182312,1.3806052207946775,0.0,1813.0999755859373,1829.0,1813.0999755859373,1824.300048828125,707.0,75.16999816894531,75.44000244140625,72.20999908447266,73.12999725341797,528360.0,0.1,271.903,112.8801,16.33,1.37,0,,,,,,TRAIN
2021-07-15,1.1833338737487793,1.1851149797439575,1.1805957555770874,1.1833338737487793,0.0,1.3857133388519287,1.389757513999939,1.3814061880111694,1.385809302330017,0.0,1831.5999755859373,1833.0,1823.4000244140625,1828.4000244140625,99.0,72.95999908447266,72.95999908447266,71.4000015258789,71.6500015258789,368679.0,0.1,271.903,113.0041,17.01,1.31,0,,,,,,TRAIN
2021-07-16,1.1813069581985474,1.182300090789795,1.1793996095657349,1.1811814308166504,0.0,1.3829728364944458,1.3861935138702393,1.377429485321045,1.3829728364944458,0.0,1830.0999755859373,1831.4000244140625,1814.5,1814.5,78.0,71.4800033569336,72.30000305175781,70.41000366210938,71.80999755859375,133926.0,0.1,271.903,113.0428,18.45,1.31,0,,,,,,TRAIN
2021-07-19,1.1811535358428955,1.1823265552520752,1.176429033279419,1.1814005374908447,0.0,1.3762162923812866,1.3762919902801514,1.3665682077407837,1.376386642456055,0.0,1803.300048828125,1813.4000244140625,1803.300048828125,1808.699951171875,33.0,71.48999786376953,71.66999816894531,65.62999725341797,66.41999816894531,82565.0,0.1,271.903,113.5472,22.5,1.19,0,,,,,,TRAIN
2021-07-20,1.1792453527450562,1.1804006099700928,1.175709843635559,1.1793843507766724,0.0,1.366867184638977,1.3688691854476929,1.357367753982544,1.3669979572296145,0.0,1812.9000244140625,1824.0,1810.9000244140625,1810.9000244140625,128.0,66.5999984741211,67.6500015258789,65.20999908447266,67.41999816894531,561629.0,0.1,271.903,113.7502,19.73,1.23,0,,,,,,TRAIN
2021-07-21,1.178550362586975,1.1802752017974854,1.175364375114441,1.1784114837646484,0.0,1.3634566068649292,1.3694878816604614,1.359194278717041,1.3633265495300293,0.0,1807.0,1807.0,1800.0,1802.9000244140625,135.0,66.44999694824219,70.51000213623047,66.44000244140625,70.30000305175781,503030.0,0.1,271.903,113.3926,17.91,1.3,0,,,,,,TRAIN
2021-07-22,1.179523468017578,1.1829839944839478,1.1766643524169922,1.179273009300232,0.0,1.371260643005371,1.3787587881088257,1.3693002462387085,1.3714035749435425,0.0,1793.5999755859375,1805.0,1793.5999755859375,1805.0,2.0,70.22000122070312,72.02999877929688,69.86000061035156,71.91000366210938,435181.0,0.1,271.903,113.4695,17.69,1.27,0,,,,,,TRAIN
2021-07-23,1.1773570775985718,1.178550362586975,1.1755993366241455,1.177273869514465,0.0,1.3774104118347168,1.3780938386917114,1.372118592262268,1.377389669418335,0.0,1800.0,1801.4000244140625,1800.0,1801.4000244140625,1.0,71.70999908447266,72.20999908447266,71.38999938964844,72.06999969482422,274778.0,0.1,271.903,113.4398,17.2,1.3,0,,,,,,TRAIN
2021-07-26,1.1773016452789309,1.1817537546157837,1.1764568090438845,1.177343249320984,0.0,1.375723958015442,1.3832980394363403,1.3737962245941162,1.3757808208465576,0.0,1802.5,1802.5,1797.199951171875,1798.699951171875,17.0,72.18000030517578,72.43000030517578,70.55999755859375,71.91000366210938,395743.0,0.1,271.903,113.2238,17.58,1.29,0,,,,,,TRAIN
2021-07-27,1.1806375980377195,1.183712124824524,1.1771769523620603,1.1807769536972046,0.0,1.3825522661209106,1.389274835586548,1.3768035173416138,1.3829153776168823,0.0,1803.699951171875,1803.699951171875,1799.5,1799.5,1.0,72.22000122070312,72.33000183105469,71.08000183105469,71.6500015258789,333123.0,0.1,271.903,113.2227,19.36,1.25,0,,,,,,TRAIN
2021-07-28,1.1822398900985718,1.1830118894577026,1.1785781383514404,1.1823126077651978,0.0,1.3886767625808716,1.3896608352661133,1.384638786315918,1.3882719278335571,0.0,1799.5,1799.5,1799.5,1799.5,209783.0,71.9000015258789,72.5999984741211,71.69999694824219,72.38999938964844,318911.0,0.1,271.903,113.1807,18.31,1.26,0,,,,,,TRAIN
2021-07-29,1.1846797466278076,1.189202070236206,1.184174656867981,1.1845955848693848,0.0,1.3908206224441528,1.3982102870941162,1.3899892568588257,1.3906852006912231,0.0,1806.5999755859373,1832.5999755859373,1806.0999755859373,1831.199951171875,30496.0,72.4000015258789,73.68000030517578,72.26000213623047,73.62000274658203,294462.0,0.1,271.903,112.4834,17.7,1.28,0,,,,,,TRAIN
2021-07-30,1.189202070236206,1.1911001205444336,1.1855504512786863,1.189299702644348,0.0,1.3964334726333618,1.3984057903289795,1.3897188901901243,1.3964334726333618,0.0,1828.0,1830.5,1808.9000244140625,1812.5999755859373,3100.0,73.41000366210938,74.2300033569336,72.93000030517578,73.94999694824219,303700.0,0.1,271.903,112.6714,18.24,1.24,0,,,,,,TRAIN
2021-08-02,1.1865352392196655,1.1898996829986572,1.1859582662582395,1.186704158782959,0.0,1.3896608352661133,1.3933398723602295,1.3885031938552856,1.3896223306655884,0.0,1812.4000244140625,1818.699951171875,1804.800048828125,1818.0999755859373,1334.0,73.91000366210938,73.94999694824219,70.55000305175781,71.26000213623047,448200.0,0.09,272.676,112.6691,19.46,1.2,0,,,,,,TRAIN
2021-08-03,1.1874933242797852,1.1895995140075684,1.185564637184143,1.1874650716781616,0.0,1.3891011476516724,1.3940001726150513,1.3885996341705322,1.389274835586548,0.0,1812.300048828125,1813.5,1806.0,1810.0999755859373,3341.0,71.5199966430664,71.95999908447266,69.19000244140625,70.55999755859375,509938.0,0.09,272.676,112.8228,18.04,1.19,0,,,,,,TRAIN
2021-08-04,1.186915397644043,1.190199851989746,1.18343186378479,1.1869436502456665,0.0,1.3915947675704956,1.3956929445266724,1.390143871307373,1.391788363456726,0.0,1809.300048828125,1831.300048828125,1806.300048828125,1810.5,2860.0,70.31999969482422,70.80999755859375,67.8499984741211,68.1500015258789,582924.0,0.09,272.676,112.8953,17.97,1.19,0,,,,,,TRAIN
2021-08-05,1.1839923858642578,1.1859005689620972,1.1829839944839478,1.1837401390075684,0.0,1.3890239000320437,1.3947584629058838,1.387597680091858,1.389043211936951,0.0,1810.800048828125,1813.699951171875,1796.0,1805.0999755859373,588.0,68.05999755859375,69.3499984741211,67.61000061035156,69.08999633789062,416331.0,0.09,272.676,112.7674,17.28,1.23,0,,,,,,TRAIN
2021-08-06,1.183319926261902,1.1835720539093018,1.1756407022476196,1.1835720539093018,0.0,1.3927770853042605,1.3933204412460327,1.3862512111663818,1.3927576541900637,0.0,1799.800048828125,1800.0999755859375,1758.4000244140625,1760.0,859.0,69.13999938964844,70.18000030517578,67.80000305175781,68.27999877929688,537136.0,0.09,272.676,113.3088,16.15,1.31,0,,,,,,TRAIN
2021-08-09,1.1750881671905518,1.177163004875183,1.1741775274276731,1.1749500036239624,0.0,1.386770248413086,1.3893519639968872,1.3846579790115356,1.3868471384048462,0.0,1753.5,1753.800048828125,1692.5999755859375,1723.4000244140625,1621.0,67.87999725341797,67.9000015258789,65.1500015258789,66.4800033569336,598381.0,0.09,272.676,113.4521,16.72,1.33,0,,,,,,TRAIN
2021-08-10,1.173900485038757,1.174399495124817,1.171069860458374,1.17384672164917,0.0,1.3848496675491333,1.3870587348937988,1.383374571800232,1.384907364845276,0.0,1728.5999755859375,1735.199951171875,1720.0999755859375,1728.800048828125,1363.0,66.8499984741211,68.9000015258789,66.55999755859375,68.29000091552734,452126.0,0.09,272.676,113.4973,16.79,1.36,0,,,,,,TRAIN
2021-08-11,1.1719757318496704,1.1746878623962402,1.1706448793411257,1.172333002090454,0.0,1.3837000131607056,1.3872126340866089,1.3805290460586548,1.3836042881011963,0.0,1727.300048828125,1752.199951171875,1727.300048828125,1750.4000244140625,542.0,68.51000213623047,69.44999694824219,66.66999816894531,69.25,513292.0,0.09,272.676,113.282,16.06,1.35,0,,,,,,TRAIN
2021-08-12,1.1742050647735596,1.175100564956665,1.1725116968154907,1.1741899251937866,0.0,1.3868471384048462,1.3878093957901,1.3823610544204712,1.386693239212036,0.0,1749.699951171875,1752.4000244140625,1745.5,1749.0,739.0,69.36000061035156,69.62000274658203,68.45999908447266,69.08999633789062,352465.0,0.09,272.676,113.2691,15.59,1.36,0,,,,,,TRAIN
2021-08-13,1.1736124753952026,1.1803003549575806,1.173103094100952,1.173626184463501,0.0,1.3811582326889038,1.386212706565857,1.3793102502822876,1.3811582326889038,0.0,1758.300048828125,1777.300048828125,1757.4000244140625,1775.199951171875,436.0,68.91000366210938,69.22000122070312,67.7699966430664,68.44000244140625,272033.0,0.09,272.676,113.0615,15.45,1.29,0,,,,,,TRAIN
2021-08-16,1.179634690284729,1.18035888671875,1.1768028736114502,1.179467797279358,0.0,1.3866355419158936,1.387424349784851,1.3829728364944458,1.3863856792449951,0.0,1776.9000244140625,1787.800048828125,1771.9000244140625,1786.9000244140625,219.0,68.12999725341797,68.13999938964844,65.7300033569336,67.29000091552734,334844.0,0.09,272.676,113.1698,16.12,1.26,0,,,,,,TRAIN
2021-08-17,1.177994966506958,1.1784114837646484,1.1710561513900757,1.177994966506958,0.0,1.3842746019363403,1.3842746019363403,1.3736640214920044,1.3842746019363403,0.0,1787.699951171875,1794.199951171875,1780.0,1785.0,200.0,67.43000030517578,67.72000122070312,66.33000183105469,66.58999633789062,235303.0,0.09,272.676,113.6174,17.91,1.26,0,,,,,,TRAIN
2021-08-18,1.1709601879119873,1.1731003522872925,1.1696864366531372,1.1709738969802856,0.0,1.374003767967224,1.3770312070846558,1.3733999729156494,1.3740416765213013,0.0,1787.800048828125,1791.5,1779.0,1781.5999755859375,263.0,66.58000183105469,67.4800033569336,64.33999633789062,65.45999908447266,121197.0,0.09,272.676,113.6959,21.57,1.27,0,,,,,,TRAIN
2021-08-19,1.1703845262527466,1.1706860065460205,1.1668747663497925,1.1703298091888428,0.0,1.3744381666183472,1.374967336654663,1.365411400794983,1.3743815422058103,0.0,1780.0,1789.300048828125,1775.5,1780.199951171875,245.0,64.58000183105469,64.76000213623047,62.630001068115234,63.68999862670898,88237.0,0.09,272.676,114.1106,21.67,1.24,0,,,,,,TRAIN
2021-08-20,1.1676785945892334,1.1690996885299685,1.1664936542510986,1.1676595211029053,0.0,1.3631778955459597,1.364256501197815,1.3603591918945312,1.36308491230011,0.0,1784.0999755859375,1787.5,1778.199951171875,1781.0,235.0,64.05000305175781,64.0999984741211,62.11000061035156,62.31999969482422,365009.0,0.09,272.676,114.5009,18.56,1.26,0,,,,,,TRAIN
2021-08-23,1.169973850250244,1.174329161643982,1.1695605516433716,1.1697548627853394,0.0,1.36284339427948,1.372005581855774,1.36284339427948,1.3625277280807495,0.0,1776.800048828125,1804.800048828125,1776.800048828125,1803.199951171875,32.0,61.959999084472656,66.0,61.7400016784668,65.63999938964844,397290.0,0.09,272.676,113.9418,17.15,1.25,0,,,,,,TRAIN
2021-08-24,1.1746740341186523,1.17648446559906,1.172814130783081,1.1744533777236938,0.0,1.372457504272461,1.3747594356536863,1.3695815801620483,1.37247633934021,0.0,1801.0,1805.5999755859373,1801.0,1805.5999755859373,22.0,65.54000091552734,67.80000305175781,65.41000366210938,67.54000091552734,335888.0,0.09,272.676,113.6795,17.22,1.29,0,,,,,,TRAIN
2021-08-25,1.1755025386810305,1.1760554313659668,1.1728553771972656,1.175309181213379,0.0,1.372777819633484,1.3742871284484863,1.3699193000793457,1.3725517988204956,0.0,1792.0,1792.9000244140625,1784.0,1788.199951171875,812.0,67.62999725341797,68.54000091552734,66.91999816894531,68.36000061035156,353742.0,0.09,272.676,113.6322,16.79,1.35,0,,,,,,TRAIN
2021-08-26,1.177300214767456,1.178133845329285,1.1747844219207764,1.177440166473389,0.0,1.3764625787734983,1.376955270767212,1.3710650205612185,1.3766520023345947,0.0,1787.4000244140625,1792.199951171875,1781.0,1792.199951171875,61.0,68.0,68.30999755859375,67.0199966430664,67.41999816894531,344286.0,0.09,272.676,113.7883,18.84,1.34,0,,,,,,TRAIN
2021-08-27,1.175295352935791,1.18035888671875,1.1735987663269043,1.1756407022476196,0.0,1.3696004152297974,1.3780938386917114,1.3681013584136963,1.3702384233474731,0.0,1803.4000244140625,1816.5999755859373,1803.0999755859373,1816.5999755859373,1219.0,67.75,69.05000305175781,67.5199966430664,68.73999786376953,326056.0,0.09,272.676,113.3404,16.39,1.31,0,,,,,,TRAIN
2021-08-30,1.1799967288970947,1.1811953783035278,1.1784532070159912,1.1799006462097168,0.0,1.3765193223953247,1.3776761293411257,1.3736263513565063,1.3762996196746826,0.0,1818.199951171875,1820.300048828125,1807.800048828125,1809.0,684.0,69.30000305175781,69.63999938964844,67.66999816894531,69.20999908447266,360797.0,0.09,272.676,113.246,16.19,1.29,0,,,,,,TRAIN
2021-08-31,1.179940938949585,1.1845533847808838,1.1796486377716064,1.1796904802322388,0.0,1.376064658164978,1.3804336786270142,1.374419331550598,1.376045823097229,0.0,1815.9000244140625,1815.9000244140625,1801.0999755859375,1815.0,82.0,69.18000030517578,69.33999633789062,68.16000366210938,68.5,325853.0,0.09,272.676,113.1076,16.48,1.3,0,,,,,,TRAIN
2021-09-01,1.1811953783035278,1.1860004663467407,1.1795096397399902,1.1810280084609983,0.0,1.3753701448440552,1.379824161529541,1.373173713684082,1.3753398656845093,0.0,1813.5,1815.9000244140625,1809.5,1813.0999755859373,114.0,68.55000305175781,69.23999786376953,67.12000274658203,68.58999633789062,399497.0,0.08,273.91,112.8732,16.11,1.31,0,,,,,,TRAIN
2021-09-02,1.1842306852340698,1.1872254610061646,1.1834795475006104,1.1840906143188477,0.0,1.3774104118347168,1.3835850954055786,1.376822590827942,1.3771638870239258,0.0,1813.199951171875,1813.9000244140625,1806.800048828125,1808.699951171875,26.0,68.29000091552734,70.61000061035156,67.83999633789062,69.98999786376953,403314.0,0.08,273.91,112.7863,16.41,1.29,0,,,,,,TRAIN
2021-09-03,1.1874228715896606,1.1907596588134766,1.186816930770874,1.1876484155654907,0.0,1.3837957382202148,1.387462854385376,1.3819791078567505,1.383680820465088,0.0,1820.9000244140625,1833.9000244140625,1818.9000244140625,1830.9000244140625,53.0,69.76000213623047,70.52999877929688,69.05000305175781,69.29000091552734,313086.0,0.08,273.91,112.5476,16.41,1.33,0,,,,,,TRAIN
2021-09-06,1.1885942220687866,1.1886366605758667,1.1857051849365234,1.1885942220687866,0.0,1.3859302997589111,1.386001467704773,1.381940841674805,1.3859245777130127,0.0,,,,,,,,,,,0.08,273.91,112.5476,16.41,1.33,0,,,,,,TRAIN
2021-09-07,1.187394618988037,1.1887779235839844,1.1838297843933103,1.187507390975952,0.0,1.3840255737304688,1.3856940269470217,1.3770121335983276,1.3839489221572876,0.0,1825.699951171875,1825.699951171875,1792.699951171875,1795.9000244140625,48.0,69.11000061035156,69.4800033569336,67.63999938964844,68.3499984741211,481704.0,0.08,273.91,112.9795,18.14,1.38,0,,,,,,TRAIN
2021-09-08,1.1845533847808838,1.185400128364563,1.1803170442581177,1.184356927871704,0.0,1.3779798746109009,1.379120111465454,1.37285315990448,1.3779798746109009,0.0,1781.699951171875,1790.699951171875,1781.699951171875,1790.699951171875,69.0,68.37000274658203,69.75,68.30999755859375,69.30000305175781,389325.0,0.08,273.91,113.2319,17.96,1.35,0,,,,,,TRAIN
2021-09-09,1.1820330619812012,1.1841325759887695,1.1806097030639648,1.1819101572036743,0.0,1.3766520023345947,1.3854061365127563,1.375400424003601,1.3767657279968262,0.0,1798.699951171875,1798.699951171875,1787.9000244140625,1797.4000244140625,49.0,69.36000061035156,69.88999938964844,67.55999755859375,68.13999938964844,556451.0,0.08,273.91,113.043,18.8,1.3,0,,,,,,TRAIN
2021-09-10,1.1823545694351196,1.185300350189209,1.1819353103637695,1.182592272758484,0.0,1.3838915824890137,1.3888888359069824,1.3834320306777954,1.3839681148529053,0.0,1789.5999755859375,1789.5999755859375,1789.5999755859375,1789.5999755859375,0.0,67.97000122070312,69.95999908447266,67.68000030517578,69.72000122070312,411079.0,0.08,273.91,112.9425,20.95,1.35,0,,,,,,TRAIN
2021-09-13,1.1812511682510376,1.1817537546157837,1.1770604848861694,1.1811953783035278,0.0,1.3840255737304688,1.3852334022521973,1.3797861337661743,1.3840830326080322,0.0,1789.800048828125,1796.0,1784.0,1792.0,533.0,69.73999786376953,70.97000122070312,69.51000213623047,70.44999694824219,390939.0,0.08,273.91,113.0341,19.37,1.33,0,,,,,,TRAIN
2021-09-14,1.1810698509216309,1.1846994161605835,1.1801999807357788,1.1811953783035278,0.0,1.3841214179992676,1.3913236856460571,1.383125901222229,1.3838149309158323,0.0,1791.4000244140625,1806.199951171875,1783.0,1804.699951171875,764.0,70.63999938964844,71.22000122070312,69.9800033569336,70.45999908447266,414231.0,0.08,273.91,113.0061,19.46,1.28,0,,,,,,TRAIN
2021-09-15,1.18035888671875,1.183300256729126,1.1800997257232666,1.180498123168945,0.0,1.3808530569076538,1.385195016860962,1.3793102502822876,1.381024718284607,0.0,1803.699951171875,1803.699951171875,1792.4000244140625,1792.4000244140625,59.0,70.76000213623047,73.13999938964844,70.6500015258789,72.61000061035156,418665.0,0.08,273.91,112.9773,18.18,1.31,0,,,,,,TRAIN
2021-09-16,1.1819353103637695,1.1823126077651978,1.1751710176467896,1.1819995641708374,0.0,1.384696364402771,1.38504159450531,1.3764625787734983,1.3848881721496582,0.0,1792.9000244140625,1792.9000244140625,1743.9000244140625,1754.5999755859375,1645.0,72.6500015258789,72.98999786376953,71.52999877929688,72.61000061035156,298412.0,0.08,273.91,113.3036,18.69,1.34,0,,,,,,TRAIN
2021-09-17,1.17648446559906,1.1789672374725342,1.1729655265808103,1.176747441291809,0.0,1.3799384832382202,1.3814061880111694,1.3743627071380615,1.3797005414962769,0.0,1758.800048828125,1763.0,1749.4000244140625,1749.4000244140625,581.0,72.62000274658203,72.72000122070312,71.20999908447266,71.97000122070312,119933.0,0.08,273.91,113.5989,20.81,1.37,0,,,,,,TRAIN
2021-09-20,1.1728830337524414,1.1737089157104492,1.1700559854507446,1.1729930639266968,0.0,1.3728721141815186,1.3729851245880127,1.3647406101226809,1.3729662895202637,0.0,1751.800048828125,1761.800048828125,1750.9000244140625,1761.800048828125,185.0,71.91999816894531,72.08000183105469,69.86000061035156,70.29000091552734,75837.0,0.08,273.91,113.9422,25.71,1.31,0,,,,,,TRAIN
2021-09-21,1.1725666522979736,1.1748948097229004,1.1715912818908691,1.1730204820632937,0.0,1.3660643100738523,1.3693565130233765,1.3642191886901855,1.366269588470459,0.0,1762.199951171875,1776.0,1759.0,1776.0,106.0,70.58999633789062,71.62999725341797,69.66999816894531,70.55999755859375,393403.0,0.08,273.91,113.8179,24.36,1.33,0,,,,,,TRAIN
2021-09-22,1.1726078987121582,1.1744533777236938,1.1717147827148438,1.17229163646698,0.0,1.3659336566925049,1.3678019046783447,1.3617855310440063,1.3657469749450684,0.0,1776.699951171875,1784.300048828125,1767.0,1776.699951171875,17.0,70.8499984741211,72.30000305175781,70.63999938964844,72.2300033569336,381061.0,0.08,273.91,113.6223,20.87,1.32,0,,,,,,TRAIN
2021-09-23,1.1688934564590454,1.175100564956665,1.1684194803237915,1.168770432472229,0.0,1.3620080947875977,1.374948501586914,1.3612850904464722,1.3617113828659058,0.0,1766.800048828125,1766.800048828125,1738.199951171875,1747.699951171875,31.0,71.97000122070312,73.5,71.61000061035156,73.30000305175781,403405.0,0.08,273.91,113.513,18.63,1.41,0,,,,,,TRAIN
2021-09-24,1.1741775274276731,1.174812078475952,1.1701655387878418,1.1740258932113647,0.0,1.3721938133239746,1.373769760131836,1.3659522533416748,1.3722503185272217,0.0,1749.699951171875,1749.699951171875,1745.0,1749.699951171875,76.0,73.23999786376953,74.2699966430664,72.80999755859375,73.9800033569336,350382.0,0.08,273.91,113.7597,17.75,1.47,0,,,,,,TRAIN
2021-09-27,1.1722092628479004,1.1728004217147827,1.1686612367630005,1.172305464744568,0.0,1.3669419288635254,1.3728721141815186,1.3659336566925049,1.3669044971466064,0.0,1751.699951171875,1754.4000244140625,1747.5,1750.0,808.0,74.19000244140625,75.75,74.16000366210938,75.44999694824219,417829.0,0.08,273.91,113.7432,18.76,1.48,0,,,,,,TRAIN
2021-09-28,1.1696043014526367,1.1705996990203855,1.166997313499451,1.1696795225143433,0.0,1.370099425315857,1.3717796802520752,1.352539300918579,1.3701633214950562,0.0,1739.5999755859375,1741.699951171875,1726.800048828125,1735.800048828125,15748.0,75.43000030517578,76.66999816894531,74.23999786376953,75.29000091552734,476143.0,0.08,273.91,114.2469,23.25,1.54,0,,,,,,TRAIN
2021-09-29,1.168688416481018,1.1691995859146118,1.1610087156295776,1.1686338186264038,0.0,1.3541511297225952,1.3554543256759644,1.3424079418182373,1.354224443435669,0.0,1732.4000244140625,1744.0999755859375,1721.4000244140625,1721.5,6634.0,74.37999725341797,75.79000091552734,73.73999786376953,74.83000183105469,424193.0,0.08,273.91,114.7092,22.56,1.55,0,,,,,,TRAIN
2021-09-30,1.1602274179458618,1.161170482635498,1.1570056676864624,1.1601601839065552,0.0,1.342624306678772,1.3517167568206787,1.3417415618896484,1.3426424264907837,0.0,1725.5,1760.300048828125,1724.5,1755.300048828125,997.0,74.77999877929688,76.06999969482422,73.13999938964844,75.02999877929688,583189.0,0.08,273.91,114.6403,23.14,1.52,0,,,,,,TRAIN
2021-10-01,1.1574207544326782,1.1608995199203491,1.1563901901245115,1.1574475765228271,0.0,1.3469645977020264,1.3573493957519531,1.3436344861984253,1.346982717514038,0.0,1754.300048828125,1762.5999755859375,1748.5,1757.0,2220.0,75.12000274658203,75.98999786376953,74.2300033569336,75.87999725341797,388996.0,0.08,276.55,114.3798,21.15,1.48,0,,,,,,TRAIN
2021-10-04,1.160725712776184,1.164008855819702,1.1588560342788696,1.160725712776184,0.0,1.3570915460586548,1.363977313041687,1.353363037109375,1.3570915460586548,0.0,1764.5,1768.9000244140625,1749.5,1766.199951171875,417.0,75.9000015258789,78.37999725341797,75.31999969482422,77.62000274658203,458006.0,0.08,276.55,114.2739,22.96,1.49,0,,,,,,TRAIN
2021-10-05,1.1616560220718384,1.16225004196167,1.1583056449890137,1.1618449687957764,0.0,1.3607664108276367,1.3650014400482178,1.3585848808288574,1.3607479333877563,0.0,1764.300048828125,1764.300048828125,1749.0,1759.5999755859375,98.0,77.58000183105469,79.4800033569336,77.47000122070312,78.93000030517578,449617.0,0.08,276.55,114.3654,21.3,1.54,0,,,,,,TRAIN
2021-10-06,1.1595144271850586,1.1599582433700562,1.1530168056488037,1.1596084833145142,0.0,1.3625648021697998,1.36314058303833,1.3544628620147705,1.3627691268920898,0.0,1759.300048828125,1762.9000244140625,1744.699951171875,1760.5,56.0,79.04000091552734,79.77999877929688,76.83000183105469,77.43000030517578,459055.0,0.08,276.55,114.7185,21.0,1.53,0,,,,,,TRAIN
2021-10-07,1.1555349826812744,1.157139539718628,1.1549345254898071,1.1555349826812744,0.0,1.3592681884765625,1.363735556602478,1.357183575630188,1.3592127561569214,0.0,1762.4000244140625,1762.4000244140625,1752.800048828125,1757.9000244140625,336.0,77.0,78.88999938964844,74.95999908447266,78.30000305175781,545008.0,0.08,276.55,114.5044,19.54,1.58,0,,,,,,TRAIN
2021-10-08,1.1559224128723145,1.1583727598190308,1.1542545557022097,1.1559758186340332,0.0,1.361952543258667,1.3653740882873535,1.3584926128387451,1.3620266914367676,0.0,1757.0,1780.0,1754.199951171875,1756.300048828125,254.0,78.86000061035156,80.11000061035156,78.62999725341797,79.3499984741211,662010.0,0.08,276.55,114.5986,18.77,1.61,0,,,,,,TRAIN
2021-10-11,1.1565908193588257,1.1587486267089844,1.15529465675354,1.1566041707992554,0.0,1.3618227243423462,1.3674278259277344,1.3612850904464722,1.361655831336975,0.0,1756.5999755859375,1757.800048828125,1752.199951171875,1754.5999755859375,128.0,79.58999633789062,82.18000030517578,79.55000305175781,80.5199966430664,653756.0,0.08,276.55,114.5986,20.0,1.61,0,,,,,,TRAIN
2021-10-12,1.15529465675354,1.1570056676864624,1.1533892154693604,1.1553747653961182,0.0,1.3592866659164429,1.363735556602478,1.3570362329483032,1.3590649366378784,0.0,1751.9000244140625,1768.0,1749.800048828125,1758.300048828125,139.0,80.5,81.62000274658203,79.47000122070312,80.63999938964844,598181.0,0.08,276.55,114.7542,19.85,1.59,0,,,,,,TRAIN
2021-10-13,1.1530966758728027,1.15790057182312,1.1530567407608032,1.15340256690979,0.0,1.357717990875244,1.3647592067718506,1.3576995134353638,1.3578838109970093,0.0,1760.800048828125,1794.5,1760.800048828125,1793.699951171875,150.0,80.58000183105469,81.04000091552734,79.41999816894531,80.44000244140625,487220.0,0.08,276.55,114.4705,18.64,1.56,0,,,,,,TRAIN
2021-10-14,1.1599582433700562,1.162500023841858,1.1584665775299072,1.1599582433700562,0.0,1.3670727014541626,1.373437762260437,1.3658963441848757,1.366923213005066,0.0,1792.199951171875,1799.9000244140625,1792.0,1796.699951171875,337.0,80.58999633789062,81.68000030517578,80.37999725341797,81.30999755859375,399813.0,0.08,276.55,114.2053,16.86,1.52,0,,,,,,TRAIN
2021-10-15,1.15907084941864,1.1619800329208374,1.1588828563690186,1.159151554107666,0.0,1.366867184638977,1.377353549003601,1.366867184638977,1.3668859004974363,0.0,1794.5,1795.4000244140625,1766.5999755859375,1767.199951171875,874.0,81.4800033569336,82.66000366210938,81.38999938964844,82.27999877929688,277953.0,0.08,276.55,114.0905,16.3,1.59,0,,,,,,TRAIN
2021-10-18,1.159595012664795,1.1612108945846558,1.1573002338409424,1.1597026586532593,0.0,1.376007914543152,1.3764055967330933,1.3710838556289673,1.376159429550171,0.0,1761.5999755859375,1770.0999755859375,1759.5,1764.800048828125,266.0,82.5999984741211,83.87000274658203,81.83999633789062,82.44000244140625,134098.0,0.08,276.55,113.9899,16.31,1.59,0,,,,,,TRAIN
2021-10-19,1.1614537239074707,1.1670000553131104,1.1614537239074707,1.161386251449585,0.0,1.3738150596618652,1.3832004070281982,1.3738150596618652,1.373645305633545,0.0,1777.5999755859375,1785.0,1767.5,1769.699951171875,51.0,82.37000274658203,83.73999786376953,81.80000305175781,82.95999908447266,82607.0,0.08,276.55,113.647,15.7,1.65,0,,,,,,TRAIN
2021-10-20,1.1633858680725098,1.1654006242752075,1.1618045568466189,1.1631964445114136,0.0,1.379481554031372,1.3823610544204712,1.3743247985839844,1.3793197870254517,0.0,1774.5999755859375,1785.5999755859375,1774.0,1784.0999755859375,127.0,83.33999633789062,84.25,81.30000305175781,83.87000274658203,530693.0,0.08,276.55,113.5083,15.49,1.65,0,,,,,,TRAIN
2021-10-21,1.165243148803711,1.166997313499451,1.1633182764053345,1.1655012369155884,0.0,1.3823610544204712,1.383399486541748,1.378720760345459,1.3822999000549316,0.0,1782.0,1785.699951171875,1781.0,1781.199951171875,146.0,83.58000183105469,83.95999908447266,80.79000091552734,82.5,567503.0,0.08,276.55,113.6188,15.01,1.68,0,,,,,,TRAIN
2021-10-22,1.1625880002975464,1.1654061079025269,1.1622366905212402,1.1625338792800903,0.0,1.379120111465454,1.381425380706787,1.374306082725525,1.379120111465454,0.0,1787.0999755859375,1806.9000244140625,1784.0,1795.5,532.0,82.61000061035156,84.22000122070312,81.76000213623047,83.76000213623047,465355.0,0.08,276.55,113.67,15.43,1.66,0,,,,,,TRAIN
2021-10-25,1.1641308069229126,1.1668611764907837,1.159326195716858,1.164008855819702,0.0,1.3766520023345947,1.379177212715149,1.374343752861023,1.3762730360031128,0.0,1794.300048828125,1809.0,1794.0,1806.0,140.0,83.9800033569336,85.41000366210938,83.38999938964844,83.76000213623047,568725.0,0.08,276.55,113.605,15.24,1.64,0,,,,,,TRAIN
2021-10-26,1.161170482635498,1.16290020942688,1.1585874557495115,1.161170482635498,0.0,1.3766140937805176,1.3829537630081177,1.3758186101913452,1.37644362449646,0.0,1808.800048828125,1808.800048828125,1788.5999755859375,1792.699951171875,359.0,83.72000122070312,84.87999725341797,82.97000122070312,84.6500015258789,467716.0,0.08,276.55,113.674,15.98,1.63,0,,,,,,TRAIN
2021-10-27,1.159823656082153,1.162439227104187,1.1585336923599243,1.159823656082153,0.0,1.3768415451049805,1.3780368566513062,1.3710838556289673,1.3766140937805176,0.0,1791.5,1798.0999755859375,1791.5,1797.9000244140625,543.0,84.38999938964844,84.51000213623047,82.01000213623047,82.66000366210938,529952.0,0.08,276.55,113.6218,16.98,1.54,0,,,,,,TRAIN
2021-10-28,1.1598910093307495,1.1693171262741089,1.158319115638733,1.1600120067596436,0.0,1.373249053955078,1.3815207481384275,1.3723068237304688,1.3732868432998655,0.0,1795.5,1807.300048828125,1795.5,1801.5999755859373,452.0,82.25,83.20999908447266,80.58000183105469,82.80999755859375,491585.0,0.08,276.55,113.4389,16.53,1.57,0,,,,,,TRAIN
2021-10-29,1.1683744192123413,1.169180393218994,1.1546677350997925,1.1683608293533323,0.0,1.380071759223938,1.3804528713226318,1.3681762218475342,1.380071759223938,0.0,1793.0999755859375,1797.0,1774.5999755859375,1783.0,583.0,83.08999633789062,83.73999786376953,81.41000366210938,83.56999969482422,507309.0,0.08,276.55,114.1349,16.26,1.55,0,,,,,,TRAIN
2021-11-01,1.1559356451034546,1.159326195716858,1.1546677350997925,1.1556684970855713,0.0,1.3686443567276,1.36924409866333,1.364237904548645,1.36832594871521,0.0,1787.5,1795.0999755859375,1786.699951171875,1795.0999755859375,142.0,83.36000061035156,84.87999725341797,82.73999786376953,84.05000305175781,412309.0,0.08,278.919,114.2067,16.41,1.58,0,,,,,,TRAIN
2021-11-02,1.1601735353469849,1.1614995002746582,1.1579166650772097,1.1599582433700562,0.0,1.3659336566925049,1.3667176961898804,1.3610812425613403,1.365541934967041,0.0,1790.5,1795.5,1787.699951171875,1788.699951171875,213.0,83.87000274658203,84.41000366210938,82.91999816894531,83.91000366210938,429608.0,0.08,278.919,114.2847,16.03,1.56,0,,,,,,TRAIN
2021-11-03,1.158077597618103,1.159900426864624,1.1563634872436523,1.1579434871673584,0.0,1.361748456954956,1.3664562702178955,1.361136794090271,1.3617392778396606,0.0,1768.0,1768.0,1761.800048828125,1763.5999755859375,108.0,83.06999969482422,83.08000183105469,79.69000244140625,80.86000061035156,546577.0,0.08,278.919,114.3593,15.1,1.6,0,,,,,,TRAIN
2021-11-04,1.1615750789642334,1.1617100238800049,1.152923822402954,1.1615750789642334,0.0,1.3693565130233765,1.3694690465927124,1.347320318222046,1.3694878816604614,0.0,1776.5999755859375,1798.199951171875,1776.199951171875,1793.0,103.0,80.18000030517578,83.41999816894531,78.25,78.80999755859375,701119.0,0.08,278.919,114.3558,15.44,1.53,0,,,,,,TRAIN
2021-11-05,1.1556684970855713,1.1564704179763794,1.151410460472107,1.1555349826812744,0.0,1.3509496450424194,1.3509862422943115,1.342588186264038,1.3508602380752563,0.0,1794.9000244140625,1817.0999755859373,1794.9000244140625,1816.4000244140625,239.0,79.37000274658203,81.80000305175781,78.95999908447266,81.2699966430664,531054.0,0.08,278.919,114.0732,16.48,1.45,0,,,,,,TRAIN
2021-11-08,1.1568450927734375,1.1595547199249268,1.1551746129989624,1.1568851470947266,0.0,1.3489633798599243,1.3579760789871216,1.345188856124878,1.349127173423767,0.0,1817.0,1827.4000244140625,1816.9000244140625,1827.4000244140625,261.0,81.12999725341797,82.66999816894531,81.05000305175781,81.93000030517578,393953.0,0.08,278.919,113.8256,17.22,1.51,0,,,,,,TRAIN
2021-11-09,1.158869385719299,1.1609008312225342,1.157019019126892,1.159151554107666,0.0,1.35637366771698,1.360544204711914,1.352630853652954,1.3564507961273191,0.0,1826.0999755859373,1832.699951171875,1820.699951171875,1830.199951171875,170.0,82.16000366210938,84.62999725341797,81.77999877929688,84.1500015258789,504832.0,0.08,278.919,113.762,17.78,1.46,0,,,,,,TRAIN
2021-11-10,1.159366488456726,1.159823656082153,1.1513441801071167,1.1595547199249268,0.0,1.35609769821167,1.3566679954528809,1.3468376398086548,1.3560001850128174,0.0,1825.800048828125,1865.0,1824.9000244140625,1847.5999755859373,795.0,84.52999877929688,84.97000122070312,80.80999755859375,81.33999633789062,555215.0,0.08,278.919,114.1484,18.73,1.56,0,,,,,,TRAIN
2021-11-11,1.1485671997070312,1.1491611003875732,1.1454885005950928,1.148593544960022,0.0,1.3412736654281616,1.343273639678955,1.3370234966278076,1.3412736654281616,0.0,1853.9000244140625,1866.5,1853.9000244140625,1863.199951171875,292.0,81.41000366210938,82.33000183105469,80.19999694824219,81.58999633789062,475436.0,0.08,278.919,114.1484,17.66,1.56,0,,,,,,TRAIN
2021-11-12,1.1447803974151611,1.1459873914718628,1.1434059143066406,1.145081877708435,0.0,1.3367197513580322,1.3422818183898926,1.33539879322052,1.3366482257843018,0.0,1860.800048828125,1867.9000244140625,1847.5999755859373,1867.9000244140625,210.0,81.20999908447266,81.62000274658203,79.77999877929688,80.79000091552734,390304.0,0.08,278.919,114.5144,16.29,1.58,0,,,,,,TRAIN
2021-11-15,1.1442302465438845,1.1464208364486694,1.141695857048035,1.144164800643921,0.0,1.341687560081482,1.3449536561965942,1.3403927087783811,1.341705560684204,0.0,1864.5,1866.9000244140625,1864.5,1866.0999755859373,87.0,80.66000366210938,81.19999694824219,79.30000305175781,80.87999725341797,343484.0,0.08,278.919,114.5876,16.49,1.63,0,,,,,,TRAIN
2021-11-16,1.1367381811141968,1.1387006044387815,1.1330673694610596,1.1366478204727173,0.0,1.3410937786102295,1.3473457098007202,1.3410937786102295,1.3408420085906982,0.0,1853.5999755859373,1853.5999755859373,1853.5999755859373,1853.5999755859373,1.0,80.93000030517578,81.80999755859375,80.02999877929688,80.76000213623047,325668.0,0.08,278.919,115.136,16.37,1.63,0,,,,,,TRAIN
2021-11-17,1.1316184997558594,1.1334000825881958,1.127052664756775,1.1321182250976562,0.0,1.342426061630249,1.349017858505249,1.3402670621871948,1.3424620628356934,0.0,1862.5999755859373,1869.699951171875,1862.5999755859373,1869.699951171875,2.0,80.54000091552734,80.69000244140625,77.69000244140625,78.36000061035156,174471.0,0.08,278.919,115.0263,17.11,1.6,0,,,,,,TRAIN
2021-11-18,1.1318106651306152,1.1359764337539673,1.131503343582153,1.1321182250976562,0.0,1.3489633798599243,1.3513896465301514,1.3465402126312256,1.34916353225708,0.0,1861.0,1861.0,1861.0,1861.0,9.0,78.33999633789062,79.36000061035156,77.08000183105469,79.01000213623047,83984.0,0.08,278.919,115.0678,17.59,1.59,0,,,,,,TRAIN
2021-11-19,1.1370097398757937,1.1370097398757937,1.1252391338348389,1.1368415355682373,0.0,1.349837303161621,1.3509862422943115,1.3408420085906982,1.3499648571014404,0.0,1851.199951171875,1851.199951171875,1851.199951171875,1851.199951171875,21.0,78.76000213623047,79.91999816894531,75.37000274658203,76.0999984741211,623448.0,0.08,278.919,115.2187,17.91,1.54,0,,,,,,TRAIN
2021-11-22,1.1275737285614014,1.1290504932403564,1.123822808265686,1.1275737285614014,0.0,1.343360185623169,1.3449898958206177,1.3392258882522583,1.3434540033340454,0.0,1841.5999755859373,1841.5999755859373,1805.699951171875,1806.0,14.0,75.75,77.16000366210938,74.76000213623047,76.75,465768.0,0.08,278.919,115.6481,19.17,1.63,0,,,,,,TRAIN
2021-11-23,1.124353528022766,1.127344846725464,1.12271249294281,1.12421452999115,0.0,1.3397642374038696,1.3408420085906982,1.3344186544418335,1.3397642374038696,0.0,1795.5,1795.5,1783.5,1783.5,264.0,76.45999908447266,78.86000061035156,75.30000305175781,78.5,506987.0,0.08,278.919,116.0118,19.38,1.67,0,,,,,,TRAIN
2021-11-24,1.1243914365768433,1.1254544258117676,1.1187809705734253,1.124492645263672,0.0,1.3375779390335083,1.3389748334884644,1.332480549812317,1.337595820426941,0.0,1793.0,1793.0,1781.4000244140625,1784.0999755859375,188.0,78.4800033569336,79.2300033569336,77.9800033569336,78.38999938964844,328848.0,0.08,278.919,116.2711,18.58,1.64,0,,,,,,TRAIN
2021-11-25,1.1206992864608765,1.123090744018555,1.1203980445861816,1.1202975511550903,0.0,1.3331022262573242,1.3353006839752195,1.330654263496399,1.333066701889038,0.0,,,,,,,,,,,0.08,278.919,116.2711,18.58,1.64,0,,,,,,TRAIN
2021-11-26,1.1209003925323486,1.1322002410888672,1.1207997798919678,1.1209630966186523,0.0,1.3313452005386353,1.3348461389541626,1.328056573867798,1.331416130065918,0.0,1791.0999755859375,1791.4000244140625,1785.300048828125,1785.300048828125,186800.0,78.33999633789062,78.6500015258789,67.4000015258789,68.1500015258789,844630.0,0.08,278.919,116.5103,28.62,1.48,0,,,,,,TRAIN
2021-11-29,1.129114270210266,1.12980055809021,1.125885248184204,1.1293182373046875,0.0,1.3339558839797974,1.336308836936951,1.32902729511261,1.334098219871521,0.0,1791.699951171875,1798.9000244140625,1779.0999755859375,1782.300048828125,26926.0,69.2300033569336,72.93000030517578,68.86000061035156,69.94999694824219,675090.0,0.08,278.919,116.581,22.96,1.52,0,,,,,,TRAIN
2021-11-30,1.1293565034866333,1.1381744146347046,1.124606370925903,1.1293437480926514,0.0,1.3316643238067627,1.3369340896606443,1.3206201791763306,1.3315047025680542,0.0,1783.9000244140625,1808.0999755859373,1768.699951171875,1773.5999755859375,4903.0,70.04000091552734,71.22000122070312,64.43000030517578,66.18000030517578,722475.0,0.08,278.919,116.2071,27.19,1.43,0,,,,,,TRAIN
2021-12-01,1.1330032348632812,1.1358473300933838,1.1304160356521606,1.1330289840698242,0.0,1.3295927047729492,1.3351134061813354,1.3277214765548706,1.3295927047729492,0.0,1774.800048828125,1790.5,1772.300048828125,1781.5999755859375,1128.0,67.01000213623047,69.48999786376953,64.83999633789062,65.56999969482422,602447.0,0.08,280.845,115.889,31.12,1.43,0,,,,,,TRAIN
2021-12-02,1.1319644451141355,1.1348161697387695,1.1301862001419067,1.1319515705108645,0.0,1.3279330730438232,1.3332622051239014,1.3272457122802734,1.3280000686645508,0.0,1780.9000244140625,1780.9000244140625,1760.5999755859375,1760.699951171875,1557.0,65.62999725341797,67.48999786376953,62.43000030517578,66.5,668293.0,0.08,280.845,116.018,27.95,1.44,0,,,,,,TRAIN
2021-12-03,1.130684494972229,1.1331830024719238,1.1267352104187012,1.1306205987930298,0.0,1.3300702571868896,1.3308136463165283,1.321143627166748,1.3299994468688965,0.0,1767.5,1785.0999755859375,1766.5,1782.0,694.0,67.5,69.22000122070312,65.5999984741211,66.26000213623047,449974.0,0.08,280.845,116.2377,30.67,1.35,0,,,,,,TRAIN
2021-12-06,1.1302627325057983,1.1310003995895386,1.1269001960754397,1.13047993183136,0.0,1.323293924331665,1.3285505771636963,1.322383999824524,1.3237318992614746,0.0,1780.199951171875,1783.0,1777.199951171875,1777.5,381.0,67.0199966430664,70.1500015258789,66.72000122070312,69.48999786376953,401060.0,0.08,280.845,116.1538,27.18,1.43,0,,,,,,TRAIN
2021-12-07,1.128451585769653,1.1299434900283811,1.1231285333633425,1.128668189048767,0.0,1.3264182806015017,1.3289742469787598,1.3210563659667969,1.326435923576355,0.0,1779.5,1786.0999755859375,1772.300048828125,1782.5999755859375,308.0,69.72000122070312,73.02999877929688,69.5199966430664,72.05000305175781,496528.0,0.08,280.845,115.8555,21.89,1.48,0,,,,,,TRAIN
2021-12-08,1.1273066997528076,1.1339025497436523,1.12696373462677,1.127650022506714,0.0,1.3248542547225952,1.326259970664978,1.3174710273742676,1.3246086835861206,0.0,1789.9000244140625,1789.9000244140625,1779.0,1783.4000244140625,1383.0,71.86000061035156,73.0,70.91000366210938,72.36000061035156,464846.0,0.08,280.845,115.4418,19.9,1.52,0,,,,,,TRAIN
2021-12-09,1.1344043016433716,1.1345586776733398,1.1279425621032717,1.1345586776733398,0.0,1.3210039138793943,1.3217023611068726,1.317627191543579,1.3210039138793943,0.0,1783.5,1783.5,1771.800048828125,1774.5999755859375,455.0,72.5199966430664,73.33999633789062,70.38999938964844,70.94000244140625,393205.0,0.08,280.845,115.7784,21.58,1.49,0,,,,,,TRAIN
2021-12-10,1.129407525062561,1.1322592496871948,1.1267352104187012,1.1293309926986694,0.0,1.3224889039993286,1.3271048069000244,1.319087266921997,1.3224014043807983,0.0,1773.800048828125,1785.4000244140625,1769.0999755859375,1782.9000244140625,545.0,70.68000030517578,72.33000183105469,70.31999969482422,71.66999816894531,397883.0,0.08,280.845,115.5732,18.69,1.48,0,,,,,,TRAIN
2021-12-13,1.1311193704605105,1.1316057443618774,1.126354455947876,1.131183385848999,0.0,1.3258028030395508,1.3268758058547974,1.3222440481185913,1.3257148265838623,0.0,1784.4000244140625,1787.0999755859375,1783.800048828125,1786.300048828125,206.0,72.04000091552734,73.0,70.70999908447266,71.29000091552734,406604.0,0.08,280.845,115.842,20.31,1.42,0,,,,,,TRAIN
2021-12-14,1.1283371448516846,1.13275945186615,1.1266590356826782,1.1285407543182373,0.0,1.3213355541229248,1.325556755065918,1.319087266921997,1.3213530778884888,0.0,1787.0,1787.0,1769.0,1770.4000244140625,322.0,71.12000274658203,72.02999877929688,69.51000213623047,70.7300033569336,359454.0,0.08,280.845,116.2397,21.89,1.44,0,,,,,,TRAIN
2021-12-15,1.1258726119995115,1.1278001070022583,1.1249226331710815,1.1261261701583862,0.0,1.3231364488601685,1.328285813331604,1.3208119869232178,1.323050618171692,0.0,1767.4000244140625,1778.699951171875,1753.9000244140625,1762.5999755859375,283.0,70.3499984741211,71.66000366210938,69.38999938964844,70.87000274658203,294337.0,0.08,280.845,116.4219,19.29,1.47,0,,,,,,TRAIN
2021-12-16,1.1293054819107056,1.1363636255264282,1.1282098293304443,1.1290758848190308,0.0,1.326400637626648,1.337327480316162,1.324310302734375,1.3263126611709597,0.0,1781.0,1798.0999755859375,1781.0,1796.5999755859375,21.0,71.4800033569336,72.98999786376953,71.02999877929688,72.37999725341797,142541.0,0.08,280.845,115.7146,20.57,1.44,0,,,,,,TRAIN
2021-12-17,1.1335426568984983,1.13490629196167,1.1268366575241089,1.1334141492843628,0.0,1.3324273824691772,1.3340448141098022,1.3257676362991333,1.3323739767074585,0.0,1804.0,1812.9000244140625,1803.800048828125,1803.800048828125,654.0,71.91999816894531,72.26000213623047,69.88999938964844,70.86000061035156,78125.0,0.08,280.845,115.791,21.57,1.41,0,,,,,,TRAIN
2021-12-20,1.1242523193359375,1.130454421043396,1.1237343549728394,1.124353528022766,0.0,1.3229963779449463,1.3243454694747925,1.317401647567749,1.3229438066482544,0.0,1796.800048828125,1799.800048828125,1792.0,1793.699951171875,226.0,70.06999969482422,70.06999969482422,66.04000091552734,68.2300033569336,492217.0,0.08,280.845,116.0092,22.87,1.43,0,,,,,,TRAIN
2021-12-21,1.1276754140853882,1.1303266286849976,1.126176834106445,1.127751708030701,0.0,1.32098650932312,1.326119303703308,1.3199751377105713,1.3210004568099976,0.0,1791.4000244140625,1796.5,1787.9000244140625,1787.9000244140625,575.0,69.20999908447266,71.55000305175781,68.55999755859375,71.12000274658203,358779.0,0.08,280.845,116.1089,21.01,1.48,0,,,,,,TRAIN
2021-12-22,1.1290504932403564,1.134199619293213,1.1265320777893066,1.128757357597351,0.0,1.3269991874694824,1.3362374305725098,1.3241350650787354,1.3269639015197754,0.0,1786.0,1805.199951171875,1785.5,1801.5999755859373,567.0,71.2699966430664,73.16000366210938,70.80000305175781,72.76000213623047,306709.0,0.08,280.845,115.7485,18.63,1.46,0,,,,,,TRAIN
2021-12-23,1.1330161094665527,1.1345586776733398,1.1291524171829224,1.1328877210617063,0.0,1.3352025747299194,1.3437248468399048,1.334507703781128,1.3352025747299194,0.0,1806.0,1811.199951171875,1800.800048828125,1811.199951171875,193.0,73.02999877929688,73.94999694824219,72.2699966430664,73.79000091552734,270223.0,0.08,280.845,115.5337,17.96,1.5,0,,,,,,TRAIN
2021-12-24,1.1324644088745115,1.134429931640625,1.1308379173278809,1.132733702659607,0.0,1.3409138917922974,1.342570185661316,1.3394052982330322,1.3406623601913452,0.0,,,,,,,,,,,0.08,280.845,115.5337,17.96,1.5,0,,,,,,TRAIN
2021-12-27,1.132387399673462,1.1335002183914185,1.1304160356521606,1.1324259042739868,0.0,1.340520262718201,1.3440697193145752,1.3392258882522583,1.3404303789138794,0.0,1810.0,1812.0999755859373,1807.0,1808.0999755859373,150.0,73.37999725341797,76.08999633789062,72.56999969482422,75.56999969482422,268490.0,0.08,280.845,115.4684,17.68,1.48,0,,,,,,TRAIN
2021-12-28,1.1329776048660278,1.1336004734039309,1.1290377378463743,1.1330032348632812,0.0,1.3444474935531616,1.3462574481964111,1.3418315649032593,1.344266653060913,0.0,1812.0,1818.0,1805.5,1810.199951171875,146.0,75.97000122070312,76.91999816894531,75.52999877929688,75.9800033569336,249728.0,0.08,280.845,115.4192,17.54,1.49,0,,,,,,TRAIN
2021-12-29,1.1313369274139404,1.137000560760498,1.1275355815887451,1.1314777135849,0.0,1.3433998823165894,1.3499284982681274,1.3409138917922974,1.3433277606964111,0.0,1803.199951171875,1805.0999755859373,1791.4000244140625,1805.0999755859373,623.0,76.04000091552734,77.37000274658203,75.36000061035156,76.55999755859375,283557.0,0.08,280.845,115.3678,16.95,1.55,0,,,,,,TRAIN
2021-12-30,1.1359764337539673,1.1359764337539673,1.1300712823867798,1.1360150575637815,0.0,1.3497644662857056,1.352155327796936,1.345532774925232,1.349879264831543,0.0,1801.699951171875,1816.0,1796.0,1812.699951171875,306.0,76.58000183105469,77.44000244140625,75.77999877929688,76.98999786376953,231163.0,0.08,280.845,115.283,17.33,1.52,0,,,,,,TRAIN
2021-12-31,1.1323232650756836,1.1379153728485107,1.1305055618286133,1.132502794265747,0.0,1.349892020225525,1.3548483848571775,1.3467469215393066,1.349837303161621,0.0,1825.0999755859373,1827.800048828125,1821.4000244140625,1827.5,80.0,76.66000366210938,77.08000183105469,74.94999694824219,75.20999908447266,237118.0,0.08,280.845,115.283,17.22,1.52,0,,,,,,TRAIN
2022-01-03,1.1373846530914309,1.1375917196273804,1.1285407543182373,1.1373459100723269,0.0,1.3522284030914309,1.353179931640625,1.343273639678955,1.3522284030914309,0.0,1830.0999755859373,1830.0999755859373,1798.800048828125,1799.4000244140625,116.0,75.69000244140625,76.45999908447266,74.2699966430664,76.08000183105469,317628.0,0.08,282.543,115.4101,16.6,1.63,0,,,,,,TRAIN
2022-01-04,1.1301988363265991,1.1323001384735107,1.127344846725464,1.1302244663238523,0.0,1.3482794761657717,1.3556748628616333,1.3460761308670044,1.3483266830444336,0.0,1800.5,1815.300048828125,1800.0,1814.0,38.0,76.0199966430664,77.63999938964844,75.69999694824219,76.98999786376953,372848.0,0.08,282.543,115.3103,16.91,1.66,0,,,,,,TRAIN
2022-01-05,1.1285407543182373,1.1345586776733398,1.1277644634246826,1.1283625364303589,0.0,1.353051781654358,1.3573309183120728,1.3522651195526123,1.353143334388733,0.0,1813.0999755859373,1824.5999755859373,1813.0999755859373,1824.5999755859373,8.0,77.18000030517578,78.58000183105469,76.51000213623047,77.8499984741211,397898.0,0.08,282.543,115.137,19.73,1.71,0,,,,,,TRAIN
2022-01-06,1.1312217712402344,1.1330673694610596,1.1285535097122192,1.1313496828079224,0.0,1.355546236038208,1.3557482957839966,1.3491089344024658,1.3555645942687988,0.0,1787.0999755859375,1791.300048828125,1787.0999755859375,1788.699951171875,30.0,77.23999786376953,80.23999786376953,76.7300033569336,79.45999908447266,476665.0,0.08,282.543,115.4046,19.61,1.73,0,,,,,,TRAIN
2022-01-07,1.129586100578308,1.1359764337539673,1.1290504932403564,1.1296881437301636,0.0,1.3533997535705566,1.3583449125289917,1.3529419898986816,1.353363037109375,0.0,1791.800048828125,1797.0,1784.4000244140625,1797.0,17.0,79.62000274658203,80.47000122070312,78.5199966430664,78.9000015258789,414434.0,0.08,282.543,115.0451,18.76,1.76,0,,,,,,TRAIN
2022-01-10,1.135344386100769,1.1359764337539673,1.1288337707519531,1.1353960037231443,0.0,1.3590834140777588,1.3601926565170288,1.353417992591858,1.3592311143875122,0.0,1794.9000244140625,1798.699951171875,1790.4000244140625,1798.4000244140625,534.0,78.87999725341797,79.44999694824219,77.83000183105469,78.2300033569336,389956.0,0.08,282.543,115.2216,19.4,1.78,0,,,,,,TRAIN
2022-01-11,1.1332728862762451,1.136899709701538,1.1315544843673706,1.1330417394638062,0.0,1.3581697940826416,1.362416386604309,1.3562816381454468,1.3580313920974731,0.0,1803.9000244140625,1822.5,1803.0,1818.5999755859373,743.0,78.41999816894531,81.58999633789062,78.36000061035156,81.22000122070312,481815.0,0.08,282.543,114.8332,18.41,1.75,0,,,,,,TRAIN
2022-01-12,1.1370097398757937,1.1433000564575195,1.1355764865875244,1.1366478204727173,0.0,1.3634008169174194,1.3699380159378052,1.362212300300598,1.3633265495300293,0.0,1819.0,1827.199951171875,1816.9000244140625,1827.199951171875,1547.0,81.37999725341797,83.0999984741211,81.16999816894531,82.63999938964844,420619.0,0.08,282.543,114.355,17.62,1.74,0,,,,,,TRAIN
2022-01-13,1.1439814567565918,1.1479079723358154,1.1436413526535034,1.144164800643921,0.0,1.3706891536712646,1.374948501586914,1.37055766582489,1.3709993362426758,0.0,1819.800048828125,1823.0,1815.4000244140625,1821.199951171875,40.0,82.81999969482422,82.94000244140625,81.38999938964844,82.12000274658203,364769.0,0.08,282.543,114.177,20.31,1.7,0,,,,,,TRAIN
2022-01-14,1.14565908908844,1.148369312286377,1.1410053968429563,1.1457115411758425,0.0,1.371290683746338,1.374192714691162,1.3667699098587036,1.3713659048080444,0.0,1821.5,1822.0,1816.5,1816.5,816.0,81.7300033569336,84.44999694824219,81.58000183105469,83.81999969482422,364442.0,0.08,282.543,114.3825,19.19,1.78,0,,,,,,TRAIN
2022-01-17,1.1412137746810913,1.143458366394043,1.139315485954285,1.1410704851150513,0.0,1.367353081703186,1.3688992261886597,1.3638657331466677,1.367353081703186,0.0,,,,,,,,,,,0.08,282.543,114.3825,19.19,1.78,0,,,,,,TRAIN
2022-01-18,1.141291856765747,1.1423349380493164,1.1329647302627563,1.1410574913024902,0.0,1.364800214767456,1.366120219230652,1.3576257228851318,1.364800214767456,0.0,1816.800048828125,1820.0999755859373,1812.300048828125,1812.300048828125,900.0,84.31999969482422,86.62999725341797,83.5,85.43000030517578,163643.0,0.08,282.543,114.7373,22.79,1.87,0,,,,,,TRAIN
2022-01-19,1.1330032348632812,1.1356796026229858,1.1319515705108645,1.1329647302627563,0.0,1.3600815534591677,1.36481511592865,1.3589357137680054,1.3600261211395264,0.0,1817.4000244140625,1843.0999755859373,1817.4000244140625,1843.0999755859373,4.0,86.61000061035156,87.91000366210938,85.7699966430664,86.95999908447266,113153.0,0.08,282.543,114.6109,23.85,1.83,0,,,,,,TRAIN
2022-01-20,1.134352684020996,1.136893391609192,1.1330161094665527,1.1343399286270142,0.0,1.360951542854309,1.3661575317382812,1.3601555824279783,1.360858917236328,0.0,1840.5999755859373,1843.0,1838.199951171875,1842.5,20.0,86.2300033569336,87.81999969482422,86.0,86.9000015258789,532202.0,0.08,282.543,114.4642,25.59,1.83,0,,,,,,TRAIN
2022-01-21,1.131541728973389,1.1361054182052612,1.1302244663238523,1.1313753128051758,0.0,1.3600261211395264,1.3603591918945312,1.3547565937042236,1.359767198562622,0.0,1838.0,1842.4000244140625,1828.9000244140625,1831.800048828125,19.0,84.56999969482422,85.55999755859375,82.77999877929688,85.13999938964844,509103.0,0.08,282.543,114.6125,28.85,1.75,0,,,,,,TRAIN
2022-01-24,1.1340954303741455,1.1340954303741455,1.1291396617889404,1.1341469287872314,0.0,1.3554911613464355,1.3566679954528809,1.3443028926849363,1.3555830717086792,0.0,1837.9000244140625,1842.0999755859373,1837.9000244140625,1841.699951171875,8.0,84.91000366210938,86.08999633789062,81.9000015258789,83.30999755859375,511695.0,0.08,282.543,115.2034,29.9,1.75,0,,,,,,TRAIN
2022-01-25,1.132387399673462,1.132502794265747,1.1266844272613523,1.132413029670715,0.0,1.348981499671936,1.3500559329986572,1.343706727027893,1.3489269018173218,0.0,1843.0,1852.699951171875,1842.0,1852.699951171875,11.0,84.1500015258789,85.70999908447266,82.98999786376953,85.5999984741211,507219.0,0.08,282.543,115.1654,31.16,1.78,0,,,,,,TRAIN
2022-01-26,1.130352258682251,1.1313496828079224,1.1272051334381104,1.130454421043396,0.0,1.351040959358215,1.3524478673934937,1.3494184017181396,1.3510775566101074,0.0,1829.9000244140625,1829.9000244140625,1829.9000244140625,1829.9000244140625,55.0,85.26000213623047,87.94999694824219,85.01000213623047,87.3499984741211,459642.0,0.08,282.543,115.0922,31.96,1.85,0,,,,,,TRAIN
2022-01-27,1.1242270469665527,1.12447988986969,1.1133501529693604,1.124353528022766,0.0,1.34678316116333,1.34678316116333,1.3360588550567627,1.3468012809753418,0.0,1793.300048828125,1793.300048828125,1793.300048828125,1793.300048828125,196036.0,87.1500015258789,88.54000091552734,86.19999694824219,86.61000061035156,427804.0,0.08,282.543,115.978,30.49,1.81,0,,,,,,TRAIN
2022-01-28,1.1146159172058103,1.1170064210891724,1.1123347282409668,1.1147029399871826,0.0,1.338849425315857,1.3432012796401978,1.3365589380264282,1.3388315439224243,0.0,1797.5,1798.4000244140625,1778.800048828125,1784.9000244140625,28521.0,87.5,88.83999633789062,86.44000244140625,86.81999969482422,436172.0,0.08,282.543,116.0393,27.66,1.78,0,,,,,,TRAIN
2022-01-31,1.115138053894043,1.121692419052124,1.114504098892212,1.1152374744415283,0.0,1.3402130603790283,1.3454241752624512,1.3395309448242188,1.3403388261795044,0.0,1788.5,1798.5,1785.0999755859375,1795.0,1735.0,87.44999694824219,88.38999938964844,86.33999633789062,88.1500015258789,359080.0,0.08,282.543,115.566,24.83,1.79,0,,,,,,TRAIN
2022-02-01,1.12291419506073,1.1279042959213257,1.1222084760665894,1.12296462059021,0.0,1.344266653060913,1.3514060974121094,1.3435803651809692,1.3445378541946411,0.0,1797.199951171875,1806.0999755859373,1797.0999755859375,1800.300048828125,223.0,88.1500015258789,88.87000274658203,86.55000305175781,88.19999694824219,376841.0,0.08,284.5,115.3685,21.96,1.81,0,,,,,,TRAIN
2022-02-02,1.1273066997528076,1.132939100265503,1.126697063446045,1.1273956298828125,0.0,1.3523930311203003,1.3584926128387451,1.3517167568206787,1.352539300918579,0.0,1797.800048828125,1810.0999755859373,1795.0999755859375,1809.199951171875,1690.0,88.3499984741211,89.72000122070312,87.0999984741211,88.26000213623047,456863.0,0.08,284.5,115.1538,22.09,1.78,0,,,,,,TRAIN
2022-02-03,1.1299946308135986,1.1450687646865845,1.1272051334381104,1.1299946308135986,0.0,1.3564472198486328,1.3625463247299194,1.3539128303527832,1.3565024137496948,0.0,1805.800048828125,1808.0999755859373,1787.9000244140625,1803.0,466.0,87.9800033569336,90.4499969482422,86.75,90.2699966430664,465771.0,0.08,284.5,114.9065,24.35,1.82,0,,,,,,TRAIN
2022-02-04,1.1435105800628662,1.148369312286377,1.1413440704345703,1.14357590675354,0.0,1.359619379043579,1.361655831336975,1.3508037328720093,1.359841227531433,0.0,1806.0,1813.699951171875,1792.5,1806.5999755859373,571.0,90.19000244140624,93.16999816894533,90.06999969482422,92.30999755859376,410926.0,0.08,284.5,115.1362,23.22,1.93,0,,,,,,TRAIN
2022-02-07,1.1454622745513916,1.1460003852844238,1.1416698694229126,1.145514726638794,0.0,1.353363037109375,1.3550318479537964,1.3491816520690918,1.3533447980880735,0.0,1812.199951171875,1821.300048828125,1809.0999755859373,1820.5999755859373,601.0,91.81999969482422,92.7300033569336,90.7300033569336,91.31999969482422,497754.0,0.08,284.5,115.0098,22.86,1.92,0,,,,,,TRAIN
2022-02-08,1.144086241722107,1.145081877708435,1.1397050619125366,1.1442956924438477,0.0,1.3538395166397097,1.3566679954528809,1.3509862422943115,1.353780746459961,0.0,1818.9000244140625,1827.5999755859373,1815.0,1826.5999755859373,108.0,91.63999938964844,91.68000030517578,88.51000213623047,89.36000061035156,467386.0,0.08,284.5,115.0892,21.44,1.96,0,,,,,,TRAIN
2022-02-09,1.1421130895614624,1.1447004079818726,1.140328884124756,1.142126202583313,0.0,1.3548115491867063,1.3588248491287231,1.3538211584091189,1.3547565937042236,0.0,1825.4000244140625,1835.199951171875,1825.300048828125,1835.199951171875,683.0,89.86000061035156,90.58000183105467,88.41000366210938,89.66000366210938,445618.0,0.08,284.5,114.8232,19.96,1.94,0,,,,,,TRAIN
2022-02-10,1.142126202583313,1.1494252681732178,1.1380836963653564,1.142152190208435,0.0,1.3533997535705566,1.3643310070037842,1.352539300918579,1.3533265590667725,0.0,1833.300048828125,1842.0999755859373,1820.800048828125,1836.199951171875,365.0,90.01000213623047,91.73999786376952,89.02999877929688,89.87999725341797,492091.0,0.08,284.5,114.5527,23.91,2.03,0,,,,,,TRAIN
2022-02-11,1.1411746740341189,1.1419005393981934,1.1371259689331057,1.1415525674819946,0.0,1.354976773262024,1.360877513885498,1.3515340089797974,1.3551788330078125,0.0,1822.0,1864.800048828125,1822.0,1840.800048828125,181.0,90.0,94.66000366210938,89.19000244140625,93.0999984741211,554423.0,0.08,284.5,114.8413,27.36,1.92,0,,,,,,TRAIN
2022-02-14,1.1365832090377808,1.136893391609192,1.1292799711227417,1.1365057229995728,0.0,1.3570178747177124,1.3572204113006592,1.349582314491272,1.3569625616073608,0.0,1861.800048828125,1870.5999755859373,1854.5999755859373,1868.0,79.0,93.91000366210938,95.81999969482422,92.08999633789062,95.45999908447266,467071.0,0.08,284.5,115.1946,28.33,1.98,0,,,,,,TRAIN
2022-02-15,1.130607843399048,1.1368803977966309,1.1305822134017944,1.1306334733963013,0.0,1.3533265590667725,1.3566864728927612,1.349017858505249,1.3532898426055908,0.0,1872.5999755859373,1879.699951171875,1847.4000244140625,1854.800048828125,86.0,94.83000183105467,95.16999816894533,90.66000366210938,92.06999969482422,442641.0,0.08,284.5,114.93,25.7,2.05,0,,,,,,TRAIN
2022-02-16,1.135563611984253,1.139315485954285,1.1345458030700684,1.1356796026229858,0.0,1.3541145324707031,1.358991026878357,1.3539128303527832,1.3541145324707031,0.0,1858.699951171875,1870.199951171875,1856.300048828125,1870.199951171875,34.0,92.20999908447266,95.01000213623048,90.0,93.66000366210938,401453.0,0.08,284.5,114.6886,24.29,2.03,0,,,,,,TRAIN
2022-02-17,1.1373329162597656,1.1386927366256714,1.13275945186615,1.1375269889831543,0.0,1.3582342863082886,1.3636425733566284,1.3558034896850586,1.3584926128387451,0.0,1876.300048828125,1900.699951171875,1876.199951171875,1900.699951171875,393.0,90.9000015258789,93.36000061035156,90.62000274658205,91.76000213623048,212552.0,0.08,284.5,114.6755,28.11,1.97,0,,,,,,TRAIN
2022-02-18,1.1363893747329712,1.137669324874878,1.131580114364624,1.1366478204727173,0.0,1.361544489860535,1.3640704154968262,1.357441544532776,1.3618782758712769,0.0,1899.4000244140625,1899.4000244140625,1890.699951171875,1898.5999755859373,51.0,91.62999725341795,92.66000366210938,89.02999877929688,91.06999969482422,150382.0,0.08,284.5,114.7982,27.75,1.92,0,,,,,,TRAIN
2022-02-21,1.131733775138855,1.1385631561279297,1.1314136981964111,1.131721019744873,0.0,1.3591794967651367,1.3638285398483276,1.3587141036987305,1.359342098236084,0.0,,,,,,,,,,,0.08,284.5,114.7982,27.75,1.92,0,,,,,,TRAIN
2022-02-22,1.1309658288955688,1.1363766193389893,1.1289101839065552,1.1309658288955688,0.0,1.3595268726348877,1.360544204711914,1.3540045022964478,1.3596007823944092,0.0,1908.0999755859373,1912.0,1890.800048828125,1906.0999755859373,173.0,91.75,96.0,90.3499984741211,92.3499984741211,789041.0,0.08,284.5,114.7002,28.81,1.94,0,,,,,,TRAIN
2022-02-23,1.1330546140670776,1.1359764337539673,1.1307356357574463,1.13291335105896,0.0,1.3590834140777588,1.361952543258667,1.354921817779541,1.3589357137680054,0.0,1896.5999755859373,1910.5999755859373,1895.699951171875,1909.199951171875,73.0,91.73999786376952,93.9000015258789,90.63999938964844,92.0999984741211,440574.0,0.08,284.5,114.6668,31.02,1.99,0,,,,,,TRAIN
2022-02-24,1.1305949687957764,1.1305949687957764,1.1110494136810305,1.1305694580078125,0.0,1.3544628620147705,1.3547382354736328,1.3275980949401855,1.3545730113983154,0.0,1911.9000244140625,1972.5,1911.699951171875,1925.0999755859373,2706.0,92.5199966430664,100.54000091552734,91.4499969482422,92.80999755859376,872244.0,0.08,284.5,115.9419,30.32,1.96,1,GEOPOLITICAL,Russia invades Ukraine,SEVERE,"GOLD,OIL",TRAIN,TRAIN
2022-02-25,1.1190814971923828,1.1266082525253296,1.1168068647384644,1.11906898021698,0.0,1.3372201919555664,1.3439054489135742,1.3368983268737793,1.337327480316162,0.0,1906.9000244140625,1920.0,1883.5999755859373,1886.5,586.0,93.31999969482422,95.63999938964844,90.05999755859375,91.58999633789062,523793.0,0.08,284.5,115.2577,27.59,1.97,0,,,,,,TRAIN
2022-02-28,1.118105411529541,1.1244546175003052,1.1143178939819336,1.118105411529541,0.0,1.337005615234375,1.343111276626587,1.3342584371566772,1.337327480316162,0.0,1928.300048828125,1928.4000244140625,1894.199951171875,1899.4000244140625,390.0,94.98999786376952,99.0999984741211,94.43000030517578,95.72000122070312,490796.0,0.08,284.5,115.2224,30.15,1.83,1,SANCTION,US/EU sanction Russia; major banks removed from SWIFT,HIGH,"EURUSD,GBPUSD,GOLD,OIL",TRAIN,TRAIN
2022-03-01,1.1214659214019775,1.1232168674468994,1.1102105379104614,1.1215918064117432,0.0,1.3422818183898926,1.3437248468399048,1.3312033414840698,1.3422818183898926,0.0,1908.300048828125,1942.4000244140625,1903.800048828125,1942.4000244140625,547.0,96.08999633789062,106.77999877929688,95.31999969482422,103.41000366210938,698814.0,0.2,287.674,115.7962,33.32,1.72,0,,,,,,TRAIN
2022-03-02,1.1131023168563845,1.1141936779022217,1.105852127075195,1.1132758855819702,0.0,1.3333333730697632,1.337095022201538,1.327404260635376,1.3335111141204834,0.0,1945.5999755859373,1948.199951171875,1919.800048828125,1920.9000244140625,109.0,107.12000274658205,112.51000213623048,105.18000030517578,110.5999984741211,651853.0,0.2,287.674,115.7623,30.74,1.86,0,,,,,,TRAIN
2022-03-03,1.1113580465316772,1.111605167388916,1.103984236717224,1.1112345457077026,0.0,1.3397282361984253,1.341795563697815,1.3320368528366089,1.33969247341156,0.0,1930.5,1940.300048828125,1924.800048828125,1934.4000244140625,122.0,111.33000183105467,116.56999969482422,106.43000030517578,107.66999816894533,592031.0,0.2,287.674,115.9495,30.48,1.86,0,,,,,,TRAIN
2022-03-04,1.1069294214248655,1.1069294214248655,1.0890042781829834,1.1066844463348389,0.0,1.335131287574768,1.335131287574768,1.320533037185669,1.3350956439971924,0.0,1937.0,1970.9000244140625,1935.5999755859373,1965.0999755859373,47.0,107.95999908447266,116.0199966430664,107.25,115.68000030517578,493875.0,0.2,287.674,116.6503,31.98,1.74,0,,,,,,TRAIN
2022-03-07,1.087393879890442,1.093075394630432,1.0808590650558472,1.087453007698059,0.0,1.3212482929229736,1.3225939273834229,1.3103927373886108,1.3212482929229736,0.0,1989.0,2001.0999755859373,1963.0,1993.9000244140625,2516.0,121.33000183105467,130.5,115.54000091552734,119.4000015258789,576022.0,0.2,287.674,117.3278,36.45,1.78,0,,,,,,TRAIN
2022-03-08,1.08695650100708,1.0922157764434814,1.0851165056228638,1.0865312814712524,0.0,1.3114066123962402,1.3142850399017334,1.3083696365356443,1.311229586601257,0.0,1999.4000244140625,2072.0,1998.0,2040.0999755859373,1813.0,120.66999816894533,129.44000244140625,117.06999969482422,123.6999969482422,583106.0,0.2,287.674,117.6176,35.13,1.86,1,SANCTION,US bans imports of Russian oil and gas,HIGH,"EURUSD,GBPUSD,GOLD,OIL",TRAIN,TRAIN
2022-03-09,1.0900845527648926,1.1091147661209106,1.0897876024246216,1.0898232460021973,0.0,1.3102554082870483,1.318235158920288,1.3099292516708374,1.3099292516708374,0.0,2053.60009765625,2063.0,1980.800048828125,1985.9000244140625,1022.0,124.66000366210938,126.83999633789062,103.62999725341795,108.6999969482422,594773.0,0.2,287.674,116.5961,32.45,1.94,0,,,,,,TRAIN
2022-03-10,1.1073338985443115,1.1116174459457395,1.0982131958007812,1.107382893562317,0.0,1.3188437223434448,1.3194701671600342,1.3107362985610962,1.3185653686523438,0.0,1978.0999755859373,2010.5,1978.0999755859373,1998.0999755859373,670.0,110.41000366210938,114.87999725341795,105.52999877929688,106.0199966430664,437924.0,0.2,287.674,116.7401,30.23,1.98,0,,,,,,TRAIN
2022-03-11,1.1012123823165894,1.104191541671753,1.093469738960266,1.1013944149017334,0.0,1.3103067874908447,1.312490940093994,1.3052444458007812,1.3103240728378296,0.0,1985.0,1996.0,1959.9000244140625,1982.699951171875,865.0,105.98999786376952,110.29000091552734,104.4800033569336,109.33000183105467,368194.0,0.2,287.674,117.0192,30.75,2.0,0,,,,,,TRAIN
2022-03-14,1.0932546854019165,1.0986958742141724,1.0902509689331057,1.093206763267517,0.0,1.304955005645752,1.3078734874725342,1.3010499477386477,1.3050298690795898,0.0,1976.5,1977.699951171875,1959.5999755859373,1959.5999755859373,145.0,109.41999816894533,109.72000122070312,99.76000213623048,103.01000213623048,344184.0,0.2,287.674,117.1506,31.77,2.14,0,,,,,,TRAIN
2022-03-15,1.094534993171692,1.1018311977386477,1.093948245048523,1.0943193435668943,0.0,1.30108380317688,1.308866262435913,1.3001364469528198,1.3011853694915771,0.0,1939.800048828125,1939.9000244140625,1910.699951171875,1928.5,71.0,102.27999877929688,102.58000183105467,93.52999877929688,96.44000244140624,401690.0,0.2,287.674,117.246,29.83,2.15,0,,,,,,TRAIN
2022-03-16,1.096731662750244,1.1038745641708374,1.0955781936645508,1.0969363451004028,0.0,1.3045003414154053,1.3114409446716309,1.3036619424819946,1.304648518562317,0.0,1922.4000244140625,1922.4000244140625,1907.199951171875,1908.0,104.0,95.2300033569336,99.22000122070312,94.06999969482422,95.04000091552734,293947.0,0.2,287.674,116.8073,26.67,2.19,1,FED,Fed begins hiking cycle (first hike since 2018),HIGH,"EURUSD,GBPUSD,GOLD,OIL",TRAIN,TRAIN
2022-03-17,1.102244257926941,1.1110494136810305,1.1021226644515991,1.1021955013275146,0.0,1.314077615737915,1.3211086988449097,1.3089518547058103,1.3141123056411743,0.0,1933.9000244140625,1947.199951171875,1933.9000244140625,1942.0999755859373,39.0,95.33999633789062,104.23999786376952,94.8499984741211,102.9800033569336,210763.0,0.2,287.674,116.0467,25.67,2.2,0,,,,,,TRAIN
2022-03-18,1.1098902225494385,1.1117905378341677,1.1005337238311768,1.1099518537521362,0.0,1.3160492181777954,1.31816565990448,1.3112002611160278,1.3160406351089478,0.0,1934.5,1939.300048828125,1928.199951171875,1928.199951171875,28.0,103.62000274658205,106.27999877929688,102.3000030517578,104.6999969482422,74247.0,0.2,287.674,116.1378,23.87,2.14,0,,,,,,TRAIN
2022-03-21,1.1042159795761108,1.1066721677780151,1.1026087999343872,1.1043134927749634,0.0,1.3160665035247805,1.32098650932312,1.3128355741500854,1.316083908081055,0.0,1925.4000244140625,1928.5999755859373,1925.0,1928.5999755859373,5.0,105.12999725341795,112.69000244140624,104.08000183105467,112.12000274658205,77217.0,0.2,287.674,115.9398,23.53,2.32,0,,,,,,TRAIN
2022-03-22,1.1016370058059692,1.1045695543289185,1.0961546897888184,1.101722002029419,0.0,1.3167943954467771,1.3272457122802734,1.3120949268341064,1.3168290853500366,0.0,1920.699951171875,1920.699951171875,1920.699951171875,1920.699951171875,26.0,112.9000015258789,115.01000213623048,109.3000030517578,111.76000213623048,318629.0,0.2,287.674,116.0824,22.94,2.38,0,,,,,,TRAIN
2022-03-23,1.1030100584030151,1.1042001247406006,1.096575379371643,1.1029735803604126,0.0,1.3269639015197754,1.3298933506011963,1.317627191543579,1.3266470432281494,0.0,1936.5999755859373,1936.5999755859373,1936.5999755859373,1936.5999755859373,204.0,108.8499984741211,115.4000015258789,108.37999725341795,114.93000030517578,289182.0,0.2,287.674,116.005,23.57,2.32,0,,,,,,TRAIN
2022-03-24,1.1006306409835815,1.101333737373352,1.0969964265823364,1.1006306409835815,0.0,1.3206549882888794,1.3214752674102783,1.3157894611358645,1.3206027746200562,0.0,1963.5999755859373,1964.0,1961.5999755859373,1961.5999755859373,8.0,114.47000122070312,116.63999938964844,110.61000061035156,112.33999633789062,307238.0,0.2,287.674,115.9599,21.67,2.34,0,,,,,,TRAIN
2022-03-25,1.100897192955017,1.1038745641708374,1.0982975959777832,1.1009578704833984,0.0,1.319591999053955,1.322558879852295,1.3161704540252686,1.3195745944976809,0.0,1953.800048828125,1953.800048828125,1953.800048828125,1953.800048828125,83.0,111.75,114.12000274658205,108.68000030517578,113.9000015258789,320304.0,0.2,287.674,115.7921,20.81,2.48,0,,,,,,TRAIN
2022-03-28,1.098189115524292,1.0996744632720947,1.094534993171692,1.098189115524292,0.0,1.3176966905593872,1.3178876638412476,1.3068649768829346,1.317627191543579,0.0,1932.5999755859373,1939.5999755859373,1932.5999755859373,1939.5999755859373,7.0,112.91999816894533,112.93000030517578,102.83000183105467,105.95999908447266,372251.0,0.2,287.674,116.1911,19.63,2.46,0,,,,,,TRAIN
2022-03-29,1.099384307861328,1.1136353015899658,1.097044587135315,1.099384307861328,0.0,1.3099979162216189,1.3159279823303225,1.3052273988723757,1.3103584051132202,0.0,1893.5,1912.0,1893.5,1912.0,128051.0,103.47000122070312,107.83999633789062,98.44000244140624,104.23999786376952,387200.0,0.2,287.674,115.5679,18.9,2.41,0,,,,,,TRAIN
2022-03-30,1.1091516017913818,1.1170001029968262,1.108905553817749,1.1091516017913818,0.0,1.3092947006225586,1.318061351776123,1.3091576099395752,1.3093804121017456,0.0,1918.4000244140625,1937.0,1914.5,1933.5,17765.0,105.23999786376952,108.75,104.5500030517578,107.81999969482422,284544.0,0.2,287.674,115.0818,19.33,2.35,0,,,,,,TRAIN
2022-03-31,1.116183519363403,1.1183055639266968,1.1074001789093018,1.116183519363403,0.0,1.313680648803711,1.3170892000198364,1.3109596967697144,1.3138878345489502,0.0,1933.5,1949.9000244140625,1919.0999755859373,1949.199951171875,3617.0,107.4499969482422,107.8000030517578,99.66000366210938,100.27999877929688,450845.0,0.2,287.674,115.2218,20.56,2.32,0,,,,,,TRAIN
2022-04-01,1.1072357892990112,1.1075423955917358,1.1029735803604126,1.1072357892990112,0.0,1.314578652381897,1.3146132230758667,1.308866262435913,1.314699649810791,0.0,1935.0,1938.0,1917.0,1919.0999755859373,1016.0,101.2300033569336,101.75,97.77999877929688,99.2699966430664,324777.0,0.33,288.561,115.4814,19.63,2.39,0,,,,,,TRAIN
2022-04-04,1.1047282218933103,1.105705499649048,1.0980926752090454,1.1047282218933103,0.0,1.3105130195617676,1.313628911972046,1.3095176219940186,1.3103755712509155,0.0,1921.199951171875,1936.0999755859373,1915.5999755859373,1929.199951171875,371.0,98.9499969482422,103.94000244140624,98.0500030517578,103.27999877929688,288131.0,0.33,288.561,115.4112,18.57,2.42,0,,,,,,TRAIN
2022-04-05,1.0975863933563232,1.0991426706314087,1.092132329940796,1.0975863933563232,0.0,1.3113033771514893,1.3166903257369995,1.3100494146347046,1.3114582300186155,0.0,1927.0999755859373,1943.5,1918.4000244140625,1922.9000244140625,412.0,103.66000366210938,105.58999633789062,99.87999725341795,101.95999908447266,280283.0,0.33,288.561,115.73,21.03,2.54,0,,,,,,TRAIN
2022-04-06,1.090643286705017,1.093744874000549,1.0875712633132937,1.090643286705017,0.0,1.3076339960098269,1.3106846809387207,1.304665446281433,1.3077365159988403,0.0,1916.699951171875,1931.800048828125,1916.699951171875,1918.4000244140625,138.0,101.23999786376952,104.0199966430664,95.7300033569336,96.2300033569336,366036.0,0.33,288.561,115.9995,22.1,2.61,0,,,,,,TRAIN
2022-04-07,1.0898232460021973,1.0935057401657104,1.08672034740448,1.0898232460021973,0.0,1.307172417640686,1.3106675148010254,1.305500030517578,1.307206630706787,0.0,1919.5,1934.800048828125,1919.5,1933.800048828125,311.0,97.16000366210938,98.81999969482422,93.80999755859376,96.02999877929688,367318.0,0.33,288.561,116.3512,21.55,2.66,0,,,,,,TRAIN
2022-04-08,1.0864840745925903,1.0891940593719482,1.0836936235427856,1.0864840745925903,0.0,1.3068649768829346,1.3078734874725342,1.298482060432434,1.3069332838058472,0.0,1928.800048828125,1947.699951171875,1928.800048828125,1941.5999755859373,153.0,97.16999816894533,98.76000213623048,95.29000091552734,98.26000213623048,310082.0,0.33,288.561,116.4176,21.16,2.72,0,,,,,,TRAIN
2022-04-11,1.0884946584701538,1.0932785272598269,1.0874648094177246,1.0884946584701538,0.0,1.3029484748840332,1.3057557344436646,1.2989881038665771,1.303220272064209,0.0,1946.5999755859373,1968.4000244140625,1941.800048828125,1944.300048828125,163.0,98.4000015258789,98.5199966430664,92.93000030517578,94.29000091552734,315873.0,0.33,288.561,116.5401,24.37,2.79,0,,,,,,TRAIN
2022-04-12,1.087795972824097,1.0903936624526978,1.0851871967315674,1.087795972824097,0.0,1.3023545742034912,1.3053637742996216,1.2996971607208252,1.3024225234985352,0.0,1952.5,1977.0999755859373,1950.5999755859373,1972.0999755859373,246.0,95.16999816894533,101.3499984741211,94.83999633789062,100.5999984741211,329037.0,0.33,288.561,116.3866,24.26,2.72,0,,,,,,TRAIN
2022-04-13,1.0826143026351929,1.0873819589614868,1.0810343027114868,1.0826143026351929,0.0,1.300349473953247,1.3071553707122805,1.29743754863739,1.3002548217773438,0.0,1969.5,1981.0,1969.5,1981.0,204.0,100.91000366210938,104.47000122070312,99.87000274658205,104.25,312502.0,0.33,288.561,116.2796,21.82,2.7,0,,,,,,TRAIN
2022-04-14,1.089656949043274,1.0922634601593018,1.0758588314056396,1.089656949043274,0.0,1.3122154474258425,1.3147515058517456,1.3038150072097778,1.312026023864746,0.0,1977.199951171875,1978.699951171875,1963.0,1970.9000244140625,101.0,104.1999969482422,107.63999938964844,102.12000274658205,106.9499969482422,244952.0,0.33,288.561,116.7558,22.7,2.83,0,,,,,,TRAIN
2022-04-15,1.0820988416671753,1.0823447704315186,1.0798786878585815,1.0820988416671753,0.0,1.306165099143982,1.3076680898666382,1.3052785396575928,1.3070015907287598,0.0,,,,,,,,,,,0.33,288.561,116.7017,22.7,2.83,0,,,,,,TRAIN
2022-04-18,1.081525444984436,1.081583857536316,1.0783647298812866,1.081525444984436,0.0,1.30577290058136,1.30577290058136,1.3007960319519043,1.3057557344436646,0.0,1973.4000244140625,1997.0999755859373,1972.800048828125,1982.9000244140625,196.0,107.02999877929688,109.80999755859376,106.0,108.20999908447266,68489.0,0.33,288.561,116.8441,22.17,2.85,0,,,,,,TRAIN
2022-04-19,1.0781787633895874,1.081209659576416,1.0761945247650146,1.0781787633895874,0.0,1.3007622957229614,1.3039849996566772,1.2983304262161257,1.3009822368621826,0.0,1973.800048828125,1978.300048828125,1945.699951171875,1955.699951171875,130.0,107.75,108.91999816894533,102.0999984741211,102.55999755859376,71792.0,0.33,288.561,117.1324,21.37,2.93,0,,,,,,TRAIN
2022-04-20,1.0794472694396973,1.08672034740448,1.0784810781478882,1.0794472694396973,0.0,1.301574945449829,1.3066771030426023,1.2997984886169434,1.301371693611145,0.0,1945.5,1953.5999755859373,1945.5,1952.300048828125,621.0,103.0500030517578,104.16000366210938,100.6999969482422,102.75,299028.0,0.33,288.561,116.7306,20.32,2.85,0,,,,,,TRAIN
2022-04-21,1.0849870443344116,1.093469738960266,1.082438588142395,1.0849870443344116,0.0,1.3068137168884275,1.308832049369812,1.3024225234985352,1.3068820238113403,0.0,1942.5,1944.9000244140625,1942.5,1944.9000244140625,4.0,102.5,105.41999816894533,102.01000213623048,103.79000091552734,280321.0,0.33,288.561,117.1432,22.68,2.9,0,,,,,,TRAIN
2022-04-22,1.0835175514221191,1.0854227542877195,1.077284336090088,1.0835175514221191,0.0,1.302405595779419,1.303373098373413,1.2840760946273804,1.302626132965088,0.0,1949.5999755859373,1950.4000244140625,1930.199951171875,1931.0,178.0,104.06999969482422,104.22000122070312,101.05999755859376,102.06999969482422,246116.0,0.33,288.561,118.0186,28.21,2.9,0,,,,,,TRAIN
2022-04-25,1.0811045169830322,1.081221342086792,1.0700336694717407,1.0811045169830322,0.0,1.2829065322875977,1.2829724550247192,1.269905686378479,1.2830876111984253,0.0,1925.0,1925.0,1889.300048828125,1893.199951171875,748.0,101.37999725341795,101.5500030517578,95.27999877929688,98.54000091552734,328153.0,0.33,288.561,118.6271,27.02,2.81,0,,,,,,TRAIN
2022-04-26,1.0714209079742432,1.0738831758499146,1.0644639730453491,1.0714209079742432,0.0,1.2737231254577637,1.2772371768951416,1.261304497718811,1.2739989757537842,0.0,1900.5,1909.0999755859373,1894.0,1901.4000244140625,302.0,98.63999938964844,102.77999877929688,97.05999755859376,101.6999969482422,351850.0,0.33,288.561,118.9624,33.52,2.77,0,,,,,,TRAIN
2022-04-27,1.0643619298934937,1.0656436681747437,1.0516685247421265,1.0643619298934937,0.0,1.258447289466858,1.2600805759429932,1.2503907680511477,1.2583998441696167,0.0,1897.800048828125,1900.5999755859373,1882.199951171875,1885.9000244140625,1786.0,101.76000213623048,102.98999786376952,99.8000030517578,102.0199966430664,278781.0,0.33,288.561,119.4708,31.6,2.82,0,,,,,,TRAIN
2022-04-28,1.0555092096328735,1.056222677230835,1.0472848415374756,1.0555092096328735,0.0,1.2539657354354858,1.2566760778427124,1.2414032220840454,1.2541857957839966,0.0,1883.800048828125,1893.0,1872.9000244140625,1888.699951171875,513.0,102.11000061035156,105.68000030517578,100.12999725341795,105.36000061035156,312064.0,0.33,288.561,120.0675,29.99,2.85,0,,,,,,TRAIN
2022-04-29,1.050420165061951,1.0590416193008425,1.0505415201187134,1.050420165061951,0.0,1.2468050718307495,1.258352279663086,1.2467273473739624,1.2463854551315308,0.0,1902.699951171875,1918.199951171875,1902.4000244140625,1909.300048828125,132.0,105.16999816894533,107.98999786376952,103.77999877929688,104.69000244140624,294386.0,0.33,288.561,119.4933,33.4,2.89,0,,,,,,TRAIN
2022-05-02,1.0535964965820312,1.056769609451294,1.0503981113433838,1.0535964965820312,0.0,1.257379174232483,1.2596362829208374,1.2505314350128174,1.2573871612548828,0.0,1896.699951171875,1896.800048828125,1853.0,1861.800048828125,385.0,104.0,105.94000244140624,100.27999877929688,105.16999816894533,261878.0,0.77,291.298,119.8825,32.34,2.99,0,,,,,,TRAIN
2022-05-03,1.0509058237075806,1.0577645301818848,1.0494390726089478,1.0509058237075806,0.0,1.2501094341278076,1.2566444873809814,1.2493799924850464,1.249828219413757,0.0,1868.800048828125,1868.800048828125,1868.800048828125,1868.800048828125,466.0,105.08000183105467,105.8000030517578,102.0999984741211,102.41000366210938,239266.0,0.77,291.298,119.7043,29.25,2.97,0,,,,,,TRAIN
2022-05-04,1.052853226661682,1.0566357374191284,1.0506519079208374,1.052853226661682,0.0,1.2499375343322754,1.2537612915039062,1.246742844581604,1.2500405311584473,0.0,1867.0,1867.0,1867.0,1867.0,1.0,103.5,108.61000061035156,102.9499969482422,107.80999755859376,272909.0,0.77,291.298,119.5592,25.42,2.93,0,,,,,,TRAIN
2022-05-05,1.0622477531433103,1.0639996528625488,1.0504642724990845,1.0622477531433103,0.0,1.2618932723999023,1.2631685733795166,1.2327568531036377,1.261813759803772,0.0,1897.0,1904.300048828125,1874.0,1874.0,80.0,107.58000183105467,111.37000274658205,106.4499969482422,108.26000213623048,286916.0,0.77,291.298,120.0068,31.2,3.05,0,,,,,,TRAIN
2022-05-06,1.0539740324020386,1.0598385334014893,1.048536777496338,1.0539740324020386,0.0,1.236644268035889,1.2380222082138062,1.2277697324752808,1.2364147901535034,0.0,1874.699951171875,1890.300048828125,1871.5,1881.199951171875,214.0,108.6999969482422,111.18000030517578,107.23999786376952,109.7699966430664,294278.0,0.77,291.298,119.8577,30.19,3.12,0,,,,,,TRAIN
2022-05-09,1.053219199180603,1.0572165250778198,1.0496593713760376,1.053219199180603,0.0,1.2328935861587524,1.240494728088379,1.2262115478515625,1.2326656579971311,0.0,1866.5999755859373,1867.5,1854.0,1857.0999755859373,304.0,110.43000030517578,110.48999786376952,102.12999725341795,103.08999633789062,368183.0,0.77,291.298,120.4972,34.75,3.05,0,,,,,,TRAIN
2022-05-10,1.056579828262329,1.0585819482803345,1.0527312755584717,1.056579828262329,0.0,1.2334866523742676,1.237470626831055,1.2293771505355835,1.2338824272155762,0.0,1839.9000244140625,1839.9000244140625,1839.9000244140625,1839.9000244140625,1540.0,102.6500015258789,104.16000366210938,98.86000061035156,99.76000213623048,389750.0,0.77,291.298,120.7742,32.99,2.99,0,,,,,,TRAIN
2022-05-11,1.0532968044281006,1.0575631856918335,1.0507071018218994,1.0532968044281006,0.0,1.230754017829895,1.239802598953247,1.228199481964111,1.2309207916259766,0.0,1841.5,1852.5999755859373,1841.0,1852.5999755859373,892.0,99.0,106.44000244140624,98.1999969482422,105.70999908447266,382701.0,0.77,291.298,120.3925,32.56,2.91,0,,,,,,TRAIN
2022-05-12,1.05124831199646,1.0529751777648926,1.0373551845550537,1.05124831199646,0.0,1.223466157913208,1.224814772605896,1.2171372175216677,1.2234212160110474,0.0,1849.800048828125,1851.9000244140625,1822.199951171875,1823.800048828125,153.0,105.62999725341795,107.37000274658205,102.66000366210938,106.12999725341795,323547.0,0.77,291.298,121.2796,31.77,2.84,0,,,,,,TRAIN
2022-05-13,1.0379581451416016,1.041938066482544,1.0351966619491575,1.0379581451416016,0.0,1.2204350233078003,1.2245148420333862,1.2157167196273804,1.220613718032837,0.0,1825.0,1825.0,1807.4000244140625,1807.4000244140625,335.0,106.6500015258789,110.63999938964844,106.29000091552734,110.48999786376952,240989.0,0.77,291.298,120.8442,28.87,2.93,0,,,,,,TRAIN
2022-05-16,1.0400632619857788,1.043797731399536,1.0391337871551514,1.0400632619857788,0.0,1.2261513471603394,1.2297248840332031,1.2218962907791138,1.2258507013320925,0.0,1790.5,1813.5,1787.0,1813.5,34.0,110.9800033569336,114.9000015258789,108.11000061035156,114.1999969482422,289127.0,0.77,291.298,120.6881,27.47,2.88,0,,,,,,TRAIN
2022-05-17,1.0438958406448364,1.055375576019287,1.0432424545288086,1.0438958406448364,0.0,1.2327111959457395,1.2498124837875366,1.2322099208831787,1.2324832677841189,0.0,1824.9000244140625,1828.5999755859373,1816.699951171875,1818.199951171875,121.0,113.87000274658205,115.55999755859376,111.75,112.4000015258789,252630.0,0.77,291.298,119.8871,26.1,2.98,0,,,,,,TRAIN
2022-05-18,1.0547856092453003,1.0564124584197998,1.0492409467697144,1.0547856092453003,0.0,1.2490476369857788,1.2500624656677246,1.237424612045288,1.2484394311904907,0.0,1815.0,1819.699951171875,1805.0,1815.9000244140625,311.0,113.66000366210938,115.41999816894533,108.45999908447266,109.58999633789062,103669.0,0.77,291.298,120.0274,30.96,2.89,0,,,,,,TRAIN
2022-05-19,1.0472739934921265,1.0598047971725464,1.046605348587036,1.0472739934921265,0.0,1.234766125679016,1.2522697448730469,1.2340651750564575,1.2345831394195557,0.0,1810.9000244140625,1841.199951171875,1810.699951171875,1841.199951171875,138.0,109.08999633789062,112.62000274658205,105.12999725341795,112.20999908447266,68511.0,0.77,291.298,119.4278,29.35,2.84,0,,,,,,TRAIN
2022-05-20,1.057898759841919,1.05988347530365,1.0541073083877563,1.057898759841919,0.0,1.2465564012527466,1.2498750686645508,1.243966817855835,1.2462146282196045,0.0,1839.0999755859373,1841.800048828125,1836.300048828125,1841.800048828125,110.0,111.4499969482422,114.04000091552734,110.8499984741211,113.2300033569336,229930.0,0.77,291.298,119.3677,29.43,2.78,0,,,,,,TRAIN
2022-05-23,1.056981921195984,1.069027066230774,1.0568702220916748,1.056981921195984,0.0,1.250687837600708,1.2601124048233032,1.2501249313354492,1.2504063844680786,0.0,1846.300048828125,1863.0,1845.800048828125,1847.800048828125,216.0,110.55999755859376,111.95999908447266,109.1500015258789,110.29000091552734,215623.0,0.77,291.298,118.7169,28.48,2.86,0,,,,,,TRAIN
2022-05-24,1.0682048797607422,1.0746333599090576,1.0662003755569458,1.0682048797607422,0.0,1.2567708492279053,1.2596838474273682,1.2472715377807615,1.256754994392395,0.0,1852.5,1867.0,1852.5,1865.0999755859373,33.0,110.41000366210938,111.43000030517578,108.61000061035156,109.7699966430664,224794.0,0.77,291.298,118.6245,29.45,2.76,0,,,,,,TRAIN
2022-05-25,1.0736525058746338,1.0736525058746338,1.064407229423523,1.0736525058746338,0.0,1.2541544437408447,1.2557923793792725,1.2484238147735596,1.2542959451675415,0.0,1846.199951171875,1846.199951171875,1846.199951171875,1846.199951171875,0.0,110.38999938964844,111.68000030517578,109.2300033569336,110.33000183105467,191370.0,0.77,291.298,118.9598,28.37,2.75,0,,,,,,TRAIN
2022-05-26,1.0686614513397217,1.0728693008422852,1.0664504766464231,1.0686614513397217,0.0,1.2587007284164429,1.262116312980652,1.2553036212921145,1.258610486984253,0.0,1840.4000244140625,1847.4000244140625,1840.4000244140625,1847.4000244140625,123355.0,110.69000244140624,114.83000183105467,110.2699966430664,114.08999633789062,234752.0,0.77,291.298,118.7687,27.5,2.75,0,,,,,,TRAIN
2022-05-27,1.0732953548431396,1.0765074491500854,1.0698047876358032,1.0732953548431396,0.0,1.2618615627288818,1.2666244506835938,1.2587165832519531,1.261734127998352,0.0,1848.300048828125,1860.699951171875,1845.9000244140625,1851.300048828125,30091.0,114.1999969482422,115.3000030517578,112.8499984741211,115.06999969482422,217281.0,0.77,291.298,118.2834,25.72,2.74,0,,,,,,TRAIN
2022-05-30,1.073145627975464,1.078515887260437,1.0727427005767822,1.073145627975464,0.0,1.2625147104263306,1.26603102684021,1.261765956878662,1.262833595275879,0.0,,,,,,,,,,,0.77,291.298,118.2834,26.54,2.74,0,,,,,,TRAIN
2022-05-31,1.0773539543151855,1.0774933099746704,1.068216323852539,1.0773539543151855,0.0,1.2645262479782104,1.2648460865020752,1.2562499046325684,1.264702081680298,0.0,1850.300048828125,1862.0999755859373,1832.800048828125,1842.699951171875,4073.0,114.95999908447266,119.9800033569336,114.1500015258789,114.66999816894533,440796.0,0.77,291.298,118.0704,26.19,2.85,0,,,,,,TRAIN
2022-06-01,1.0734105110168457,1.0736640691757202,1.063173770904541,1.0734105110168457,0.0,1.2609704732894895,1.2616863250732422,1.246012806892395,1.2608909606933594,0.0,1831.0,1847.9000244140625,1825.300048828125,1843.300048828125,1623.0,115.4000015258789,117.87000274658205,114.58000183105467,115.26000213623048,290530.0,1.21,294.957,118.6954,25.69,2.94,0,,,,,,TRAIN
2022-06-02,1.0654165744781494,1.0738486051559448,1.064565896987915,1.0654165744781494,0.0,1.2484238147735596,1.256960391998291,1.2470382452011108,1.2483147382736206,0.0,1845.4000244140625,1868.699951171875,1842.0999755859373,1866.5,551.0,114.8000030517578,117.7699966430664,111.1999969482422,116.87000274658205,327600.0,1.21,294.957,118.0658,24.72,2.92,0,,,,,,TRAIN
2022-06-03,1.0751069784164429,1.0765421390533447,1.0706638097763062,1.0751069784164429,0.0,1.2577824592590332,1.259001851081848,1.24945330619812,1.2579249143600464,0.0,1867.5999755859373,1871.800048828125,1845.4000244140625,1845.4000244140625,53.0,117.5500030517578,120.45999908447266,115.2300033569336,118.87000274658205,240831.0,1.21,294.957,118.2153,24.79,2.96,0,,,,,,TRAIN
2022-06-06,1.0726046562194824,1.0752688646316528,1.0686043500900269,1.0726046562194824,0.0,1.2488292455673218,1.257703423500061,1.2479876279830933,1.249230146408081,0.0,1849.0,1854.0999755859373,1839.199951171875,1839.199951171875,142.0,120.81999969482422,120.98999786376952,117.62999725341795,118.5,246825.0,1.21,294.957,118.3081,25.07,3.04,0,,,,,,TRAIN
2022-06-07,1.0691413879394531,1.070893168449402,1.0652804374694824,1.0691413879394531,0.0,1.25231671333313,1.2594457864761353,1.243440866470337,1.2523481845855713,0.0,1836.9000244140625,1851.5999755859373,1835.0,1847.5,1168.0,119.0999984741211,120.36000061035156,117.13999938964844,119.41000366210938,341694.0,1.21,294.957,118.4414,24.02,2.98,0,,,,,,TRAIN
2022-06-08,1.0698620080947876,1.0748296976089478,1.0673270225524902,1.0698620080947876,0.0,1.258605718612671,1.258985996246338,1.2515017986297607,1.2587324380874634,0.0,1844.800048828125,1855.0,1844.4000244140625,1851.9000244140625,218.0,119.79000091552734,123.18000030517578,119.3000030517578,122.11000061035156,340591.0,1.21,294.957,118.3951,23.96,3.03,0,,,,,,TRAIN
2022-06-09,1.071765422821045,1.0770059823989868,1.0647132396697998,1.071765422821045,0.0,1.254217267036438,1.2553982734680176,1.249297261238098,1.254028558731079,0.0,1846.0999755859373,1850.0999755859373,1837.9000244140625,1848.800048828125,159.0,122.43000030517578,122.72000122070312,120.79000091552734,121.51000213623048,293295.0,1.21,294.957,118.9226,26.09,3.04,0,,,,,,TRAIN
2022-06-10,1.0619205236434937,1.0642147064208984,1.0507733821868896,1.0619205236434937,0.0,1.2493752241134644,1.2518151998519895,1.2315573692321775,1.249297261238098,0.0,1842.699951171875,1875.5999755859373,1823.9000244140625,1871.5,1490.0,121.45999908447266,122.75,118.33000183105467,120.66999816894533,352906.0,1.21,294.957,119.9981,27.75,3.15,0,,,,,,TRAIN
2022-06-13,1.0489987134933472,1.0497585535049438,1.041905403137207,1.0489987134933472,0.0,1.2278074026107788,1.23001229763031,1.2127680778503418,1.2274909019470217,0.0,1873.800048828125,1873.800048828125,1818.699951171875,1828.0,127.0,120.19000244140624,122.25,117.47000122070312,120.93000030517578,372403.0,1.21,294.957,121.1523,34.02,3.43,0,,,,,,TRAIN
2022-06-14,1.0415147542953491,1.0482399463653564,1.0398253202438354,1.0415147542953491,0.0,1.2144027948379517,1.220271110534668,1.199256420135498,1.2144765853881836,0.0,1825.0,1825.5,1805.300048828125,1809.5,536.0,121.08999633789062,123.68000030517578,116.62000274658205,118.93000030517578,366320.0,1.21,294.957,121.6669,32.69,3.49,0,,,,,,TRAIN
2022-06-15,1.0440592765808103,1.0507181882858276,1.0386265516281128,1.0440592765808103,0.0,1.201345443725586,1.2125327587127686,1.1992132663726809,1.201258897781372,0.0,1814.0999755859373,1839.0,1810.800048828125,1815.300048828125,108.0,119.06999969482422,119.61000061035156,114.5999984741211,115.30999755859376,301750.0,1.21,294.957,121.6403,29.62,3.33,1,FED,"Fed hikes 75 bps, largest since 1994",HIGH,"EURUSD,GBPUSD,GOLD,OIL",TRAIN,TRAIN
2022-06-16,1.0456204414367676,1.0530306100845337,1.0382598638534546,1.0456204414367676,0.0,1.218145489692688,1.2344917058944702,1.205036997795105,1.2174336910247805,0.0,1819.199951171875,1850.5999755859373,1814.9000244140625,1845.699951171875,136.0,115.9800033569336,118.08000183105467,112.30999755859376,117.58999633789062,162543.0,1.21,294.957,120.6714,32.95,3.28,0,,,,,,TRAIN
2022-06-17,1.0546854734420776,1.0551751852035522,1.0445609092712402,1.0546854734420776,0.0,1.2350252866744995,1.2350252866744995,1.217404007911682,1.2354830503463743,0.0,1853.699951171875,1853.699951171875,1833.5999755859373,1835.5999755859373,170.0,117.08000183105467,118.97000122070312,108.25,109.55999755859376,103149.0,1.21,294.957,121.2369,31.13,3.25,0,,,,,,TRAIN
2022-06-20,1.049141764640808,1.0545185804367063,1.048635721206665,1.049141764640808,0.0,1.2228227853775024,1.2277772426605225,1.2200626134872437,1.2228227853775024,0.0,,,,,,,,,,,1.21,294.957,121.2369,31.03,3.25,0,,,,,,TRAIN
2022-06-21,1.0520778894424438,1.058189868927002,1.051425218582153,1.0520778894424438,0.0,1.225009799003601,1.2319215536117554,1.224919676780701,1.225174903869629,0.0,1835.300048828125,1838.5999755859373,1830.0999755859373,1834.5999755859373,216.0,110.58000183105467,112.47000122070312,108.72000122070312,110.6500015258789,427262.0,1.21,294.957,120.6427,30.19,3.31,0,,,,,,TRAIN
2022-06-22,1.053263545036316,1.0602879524230957,1.0471861362457275,1.053263545036316,0.0,1.2264070510864258,1.23146653175354,1.2168558835983276,1.2266627550125122,0.0,1829.5,1842.699951171875,1821.5999755859373,1834.300048828125,115.0,109.54000091552734,109.76000213623048,101.52999877929688,106.19000244140624,432724.0,1.21,294.957,120.5197,28.95,3.16,0,,,,,,TRAIN
2022-06-23,1.0564124584197998,1.058066725730896,1.0484488010406494,1.0564124584197998,0.0,1.2253249883651731,1.2294678688049316,1.2171818017959597,1.225084900856018,0.0,1835.5,1841.199951171875,1825.699951171875,1825.699951171875,9.0,104.41999816894533,107.0500030517578,102.31999969482422,104.2699966430664,346362.0,1.21,294.957,120.7622,29.05,3.09,0,,,,,,TRAIN
2022-06-24,1.052011489868164,1.0569148063659668,1.0513699054718018,1.052011489868164,0.0,1.2261964082717896,1.2316787242889404,1.224349856376648,1.2260762453079224,0.0,1820.5,1826.5,1815.800048828125,1826.5,61.0,103.98999786376952,108.58000183105467,103.63999938964844,107.62000274658205,321591.0,1.21,294.957,120.4853,27.23,3.13,0,,,,,,TRAIN
2022-06-27,1.0566133260726929,1.0614246129989624,1.0550860166549685,1.0566133260726929,0.0,1.2288031578063965,1.2330759763717651,1.2239753007888794,1.228244662284851,0.0,1830.5,1830.699951171875,1819.9000244140625,1820.9000244140625,77.0,107.22000122070312,110.54000091552734,105.5999984741211,109.56999969482422,282914.0,1.21,294.957,120.1736,26.95,3.2,0,,,,,,TRAIN
2022-06-28,1.0580891370773315,1.0605015754699707,1.0505746603012085,1.0580891370773315,0.0,1.2267531156539917,1.2291052341461182,1.218769073486328,1.2267379760742188,0.0,1824.199951171875,1826.0,1817.5,1817.5,391.0,110.18000030517578,112.22000122070312,109.62000274658205,111.76000213623048,306748.0,1.21,294.957,120.62,28.36,3.2,0,,,,,,TRAIN
2022-06-29,1.0523545742034912,1.053629755973816,1.0468025207519531,1.0523545742034912,0.0,1.218635320663452,1.2212249040603638,1.2106831073760986,1.218976974487305,0.0,1818.300048828125,1830.300048828125,1812.800048828125,1813.699951171875,173.0,111.86000061035156,114.0500030517578,109.22000122070312,109.77999877929688,322060.0,1.21,294.957,120.9616,28.16,3.1,0,,,,,,TRAIN
2022-06-30,1.04465913772583,1.047877550125122,1.0383893251419067,1.04465913772583,0.0,1.213106393814087,1.218620538711548,1.209438443183899,1.2131799459457395,0.0,1809.5999755859373,1817.300048828125,1801.0,1804.0999755859373,328.0,109.6999969482422,110.4499969482422,105.0999984741211,105.76000213623048,362890.0,1.21,294.957,120.9652,28.71,2.98,0,,,,,,TRAIN
2022-07-01,1.0477677583694458,1.0477896928787231,1.036989450454712,1.0477677583694458,0.0,1.2159976959228516,1.2162047624588013,1.198063850402832,1.2160863876342771,0.0,1795.5,1806.0999755859373,1791.5999755859375,1798.9000244140625,77.0,106.01000213623048,109.33999633789062,104.55999755859376,108.43000030517578,305338.0,1.68,294.913,121.5058,26.7,2.88,0,,,,,,TRAIN
2022-07-04,1.0433948040008545,1.046353459358215,1.041807770729065,1.0433948040008545,0.0,1.2105804681777954,1.2165154218673706,1.2086344957351685,1.2102727890014648,0.0,,,,,,,,,,,1.68,294.913,121.5058,27.53,2.88,0,,,,,,TRAIN
2022-07-05,1.0433186292648315,1.044855713844299,1.0237300395965576,1.0433186292648315,0.0,1.2114017009735107,1.2126061916351318,1.1900511980056765,1.211445689201355,0.0,1805.4000244140625,1805.4000244140625,1761.800048828125,1761.800048828125,64.0,108.8000030517578,111.4499969482422,97.43000030517578,99.5,594215.0,1.68,294.913,122.6203,27.54,2.82,0,,,,,,TRAIN
2022-07-06,1.0257673263549805,1.0273902416229248,1.0162187814712524,1.0257673263549805,0.0,1.194957256317139,1.1986383199691772,1.187761306762695,1.19491446018219,0.0,1762.5,1768.0,1734.0,1734.9000244140625,1729.0,100.36000061035156,102.13999938964844,95.0999984741211,98.52999877929688,444106.0,1.68,294.913,123.0073,26.73,2.93,0,,,,,,TRAIN
2022-07-07,1.0186411142349243,1.0219202041625977,1.015331506729126,1.0186411142349243,0.0,1.1918951272964478,1.2021831274032593,1.1910008192062378,1.1923214197158811,0.0,1745.199951171875,1745.199951171875,1737.0,1737.9000244140625,1869.0,98.22000122070312,104.4800033569336,96.56999969482422,102.7300033569336,379861.0,1.68,294.913,122.7257,26.08,3.01,0,,,,,,TRAIN
2022-07-08,1.0169836282730105,1.0191082954406738,1.007973074913025,1.0169836282730105,0.0,1.2031956911087036,1.2055310010910034,1.1921935081481934,1.2028049230575562,0.0,1738.0999755859375,1749.300048828125,1732.0999755859375,1740.5999755859375,370.0,102.22000122070312,105.23999786376952,101.51000213623048,104.79000091552734,327461.0,1.68,294.913,122.4662,24.64,3.09,0,,,,,,TRAIN
2022-07-11,1.0166114568710327,1.0167768001556396,1.0054292678833008,1.0166114568710327,0.0,1.2017786502838137,1.2019952535629272,1.1869436502456665,1.2016630172729492,0.0,1732.5,1736.699951171875,1730.0,1730.0,75.0,104.79000091552734,105.0500030517578,100.88999938964844,104.08999633789062,348566.0,1.68,294.913,123.2974,26.17,2.99,0,,,,,,TRAIN
2022-07-12,1.004752516746521,1.007384181022644,1.0001100301742554,1.004752516746521,0.0,1.18999445438385,1.191213607788086,1.1811256408691406,1.1900936365127563,0.0,1734.199951171875,1735.5,1723.300048828125,1723.300048828125,451.0,103.45999908447266,103.48999786376952,95.3499984741211,95.83999633789062,398552.0,1.68,294.913,123.4524,27.29,2.96,0,,,,,,TRAIN
2022-07-13,1.0033109188079834,1.011623501777649,0.9998899698257446,1.0033109188079834,0.0,1.1882693767547607,1.1959433555603027,1.1835299730300903,1.1877753734588623,0.0,1710.0,1734.199951171875,1710.0,1734.199951171875,368.0,95.88999938964844,97.95999908447266,93.66999816894533,96.3000030517578,347193.0,1.68,294.913,123.2834,26.82,2.91,0,,,,,,TRAIN
2022-07-14,1.0032706260681152,1.0049240589141846,0.995361626148224,1.0032706260681152,0.0,1.1861974000930786,1.1884106397628784,1.1763184070587158,1.186380386352539,0.0,1710.300048828125,1710.5,1704.5,1704.5,1289.0,96.56999969482422,97.0,90.55999755859376,95.77999877929688,387528.0,1.68,294.913,124.0622,26.4,2.96,0,,,,,,TRAIN
2022-07-15,1.0025665760040283,1.009795069694519,1.0010610818862915,1.0025665760040283,0.0,1.183866262435913,1.1873664855957031,1.1805957555770874,1.1839643716812134,0.0,1705.4000244140625,1709.699951171875,1701.0999755859375,1702.4000244140625,721.0,96.38999938964844,99.02999877929688,94.56999969482422,97.58999633789062,240766.0,1.68,294.913,123.4765,24.23,2.93,0,,,,,,TRAIN
2022-07-18,1.009631872177124,1.0198878049850464,1.008237361907959,1.009631872177124,0.0,1.188792109489441,1.203022003173828,1.187549710273743,1.1888344287872314,0.0,1712.199951171875,1712.4000244140625,1709.199951171875,1709.199951171875,264.0,97.2699966430664,102.8000030517578,95.8499984741211,102.5999984741211,84669.0,1.68,294.913,122.7727,25.3,2.96,0,,,,,,TRAIN
2022-07-19,1.0145177841186523,1.0268205404281616,1.0125659704208374,1.0145177841186523,0.0,1.195071578025818,1.2042824029922483,1.1929330825805664,1.194828748703003,0.0,1712.300048828125,1714.4000244140625,1706.0999755859375,1710.0,1684.0,102.0,104.45999908447266,99.8499984741211,104.22000122070312,63149.0,1.68,294.913,122.4819,24.5,3.01,0,,,,,,TRAIN
2022-07-20,1.0231330394744873,1.0271897315979004,1.0175942182540894,1.0231330394744873,0.0,1.2004225254058838,1.203659176826477,1.195828914642334,1.2003505229949951,0.0,1707.0999755859375,1708.5,1699.5,1699.5,130.0,103.5999984741211,104.38999938964844,101.51000213623048,102.26000213623048,315620.0,1.68,294.913,122.5997,23.88,3.04,0,,,,,,TRAIN
2022-07-21,1.0182781219482422,1.0275379419326782,1.016311764717102,1.0182781219482422,0.0,1.1966159343719482,1.2002352476119995,1.1893010139465332,1.1971746683120728,0.0,1687.0,1715.5,1679.800048828125,1712.699951171875,183.0,99.91000366210938,99.98999786376952,94.58999633789062,96.3499984741211,318911.0,1.68,294.913,122.9032,23.11,2.91,0,,,,,,TRAIN
2022-07-22,1.0221081972122192,1.025514841079712,1.0133970975875854,1.0221081972122192,0.0,1.1996880769729614,1.2064181566238403,1.1920230388641355,1.1996161937713623,0.0,1713.300048828125,1735.0,1713.0,1727.0999755859375,61.0,96.51000213623048,97.9499969482422,94.2300033569336,94.6999969482422,307568.0,1.68,294.913,122.451,23.03,2.77,0,,,,,,TRAIN
2022-07-25,1.0200231075286863,1.0256409645080566,1.0180604457855225,1.0200231075286863,0.0,1.198422908782959,1.208313226699829,1.1962151527404783,1.1986957788467407,0.0,1727.0,1732.0,1719.0,1719.0,67.0,95.0999984741211,96.94000244140624,93.01000213623048,96.6999969482422,278998.0,1.68,294.913,122.4594,23.36,2.81,0,,,,,,TRAIN
2022-07-26,1.022494912147522,1.0249052047729492,1.011398434638977,1.022494912147522,0.0,1.205763578414917,1.2092190980911257,1.1965444087982178,1.2055164575576782,0.0,1718.0,1718.0,1717.699951171875,1717.699951171875,1.0,96.33000183105467,99.0,94.76000213623048,94.9800033569336,310043.0,1.68,294.913,122.7581,24.69,2.81,0,,,,,,TRAIN
2022-07-27,1.0129557847976685,1.0171905755996704,1.0107442140579224,1.0129557847976685,0.0,1.203818440437317,1.2086637020111084,1.2022265195846558,1.2036880254745483,0.0,1719.0999755859375,1719.0999755859375,1719.0999755859375,1719.0999755859375,144865.0,95.5999984741211,98.58999633789062,94.3000030517578,97.26000213623048,321903.0,1.68,294.913,122.8169,23.24,2.78,0,,,,,,TRAIN
2022-07-28,1.0209290981292725,1.0233110189437866,1.0115723609924316,1.0209290981292725,0.0,1.216663479804993,1.2190513610839844,1.2104486227035522,1.2163082361221311,0.0,1732.300048828125,1755.0,1732.0,1750.300048828125,37236.0,98.16999816894533,99.83999633789062,96.04000091552734,96.41999816894533,318403.0,1.68,294.913,122.1161,22.33,2.68,0,,,,,,TRAIN
2022-07-29,1.0192328691482544,1.0253781080245972,1.014857530593872,1.0192328691482544,0.0,1.2174484729766846,1.224259853363037,1.2067092657089231,1.2173447608947754,0.0,1754.0,1765.699951171875,1750.0,1762.9000244140625,3485.0,97.3000030517578,101.87999725341795,96.41000366210938,98.62000274658205,349374.0,1.68,294.913,121.7678,21.33,2.67,0,,,,,,TRAIN
2022-08-01,1.0208247900009155,1.0277491807937622,1.0209603309631348,1.0208247900009155,0.0,1.2167818546295166,1.2291958332061768,1.2164857387542725,1.2167373895645142,0.0,1763.9000244140625,1772.5,1756.0999755859375,1769.0,705.0,98.45999908447266,98.6500015258789,92.41999816894533,93.88999938964844,365293.0,2.33,295.097,121.4109,22.84,2.6,0,,,,,,TRAIN
2022-08-02,1.0261356830596924,1.0293148756027222,1.0183714628219604,1.0261356830596924,0.0,1.2259559631347656,1.2278375625610352,1.218175172805786,1.2254151105880735,0.0,1772.0999755859375,1786.5999755859375,1759.4000244140625,1771.0999755859375,1078.0,93.75,96.47000122070312,92.58999633789062,94.41999816894533,328538.0,2.33,295.097,121.9486,23.93,2.75,0,,,,,,TRAIN
2022-08-03,1.015568733215332,1.020762324333191,1.0123199224472046,1.015568733215332,0.0,1.214786410331726,1.2207329273223877,1.2101556062698364,1.214299559593201,0.0,1756.699951171875,1770.5,1753.0,1758.0,399.0,93.83000183105467,96.56999969482422,90.37999725341795,90.66000366210938,395099.0,2.33,295.097,122.3888,21.95,2.73,0,,,,,,TRAIN
2022-08-04,1.015764594078064,1.0232481956481934,1.0155996084213257,1.015764594078064,0.0,1.2139458656311035,1.2195122241973877,1.2071754932403564,1.2138278484344482,0.0,1769.4000244140625,1792.0999755859375,1767.699951171875,1788.5,285.0,90.9499969482422,91.9000015258789,87.55000305175781,88.54000091552734,334931.0,2.33,295.097,121.8333,21.44,2.68,0,,,,,,TRAIN
2022-08-05,1.024779200553894,1.0249052047729492,1.014363408088684,1.024779200553894,0.0,1.21592378616333,1.2167521715164185,1.2007685899734497,1.215849757194519,0.0,1791.199951171875,1791.4000244140625,1764.199951171875,1772.9000244140625,645.0,88.05999755859375,90.76000213623048,87.01000213623047,89.01000213623047,350016.0,2.33,295.097,122.321,21.15,2.83,0,,,,,,TRAIN
2022-08-08,1.0170871019363403,1.0221813917160034,1.0160020589828491,1.0170871019363403,0.0,1.20638906955719,1.2135186195373535,1.2048628330230713,1.2059526443481443,0.0,1771.800048828125,1786.800048828125,1771.800048828125,1786.800048828125,127.0,88.45999908447266,90.88999938964844,87.22000122070312,90.76000213623048,340157.0,2.33,295.097,121.8783,21.29,2.77,0,,,,,,TRAIN
2022-08-09,1.0197629928588867,1.0246951580047607,1.0189213752746582,1.0197629928588867,0.0,1.208503007888794,1.2129298448562622,1.2068257331848145,1.208473801612854,0.0,1790.0,1796.0999755859375,1789.0,1794.0,249.0,90.69000244140624,92.6500015258789,89.05000305175781,90.5,347045.0,2.33,295.097,121.8614,21.77,2.8,0,,,,,,TRAIN
2022-08-10,1.0208144187927246,1.0369141101837158,1.0203040838241575,1.0208144187927246,0.0,1.2072628736495972,1.2274457216262815,1.206723928451538,1.207423210144043,0.0,1804.4000244140625,1804.9000244140625,1787.800048828125,1795.5999755859375,601.0,90.51000213623048,92.43000030517578,87.66000366210938,91.93000030517578,383766.0,2.33,295.097,120.7543,19.74,2.78,0,,,,,,TRAIN
2022-08-11,1.0300782918930054,1.036591649055481,1.0276330709457395,1.0300782918930054,0.0,1.2212845087051392,1.2248897552490234,1.2182939052581787,1.2212995290756226,0.0,1794.300048828125,1794.300048828125,1785.699951171875,1789.699951171875,1235.0,91.5500030517578,95.0500030517578,91.23999786376952,94.33999633789062,341234.0,2.33,295.097,120.7163,20.2,2.87,0,,,,,,TRAIN
2022-08-12,1.0316723585128784,1.0327378511428833,1.0239607095718384,1.0316723585128784,0.0,1.219660997390747,1.2210012674331665,1.2103606462478638,1.2196162939071655,0.0,1786.300048828125,1800.4000244140625,1784.300048828125,1798.5999755859375,187.0,94.08999633789062,94.80999755859376,91.16000366210938,92.08999633789062,264953.0,2.33,295.097,121.018,19.53,2.84,0,,,,,,TRAIN
2022-08-15,1.0256409645080566,1.0267151594161987,1.0182262659072876,1.0256409645080566,0.0,1.2129886150360107,1.2147716283798218,1.2051241397857666,1.2127974033355713,0.0,1799.0,1799.0,1774.699951171875,1781.4000244140625,64.0,91.94000244140624,92.0999984741211,86.81999969482422,89.41000366210938,275443.0,2.33,295.097,121.4315,19.95,2.79,0,,,,,,TRAIN
2022-08-16,1.0161981582641602,1.019440770149231,1.012340426445007,1.0161981582641602,0.0,1.2055600881576538,1.2116365432739258,1.200941562652588,1.205690860748291,0.0,1777.4000244140625,1777.4000244140625,1771.4000244140625,1773.199951171875,308.0,87.93000030517578,90.6500015258789,85.7300033569336,86.52999877929688,305366.0,2.33,295.097,121.6807,19.69,2.82,0,,,,,,TRAIN
2022-08-17,1.0170663595199585,1.019783854484558,1.014806032180786,1.0170663595199585,0.0,1.2096725702285769,1.2138131856918335,1.2029930353164673,1.209818959236145,0.0,1769.699951171875,1769.699951171875,1760.0,1760.300048828125,23.0,87.0999984741211,89.16000366210938,85.87999725341797,88.11000061035156,230346.0,2.33,295.097,122.0711,19.9,2.89,0,,,,,,TRAIN
2022-08-18,1.0180189609527588,1.0193679332733154,1.0113166570663452,1.0180189609527588,0.0,1.2045869827270508,1.2078169584274292,1.196888089179993,1.2045146226882937,0.0,1762.9000244140625,1762.9000244140625,1753.4000244140625,1755.300048828125,321.0,87.38999938964844,91.45999908447266,87.31999969482422,90.5,80029.0,2.33,295.097,122.3627,19.56,2.88,0,,,,,,TRAIN
2022-08-19,1.0089900493621826,1.011224627494812,1.003623127937317,1.0089900493621826,0.0,1.1933743953704834,1.1933743953704834,1.179328680038452,1.193274736404419,0.0,1753.699951171875,1754.300048828125,1747.5,1747.5999755859375,49.0,90.38999938964844,92.08999633789062,88.37999725341797,90.7699966430664,58714.0,2.33,295.097,123.0501,20.6,2.98,0,,,,,,TRAIN
2022-08-22,1.0035223960876465,1.0048232078552246,0.99277263879776,1.0035223960876465,0.0,1.1817677021026611,1.1838523149490356,1.1742602586746216,1.1818095445632937,0.0,1740.5,1740.5,1726.5,1734.0,347.0,89.6500015258789,91.26000213623048,86.5999984741211,90.2300033569336,352665.0,2.33,295.097,123.605,23.8,3.03,0,,,,,,TRAIN
2022-08-23,0.9939467906951904,1.0019036531448364,0.9903146624565125,0.9939467906951904,0.0,1.1767059564590454,1.187324047088623,1.172003149986267,1.1766505241394043,0.0,1738.0,1748.9000244140625,1731.9000244140625,1746.800048828125,509.0,90.5500030517578,94.22000122070312,90.41999816894533,93.73999786376952,285607.0,2.33,295.097,123.0547,24.11,3.05,0,,,,,,TRAIN
2022-08-24,0.9966909885406494,0.9998200535774232,0.9911981225013732,0.9966909885406494,0.0,1.1831519603729248,1.1865352392196655,1.1758756637573242,1.18327796459198,0.0,1745.0,1751.800048828125,1743.5999755859375,1747.800048828125,187.0,93.77999877929688,95.4000015258789,92.79000091552734,94.88999938964844,320388.0,2.33,295.097,123.109,22.82,3.11,0,,,,,,TRAIN
2022-08-25,0.9969095587730408,1.0030593872070312,0.995678722858429,0.9969095587730408,0.0,1.1790227890014648,1.1862958669662476,1.178592085838318,1.1791757345199585,0.0,1761.5999755859375,1761.800048828125,1755.0,1757.699951171875,172.0,95.3499984741211,95.76000213623048,92.29000091552734,92.5199966430664,279877.0,2.33,295.097,123.0586,21.78,3.03,0,,,,,,TRAIN
2022-08-26,0.9971283078193665,1.0088272094726562,0.994727909564972,0.9971283078193665,0.0,1.182592272758484,1.1900086402893066,1.175309181213379,1.1824007034301758,0.0,1754.0,1755.0,1736.0999755859375,1736.0999755859375,202.0,93.05999755859376,94.0199966430664,91.08000183105467,93.05999755859376,288392.0,2.33,295.097,123.0656,25.56,3.04,0,,,,,,TRAIN
2022-08-29,0.993867814540863,1.003109574317932,0.991493046283722,0.993867814540863,0.0,1.169180393218994,1.1742602586746216,1.164958119392395,1.1694538593292236,0.0,1732.4000244140625,1741.199951171875,1732.0999755859375,1736.5999755859375,950.0,92.95999908447266,97.37000274658205,92.29000091552734,97.01000213623048,283463.0,2.33,295.097,123.4686,26.21,3.12,0,,,,,,TRAIN
2022-08-30,1.0014019012451172,1.0052272081375122,0.998342752456665,1.0014019012451172,0.0,1.1721267700195312,1.1758065223693848,1.162304162979126,1.172250509262085,0.0,1736.4000244140625,1739.0,1720.699951171875,1723.199951171875,385.0,96.9000015258789,97.66000366210938,90.54000091552734,91.63999938964844,386272.0,2.33,295.097,123.6848,26.21,3.11,0,,,,,,TRAIN
2022-08-31,1.0025062561035156,1.0077394247055054,0.9971680045127868,1.0025062561035156,0.0,1.1660856008529663,1.1694538593292236,1.1600254774093628,1.1659767627716064,0.0,1718.300048828125,1720.9000244140625,1708.5,1712.800048828125,2133.0,92.30999755859376,92.7300033569336,88.2699966430664,89.55000305175781,344147.0,2.33,295.097,123.535,25.87,3.15,0,,,,,,TRAIN
2022-09-01,1.003905177116394,1.004580855369568,0.9917388558387756,1.003905177116394,0.0,1.15968918800354,1.1617100238800049,1.150324463844299,1.1598505973815918,0.0,1707.9000244140625,1707.9000244140625,1693.9000244140625,1696.5999755859375,683.0,88.83000183105469,89.62999725341797,85.9800033569336,86.61000061035156,305106.0,2.56,296.349,124.4006,25.56,3.26,0,,,,,,TRAIN
2022-09-02,0.995232880115509,1.0033310651779177,0.9951239228248596,0.995232880115509,0.0,1.1547343730926514,1.1588560342788696,1.1531364917755127,1.154894471168518,0.0,1703.4000244140625,1715.699951171875,1703.0999755859375,1709.800048828125,182.0,86.55999755859375,89.66000366210938,86.3499984741211,86.87000274658203,277533.0,2.56,296.349,123.7743,25.47,3.2,0,,,,,,TRAIN
2022-09-05,0.9909427762031556,0.9943521022796632,0.9880836606025696,0.9909427762031556,0.0,1.1478551626205444,1.1520737409591677,1.1445183753967283,1.1474601030349731,0.0,,,,,,,,,,,2.56,296.349,123.7743,25.99,3.2,0,,,,,,TRAIN
2022-09-06,0.9952229857444764,0.9985321760177612,0.9865143895149232,0.9952229857444764,0.0,1.1568851470947266,1.1607661247253418,1.1496235132217407,1.156644344329834,0.0,1709.699951171875,1717.4000244140625,1699.699951171875,1700.4000244140625,697.0,86.83999633789062,90.38999938964844,86.18000030517578,86.87999725341797,420255.0,2.56,296.349,124.767,26.91,3.33,0,,,,,,TRAIN
2022-09-07,0.98979514837265,0.9955201148986816,0.9877811670303344,0.98979514837265,0.0,1.1512778997421265,1.152365803718567,1.1409533023834229,1.151185154914856,0.0,1694.800048828125,1715.300048828125,1694.699951171875,1715.300048828125,651.0,86.93000030517578,87.76000213623047,81.5,81.94000244140625,380781.0,2.56,296.349,124.8408,24.64,3.27,0,,,,,,TRAIN
2022-09-08,0.9995701909065248,1.00290846824646,0.99334454536438,0.9995701909065248,0.0,1.152246356010437,1.1560158729553225,1.1461580991744995,1.1519808769226074,0.0,1718.199951171875,1718.199951171875,1705.300048828125,1708.0,1193.0,81.91000366210938,84.25,81.19999694824219,83.54000091552734,342763.0,2.56,296.349,124.578,23.61,3.29,0,,,,,,TRAIN
2022-09-09,1.0012015104293823,1.011224627494812,1.000930905342102,1.0012015104293823,0.0,1.1520471572875977,1.1648629903793335,1.1516624689102173,1.1521600484848022,0.0,1719.199951171875,1720.0,1712.800048828125,1716.199951171875,635.0,82.80000305175781,87.19999694824219,82.70999908447266,86.79000091552734,305188.0,2.56,296.349,123.7874,22.79,3.33,0,,,,,,TRAIN
2022-09-12,1.0071406364440918,1.0196797847747805,1.0064716339111328,1.0071406364440918,0.0,1.1618045568466189,1.171124815940857,1.1601735353469849,1.16193950176239,0.0,1727.4000244140625,1728.0999755859375,1727.4000244140625,1728.0999755859375,68.0,86.25,89.0999984741211,85.16000366210938,87.77999877929688,275104.0,2.56,296.349,123.3332,23.87,3.37,0,,,,,,TRAIN
2022-09-13,1.0129557847976685,1.018744945526123,0.9995802044868468,1.0129557847976685,0.0,1.1689754724502563,1.1737639904022217,1.1520339250564575,1.1689754724502563,0.0,1720.5,1720.5,1697.300048828125,1705.0,432.0,88.08999633789062,89.30999755859375,85.05999755859375,87.30999755859375,347998.0,2.56,296.349,124.4242,27.27,3.42,0,,,,,,TRAIN
2022-09-14,0.9982032775878906,1.0022751092910769,0.9963633418083192,0.9982032775878906,0.0,1.15035080909729,1.1589365005493164,1.1480792760849,1.1506155729293823,0.0,1698.699951171875,1701.800048828125,1696.5,1696.5,532.0,87.94000244140625,90.19000244140624,86.18000030517578,88.4800033569336,335381.0,2.56,296.349,124.4509,26.16,3.41,0,,,,,,TRAIN
2022-09-15,0.9984025359153748,1.0017931461334229,0.9957482218742372,0.9984025359153748,0.0,1.154294490814209,1.1548677682876587,1.1469862461090088,1.1544944047927856,0.0,1685.5,1686.0,1662.300048828125,1665.4000244140625,1125.0,88.91000366210938,89.1500015258789,84.52999877929688,85.0999984741211,235358.0,2.56,296.349,124.8843,26.27,3.45,0,,,,,,TRAIN
2022-09-16,0.9988313317298888,1.0035626888275146,0.994579553604126,0.9988313317298888,0.0,1.1454753875732422,1.148066163063049,1.1352670192718506,1.1452654600143433,0.0,1660.4000244140625,1674.9000244140625,1651.699951171875,1671.699951171875,464.0,85.16000366210938,86.58999633789062,84.2699966430664,85.11000061035156,87829.0,2.56,296.349,124.8794,26.3,3.45,0,,,,,,TRAIN
2022-09-19,1.002234935760498,1.002807855606079,0.996681034564972,1.002234935760498,0.0,1.1436413526535034,1.144164800643921,1.1355764865875244,1.1433144807815552,0.0,1661.800048828125,1669.4000244140625,1658.5,1666.199951171875,580.0,85.20999908447266,86.22000122070312,82.0999984741211,85.7300033569336,59626.0,2.56,296.349,125.0104,25.76,3.49,0,,,,,,TRAIN
2022-09-20,1.0029587745666504,1.0050251483917236,0.995708465576172,1.0029587745666504,0.0,1.1448458433151243,1.1460398435592651,1.1383945941925049,1.1443217992782593,0.0,1659.699951171875,1659.699951171875,1659.699951171875,1659.699951171875,2830.0,85.61000061035156,86.44999694824219,83.5199966430664,84.44999694824219,279813.0,2.56,296.349,125.1248,27.16,3.57,0,,,,,,TRAIN
2022-09-21,0.997078537940979,0.9974067807197572,0.9869135022163392,0.997078537940979,0.0,1.1380707025527954,1.1385631561279297,1.1306205987930298,1.138057827949524,0.0,1665.5,1680.0999755859375,1664.5999755859375,1664.5999755859375,2337.0,84.25,86.68000030517578,82.48999786376953,82.94000244140625,339683.0,2.56,296.349,125.7399,27.99,3.51,0,,,,,,TRAIN
2022-09-22,0.983071506023407,0.9906188249588012,0.9811038970947266,0.983071506023407,0.0,1.125517725944519,1.1362861394882202,1.1213151216506958,1.1255937814712524,0.0,1668.300048828125,1670.800048828125,1668.300048828125,1670.800048828125,973.0,83.06999969482422,86.0,82.4000015258789,83.48999786376953,303492.0,2.56,296.349,126.1667,27.35,3.7,0,,,,,,TRAIN
2022-09-23,0.9841550588607788,0.9852216839790344,0.9703933596611024,0.9841550588607788,0.0,1.1263036727905271,1.127344846725464,1.089858889579773,1.126417875289917,0.0,1667.0,1667.0,1645.300048828125,1645.300048828125,1224.0,83.54000091552734,83.91999816894531,78.04000091552734,78.73999786376953,334271.0,2.56,296.349,127.2853,29.92,3.69,0,,,,,,TRAIN
2022-09-26,0.968992292881012,0.9699885249137878,0.9582307934761048,0.968992292881012,0.0,1.07991361618042,1.091560125350952,1.0379042625427246,1.0797386169433594,0.0,1623.300048828125,1623.300048828125,1623.300048828125,1623.300048828125,1205.0,79.2300033569336,80.30999755859375,76.25,76.70999908447266,280927.0,2.56,296.349,128.4539,32.26,3.88,0,,,,,,TRAIN
2022-09-27,0.9623712301254272,0.9670057892799376,0.9594534635543824,0.9623712301254272,0.0,1.0770059823989868,1.0835410356521606,1.0738486051559448,1.077284336090088,0.0,1632.199951171875,1636.5999755859375,1626.699951171875,1626.699951171875,888.0,76.47000122070312,79.51000213623047,76.41999816894531,78.5,283614.0,2.56,296.349,128.4386,32.6,3.97,0,,,,,,TRAIN
2022-09-28,0.959619164466858,0.9686262011528016,0.954016387462616,0.959619164466858,0.0,1.072846293449402,1.0839638710021973,1.054162859916687,1.072754144668579,0.0,1620.4000244140625,1660.4000244140625,1620.4000244140625,1660.4000244140625,18311.0,78.08000183105469,82.33999633789062,76.55000305175781,82.1500015258789,324678.0,2.56,296.349,128.0884,30.18,3.72,0,,,,,,TRAIN
2022-09-29,0.9708172082901,0.9787322282791138,0.9638276100158693,0.9708172082901,0.0,1.0834587812423706,1.1065618991851809,1.0764493942260742,1.0835996866226196,0.0,1657.0,1662.5999755859375,1640.0,1658.5,6028.0,81.9000015258789,82.94000244140625,80.33999633789062,81.2300033569336,286126.0,2.56,296.349,127.5437,31.84,3.76,0,,,,,,TRAIN
2022-09-30,0.9829555749893188,0.9849985241889954,0.9736055731773376,0.9829555749893188,0.0,1.116183519363403,1.1233935356140137,1.1026816368103027,1.1169440746307373,0.0,1661.699951171875,1672.699951171875,1658.0,1662.4000244140625,548.0,81.73999786376953,82.55999755859375,79.13999938964844,79.48999786376953,253154.0,2.56,296.349,127.5148,31.62,3.83,0,,,,,,TRAIN
2022-10-03,0.9792688488960266,0.9844263195991516,0.9753623604774476,0.9792688488960266,0.0,1.1136478185653689,1.1332343816757202,1.108794927597046,1.114057183265686,0.0,1667.199951171875,1700.0,1661.9000244140625,1692.9000244140625,410.0,81.0199966430664,84.55999755859375,80.87000274658203,83.62999725341797,287168.0,3.08,298.007,127.0813,30.1,3.67,0,,,,,,TRAIN
2022-10-04,0.983206868171692,0.998013973236084,0.9806710481643676,0.983206868171692,0.0,1.1339668035507202,1.1445969343185425,1.1282224655151367,1.1334141492843628,0.0,1701.199951171875,1728.0,1696.0,1721.0999755859375,291.0,83.22000122070312,86.9800033569336,83.22000122070312,86.5199966430664,302549.0,3.08,298.007,126.1819,29.07,3.62,0,,,,,,TRAIN
2022-10-05,0.998432457447052,0.999420404434204,0.9835453629493712,0.998432457447052,0.0,1.145055651664734,1.149491310119629,1.1227755546569824,1.1451343297958374,0.0,1724.0999755859375,1726.5999755859375,1703.0,1711.4000244140625,418.0,86.37000274658203,88.41999816894531,85.41999816894531,87.76000213623047,329790.0,3.08,298.007,126.8616,28.55,3.76,0,,,,,,TRAIN
2022-10-06,0.9910998940467834,0.9926347136497498,0.978933334350586,0.9910998940467834,0.0,1.135589361190796,1.1383427381515503,1.1120378971099854,1.13553786277771,0.0,1721.0,1723.300048828125,1709.0999755859375,1711.699951171875,133.0,88.08000183105469,89.06999969482422,87.04000091552734,88.44999694824219,235296.0,3.08,298.007,127.2493,30.52,3.83,0,,,,,,TRAIN
2022-10-07,0.9789045453071594,0.9816046953201294,0.9731696844100952,0.9789045453071594,0.0,1.1165200471878052,1.122372269630432,1.1092008352279663,1.1162084341049194,0.0,1710.0999755859375,1710.0999755859375,1693.699951171875,1700.5,179.0,88.93000030517578,93.30999755859376,88.0,92.63999938964844,429162.0,3.08,298.007,127.3111,31.36,3.89,0,,,,,,TRAIN
2022-10-10,0.9735012650489808,0.9752291440963744,0.96825110912323,0.9735012650489808,0.0,1.107444167137146,1.111086368560791,1.102353572845459,1.1072726249694824,0.0,1693.4000244140625,1693.4000244140625,1667.0,1667.300048828125,195.0,93.4800033569336,93.63999938964844,90.54000091552734,91.12999725341795,289508.0,3.08,298.007,127.3111,32.45,3.89,0,,,,,,TRAIN
2022-10-11,0.9710057377815248,0.975809633731842,0.9673987030982972,0.9710057377815248,0.0,1.10784912109375,1.117131233215332,1.1001826524734497,1.107640504837036,0.0,1661.800048828125,1678.699951171875,1661.0,1678.699951171875,167.0,91.13999938964844,91.3499984741211,87.91000366210938,89.3499984741211,333158.0,3.08,298.007,127.6641,33.63,3.93,0,,,,,,TRAIN
2022-10-12,0.9700167775154114,0.9733022451400756,0.9669683575630188,0.9700167775154114,0.0,1.0967799425125122,1.109865665435791,1.0926454067230225,1.0967799425125122,0.0,1668.0,1672.699951171875,1668.0,1670.300048828125,149.0,88.66999816894531,90.06999969482422,86.27999877929688,87.2699966430664,332271.0,3.08,298.007,128.1481,33.57,3.91,0,,,,,,TRAIN
2022-10-13,0.9707984328269958,0.979508638381958,0.9635953307151794,0.9707984328269958,0.0,1.1099271774291992,1.1361957788467407,1.1058276891708374,1.11055588722229,0.0,1675.199951171875,1675.300048828125,1641.5,1670.0,729.0,87.08000183105469,89.66000366210938,85.55999755859375,89.11000061035156,298032.0,3.08,298.007,127.7286,31.94,3.97,0,,,,,,TRAIN
2022-10-14,0.975134015083313,0.9803825616836548,0.9709492325782776,0.975134015083313,0.0,1.1301478147506714,1.1358731985092163,1.1161960363388062,1.1303905248641968,0.0,1665.300048828125,1667.0,1640.0,1641.699951171875,82.0,89.2699966430664,89.7300033569336,85.19999694824219,85.61000061035156,237026.0,3.08,298.007,128.3325,32.02,4.0,0,,,,,,TRAIN
2022-10-17,0.973937451839447,0.9847074747085572,0.9724504947662354,0.973937451839447,0.0,1.1238733530044556,1.1438636779785156,1.1217050552368164,1.124416708946228,0.0,1650.199951171875,1657.0,1646.800048828125,1657.0,238.0,85.58999633789062,87.12000274658203,84.61000061035156,85.45999908447266,172020.0,3.08,298.007,127.6448,31.37,4.02,0,,,,,,TRAIN
2022-10-18,0.9846396446228028,0.9873617887496948,0.9814602136611938,0.9846396446228028,0.0,1.135524868965149,1.1412007808685305,1.1258091926574707,1.1353960037231443,0.0,1651.4000244140625,1655.199951171875,1649.0,1649.0,597.0,85.69999694824219,86.51000213623047,82.08999633789062,82.81999969482422,97304.0,3.08,298.007,127.9153,30.5,4.01,0,,,,,,TRAIN
2022-10-19,0.9863878488540648,0.9866993427276612,0.9760192036628724,0.9863878488540648,0.0,1.1339540481567385,1.1349835395812988,1.122246265411377,1.134429931640625,0.0,1637.5,1637.5,1627.5,1627.5,84.0,83.69000244140625,86.19999694824219,82.58999633789062,85.55000305175781,71309.0,3.08,298.007,128.3968,30.76,4.14,0,,,,,,TRAIN
2022-10-20,0.9766482710838318,0.9845135807991028,0.9755526185035706,0.9766482710838318,0.0,1.1209505796432495,1.1333242654800415,1.1173683404922483,1.1211013793945312,0.0,1622.800048828125,1641.4000244140625,1622.800048828125,1630.800048828125,477.0,85.94000244140625,88.16999816894531,85.22000122070312,85.9800033569336,338344.0,3.08,298.007,128.0052,29.98,4.24,0,,,,,,TRAIN
2022-10-21,0.9778899550437928,0.9856975078582764,0.9707323908805848,0.9778899550437928,0.0,1.122536063194275,1.1293182373046875,1.106378197669983,1.1221455335617063,0.0,1634.0999755859375,1653.9000244140625,1634.0999755859375,1651.0,224.0,85.06999969482422,85.9000015258789,83.1500015258789,85.05000305175781,272803.0,3.08,298.007,127.6735,29.69,4.21,0,,,,,,TRAIN
2022-10-24,0.9860085844993592,0.9889631271362304,0.9808922410011292,0.9860085844993592,0.0,1.1336454153060913,1.1379801034927368,1.127484679222107,1.1344685554504397,0.0,1662.699951171875,1662.699951171875,1648.699951171875,1648.699951171875,29.0,85.23999786376953,85.91999816894531,82.62999725341797,84.58000183105469,250726.0,3.08,298.007,128.0304,29.85,4.25,0,,,,,,TRAIN
2022-10-25,0.9886503219604492,0.9975360631942748,0.9852216839790344,0.9886503219604492,0.0,1.1305439472198486,1.1499539613723757,1.1273703575134275,1.1307740211486816,0.0,1648.199951171875,1652.800048828125,1637.300048828125,1652.800048828125,880.0,84.87999725341797,86.02999877929688,83.05999755859375,85.31999969482422,240441.0,3.08,298.007,127.3771,28.46,4.1,0,,,,,,TRAIN
2022-10-26,0.9963731169700624,1.0080543756484983,0.9944608211517334,0.9963731169700624,0.0,1.1460660696029663,1.162358283996582,1.1434190273284912,1.146223783493042,0.0,1649.800048828125,1667.0,1649.800048828125,1664.0,89.0,85.06999969482422,88.41000366210938,84.13999938964844,87.91000366210938,287182.0,3.08,298.007,126.4723,27.28,4.04,0,,,,,,TRAIN
2022-10-27,1.009193778038025,1.0094891786575315,0.9976455569267272,1.009193778038025,0.0,1.1633453369140625,1.16441547870636,1.1550945043563845,1.1638191938400269,0.0,1660.699951171875,1660.699951171875,1660.699951171875,1660.699951171875,2298.0,88.26000213623047,89.79000091552734,87.33000183105469,89.08000183105469,292556.0,3.08,298.007,126.7028,27.39,3.96,0,,,,,,TRAIN
2022-10-28,0.9967803955078124,0.9998999834060668,0.993147313594818,0.9967803955078124,0.0,1.156738042831421,1.1600120067596436,1.1506155729293823,1.1566041707992554,0.0,1661.0,1661.0,1638.699951171875,1639.5999755859375,626.0,88.66999816894531,88.76000213623047,87.08000183105469,87.9000015258789,263404.0,3.08,298.007,127.2135,25.75,4.02,0,,,,,,TRAIN
2022-10-31,0.9955002665519714,0.9968101382255554,0.9873520135879515,0.9955002665519714,0.0,1.1600793600082395,1.1613322496414185,1.1479870080947876,1.159595012664795,0.0,1641.800048828125,1641.800048828125,1633.4000244140625,1635.9000244140625,522.0,88.38999938964844,88.6500015258789,85.30000305175781,86.52999877929688,285342.0,3.08,298.007,127.6219,25.88,4.1,0,,,,,,TRAIN
2022-11-01,0.9886307716369628,0.9951634407043456,0.9862127304077148,0.9886307716369628,0.0,1.1471836566925049,1.1565239429473877,1.1446754932403564,1.146815299987793,0.0,1630.800048828125,1653.699951171875,1630.800048828125,1645.0,985.0,86.43000030517578,89.44999694824219,85.91999816894531,88.37000274658203,274321.0,3.78,298.786,127.3987,25.81,4.07,0,,,,,,TRAIN
2022-11-02,0.9877909421920776,0.9913553595542908,0.9867576956748962,0.9877909421920776,0.0,1.1492139101028442,1.152737736701965,1.1458560228347778,1.1489498615264893,0.0,1650.800048828125,1664.699951171875,1634.0,1645.699951171875,612.0,88.62000274658203,90.36000061035156,87.72000122070312,90.0,280961.0,3.78,298.786,127.3115,25.86,4.1,0,,,,,,TRAIN
2022-11-03,0.9814409017562866,0.9839614629745485,0.9731224179267884,0.9814409017562866,0.0,1.1382261514663696,1.1421784162521362,1.1162582635879517,1.1384334564208984,0.0,1629.199951171875,1629.199951171875,1615.0999755859375,1627.300048828125,1427.0,89.3499984741211,89.66999816894531,87.5999984741211,88.16999816894531,239816.0,3.78,298.786,128.1743,25.3,4.14,0,,,,,,TRAIN
2022-11-04,0.9749630093574524,0.993818461894989,0.9748489260673524,0.9749630093574524,0.0,1.1170812845230105,1.133375644683838,1.1163331270217896,1.1171187162399292,0.0,1630.199951171875,1674.5,1629.0,1672.5,159.0,87.9000015258789,92.87000274658205,87.81999969482422,92.61000061035156,354060.0,3.78,298.786,127.1468,24.55,4.17,0,,,,,,TRAIN
2022-11-07,0.9928810596466064,1.0005003213882446,0.9919454455375672,0.9928810596466064,0.0,1.1337867975234983,1.148316502571106,1.1295350790023804,1.1331573724746704,0.0,1676.9000244140625,1677.9000244140625,1672.9000244140625,1676.5,42.0,91.0,93.73999786376952,90.4000015258789,91.79000091552734,322419.0,3.78,298.786,126.3062,24.35,4.22,0,,,,,,TRAIN
2022-11-08,1.0018634796142578,1.0094178915023804,0.9976056814193726,1.0018634796142578,0.0,1.1513441801071167,1.1597565412521362,1.1431314945220947,1.1517950296401978,0.0,1703.199951171875,1712.0999755859375,1703.199951171875,1712.0999755859375,23.0,91.87000274658205,92.16999816894533,88.5199966430664,88.91000366210938,344223.0,3.78,298.786,125.633,25.54,4.14,0,,,,,,TRAIN
2022-11-09,1.008084774017334,1.0088781118392944,1.0012515783309937,1.008084774017334,0.0,1.1548811197280884,1.1566845178604126,1.1359248161315918,1.1552680730819702,0.0,1707.4000244140625,1720.199951171875,1706.0,1710.0999755859375,497.0,88.56999969482422,89.23999786376953,85.5,85.83000183105469,388301.0,3.78,298.786,125.9861,26.09,4.12,0,,,,,,TRAIN
2022-11-10,1.0019538402557373,1.018298864364624,0.9937788844108582,1.0019538402557373,0.0,1.1369062662124634,1.1682789325714111,1.1365057229995728,1.1368157863616943,0.0,1708.199951171875,1750.300048828125,1708.199951171875,1750.300048828125,325.0,85.8499984741211,87.3499984741211,84.69999694824219,86.47000122070312,340007.0,3.78,298.786,124.7044,23.53,3.82,0,,,,,,TRAIN
2022-11-11,1.0192224979400637,1.0338374376296997,1.016621708869934,1.0192224979400637,0.0,1.1699190139770508,1.1799967288970947,1.164890170097351,1.1695632934570312,0.0,1763.800048828125,1766.0,1757.5999755859375,1766.0,257.0,86.2699966430664,90.0999984741211,86.18000030517578,88.95999908447266,301664.0,3.78,298.786,124.7044,22.52,3.82,0,,,,,,TRAIN
2022-11-14,1.0328551530838013,1.0350252389907837,1.0273585319519043,1.0328551530838013,0.0,1.179746150970459,1.182829976081848,1.1711933612823486,1.1799131631851196,0.0,1762.0,1773.5999755859375,1761.5999755859375,1773.5999755859375,358.0,89.0199966430664,89.83999633789062,85.1500015258789,85.87000274658203,315450.0,3.78,298.786,123.4277,23.73,3.88,0,,,,,,TRAIN
2022-11-15,1.0319278240203855,1.0475481748580933,1.031385064125061,1.0319278240203855,0.0,1.1752538681030271,1.200408101081848,1.1742877960205078,1.175249695777893,0.0,1770.800048828125,1773.800048828125,1769.9000244140625,1773.800048828125,57.0,85.25,88.68000030517578,84.05999755859375,86.91999816894531,331709.0,3.78,298.786,123.039,24.54,3.8,0,,,,,,TRAIN
2022-11-16,1.0357863903045654,1.0437324047088623,1.0336451530456543,1.0357863903045654,0.0,1.1881141662597656,1.1941438913345337,1.183249831199646,1.1880435943603516,0.0,1776.5999755859375,1778.9000244140625,1773.0,1773.0,303.0,86.88999938964844,87.51000213623047,84.19999694824219,85.58999633789062,225668.0,3.78,298.786,123.2817,24.11,3.67,0,,,,,,TRAIN
2022-11-17,1.039501070976257,1.040571928024292,1.0309491157531738,1.039501070976257,0.0,1.1918951272964478,1.1955716609954834,1.1764705181121826,1.191525936126709,0.0,1763.0,1763.0,1756.0,1760.800048828125,18.0,85.22000122070312,85.44999694824219,81.4000015258789,81.63999938964844,138476.0,3.78,298.786,123.977,23.93,3.77,0,,,,,,TRAIN
2022-11-18,1.036172866821289,1.0395874977111816,1.0328017473220823,1.036172866821289,0.0,1.1859441995620728,1.1950000524520874,1.1859301328659058,1.1860145330429075,0.0,1763.300048828125,1763.300048828125,1747.5999755859375,1751.9000244140625,414.0,82.08999633789062,82.63999938964844,77.23999786376953,80.08000183105469,96583.0,3.78,298.786,123.8524,23.12,3.82,0,,,,,,TRAIN
2022-11-21,1.0330898761749268,1.0333247184753418,1.022704005241394,1.0330898761749268,0.0,1.1886649131774902,1.1887637376785278,1.178050518035889,1.1886366605758667,0.0,1739.0,1744.9000244140625,1736.0999755859375,1737.4000244140625,544.0,80.30000305175781,80.30000305175781,75.08000183105469,79.7300033569336,475104.0,3.78,298.786,124.7009,22.36,3.83,0,,,,,,TRAIN
2022-11-22,1.0245691537857056,1.0290182828903198,1.0243382453918457,1.0245691537857056,0.0,1.1824523210525513,1.1902211904525757,1.1823126077651978,1.1827600002288818,0.0,1741.699951171875,1741.699951171875,1738.300048828125,1738.300048828125,15.0,80.22000122070312,82.36000061035156,79.8499984741211,80.94999694824219,269615.0,3.78,298.786,124.2365,21.29,3.76,0,,,,,,TRAIN
2022-11-23,1.0311086177825928,1.0382059812545776,1.0298130512237549,1.0311086177825928,0.0,1.1898953914642334,1.207831621170044,1.1873382329940796,1.1894567012786863,0.0,1736.5,1750.9000244140625,1736.5,1744.9000244140625,39.0,81.08000183105469,81.94999694824219,76.83000183105469,77.94000244140625,379145.0,3.78,298.786,123.7574,20.35,3.71,0,,,,,,TRAIN
2022-11-24,1.04162335395813,1.0448229312896729,1.0383676290512085,1.04162335395813,0.0,1.2078461647033691,1.2154213190078735,1.2060543298721311,1.2073503732681274,0.0,,,,,,,,,,,3.78,298.786,123.7574,20.42,3.71,0,,,,,,TRAIN
2022-11-25,1.040810227394104,1.04290509223938,1.0356147289276123,1.040810227394104,0.0,1.2110203504562378,1.2130005359649658,1.2061853408813477,1.2113430500030518,0.0,1753.0,1757.9000244140625,1749.199951171875,1753.300048828125,216.0,77.51000213623047,79.9000015258789,76.22000122070312,76.27999877929688,266451.0,3.78,298.786,123.3386,20.5,3.68,0,,,,,,TRAIN
2022-11-28,1.0367528200149536,1.0496704578399658,1.0342438220977783,1.0367528200149536,0.0,1.2060543298721311,1.211798071861267,1.2022699117660522,1.2054728269577026,0.0,1741.300048828125,1741.300048828125,1740.0999755859375,1740.0999755859375,132767.0,75.93000030517578,77.83999633789062,73.5999984741211,77.23999786376953,405033.0,3.78,298.786,123.6032,22.21,3.69,0,,,,,,TRAIN
2022-11-29,1.034554123878479,1.039414644241333,1.032545804977417,1.034554123878479,0.0,1.1963152885437012,1.2063744068145752,1.1954858303070068,1.1960291862487793,0.0,1739.5,1758.199951171875,1737.9000244140625,1748.4000244140625,19416.0,76.54000091552734,79.6500015258789,76.29000091552734,78.19999694824219,381869.0,3.78,298.786,123.6615,21.89,3.75,0,,,,,,TRAIN
2022-11-30,1.0324499607086182,1.0394577980041504,1.0292301177978516,1.0324499607086182,0.0,1.19438636302948,1.202747106552124,1.1903769969940186,1.1946860551834106,0.0,1748.0999755859375,1769.4000244140625,1745.0999755859375,1746.0,3339.0,79.0,81.37999725341797,78.4000015258789,80.55000305175781,287534.0,3.78,298.786,123.5175,20.58,3.68,0,,,,,,TRAIN
2022-12-01,1.042535424232483,1.053141474723816,1.0397928953170776,1.042535424232483,0.0,1.2075544595718384,1.2296946048736572,1.2073649168014526,1.207749843597412,0.0,1768.699951171875,1803.699951171875,1768.699951171875,1801.0999755859375,1053.0,80.4000015258789,83.33999633789062,79.93000030517578,81.22000122070312,321432.0,4.1,298.832,122.0045,19.84,3.53,0,,,,,,TRAIN
2022-12-02,1.052842140197754,1.0545185804367063,1.0434166193008425,1.052842140197754,0.0,1.2254451513290403,1.229649305343628,1.213916301727295,1.2259259223937988,0.0,1802.0,1802.300048828125,1779.4000244140625,1795.9000244140625,1725.0,81.47000122070312,82.22000122070312,79.6500015258789,79.9800033569336,280235.0,4.1,298.832,122.0102,19.06,3.51,0,,,,,,TRAIN
2022-12-05,1.0544185638427734,1.0594117641448977,1.0492409467697144,1.0544185638427734,0.0,1.229755163192749,1.2344764471054075,1.2165449857711792,1.2297248840332031,0.0,1795.699951171875,1808.0,1764.300048828125,1767.4000244140625,1713.0,79.98999786376953,82.72000122070312,76.7699966430664,76.93000030517578,346657.0,4.1,298.832,122.6384,20.75,3.6,0,,,,,,TRAIN
2022-12-06,1.0496923923492432,1.0532081127166748,1.0477018356323242,1.0496923923492432,0.0,1.2193634510040283,1.2263318300247192,1.215894103050232,1.2192445993423462,0.0,1768.5999755859375,1779.4000244140625,1767.9000244140625,1769.300048828125,105.0,77.3499984741211,77.87999725341797,73.41000366210938,74.25,380598.0,4.1,298.832,123.0191,22.17,3.51,0,,,,,,TRAIN
2022-12-07,1.0469011068344116,1.0546187162399292,1.0443755388259888,1.0469011068344116,0.0,1.213386058807373,1.2223743200302124,1.210785746574402,1.213300704956055,0.0,1769.300048828125,1790.300048828125,1769.300048828125,1785.5,422.0,74.55000305175781,75.37999725341797,71.75,72.01000213623047,392236.0,4.1,298.832,122.7608,22.68,3.42,0,,,,,,TRAIN
2022-12-08,1.051325798034668,1.0563119649887085,1.049163818359375,1.051325798034668,0.0,1.221344232559204,1.2246646881103516,1.2156428098678589,1.2212398052215576,0.0,1782.0,1790.9000244140625,1782.0,1788.699951171875,713.0,72.37999725341797,75.44000244140625,71.12000274658203,71.45999908447266,474459.0,4.1,298.832,122.4152,22.29,3.48,0,,,,,,TRAIN
2022-12-09,1.0559661388397217,1.0588396787643433,1.0520004034042358,1.0559661388397217,0.0,1.223481059074402,1.2323466539382937,1.2222847938537598,1.2236007452011108,0.0,1794.9000244140625,1804.300048828125,1791.0999755859375,1798.0999755859375,125.0,71.8499984741211,72.91999816894531,70.08000183105469,71.0199966430664,356722.0,4.1,298.832,122.4201,22.83,3.57,0,,,,,,TRAIN
2022-12-12,1.0522217750549316,1.0579211711883545,1.0507071018218994,1.0522217750549316,0.0,1.2236756086349487,1.23001229763031,1.221344232559204,1.2239153385162354,0.0,1787.300048828125,1793.9000244140625,1777.699951171875,1780.5,85.0,71.79000091552734,73.98999786376953,70.25,73.16999816894531,323553.0,4.1,298.832,122.7714,25.0,3.61,0,,,,,,TRAIN
2022-12-13,1.0541739463806152,1.066894292831421,1.0529308319091797,1.0541739463806152,0.0,1.2270089387893677,1.244152545928955,1.225144863128662,1.2270842790603638,0.0,1780.699951171875,1819.800048828125,1780.5,1813.9000244140625,205.0,73.29000091552734,76.37000274658203,73.20999908447266,75.38999938964844,352858.0,4.1,298.832,121.8493,22.55,3.51,0,,,,,,TRAIN
2022-12-14,1.062665343284607,1.0669853687286377,1.0620108842849731,1.062665343284607,0.0,1.235559344291687,1.2422051429748535,1.2343850135803225,1.235666275024414,0.0,1810.800048828125,1812.800048828125,1797.9000244140625,1807.5,1074.0,75.2699966430664,77.75,74.9000015258789,77.27999877929688,292488.0,4.1,298.832,121.8226,21.14,3.49,0,,,,,,TRAIN
2022-12-15,1.0676347017288208,1.0725586414337158,1.0607378482818604,1.0676347017288208,0.0,1.2419275045394895,1.2425447702407837,1.2204350233078003,1.2419428825378418,0.0,1801.0,1801.0,1774.800048828125,1777.199951171875,421.0,77.37000274658203,77.7699966430664,75.33000183105469,76.11000061035156,224663.0,4.1,298.832,122.5519,22.83,3.44,0,,,,,,TRAIN
2022-12-16,1.064056158065796,1.0663254261016846,1.0599396228790283,1.064056158065796,0.0,1.2191256284713743,1.2222548723220823,1.2122387886047363,1.2189176082611084,0.0,1777.9000244140625,1791.4000244140625,1777.9000244140625,1790.0,206.0,76.37000274658203,76.56999969482422,73.33000183105469,74.29000091552734,99205.0,4.1,298.832,122.6505,22.62,3.48,0,,,,,,TRAIN
2022-12-19,1.05850350856781,1.0659003257751465,1.0577198266983032,1.05850350856781,0.0,1.216071605682373,1.224155068397522,1.212341547012329,1.2160272598266602,0.0,1791.5999755859375,1796.300048828125,1785.5999755859375,1787.699951171875,79.0,74.5,76.41000366210938,73.80999755859375,75.19000244140625,69348.0,4.1,298.832,122.5275,22.42,3.57,0,,,,,,TRAIN
2022-12-20,1.0614584684371948,1.065552830696106,1.058066725730896,1.0614584684371948,0.0,1.2156000137329102,1.221926212310791,1.2086929082870483,1.2153326272964478,0.0,1786.5,1821.4000244140625,1786.5,1815.9000244140625,51.0,75.69999694824219,76.75,74.30999755859375,76.08999633789062,254792.0,4.1,298.832,122.1357,21.48,3.69,0,,,,,,TRAIN
2022-12-21,1.062699317932129,1.0643506050109863,1.059703707695007,1.062699317932129,0.0,1.2189176082611084,1.2190364599227903,1.2071025371551514,1.2189176082611084,0.0,1817.4000244140625,1821.4000244140625,1814.4000244140625,1815.9000244140625,35.0,75.98999786376953,78.61000061035156,75.80000305175781,78.29000091552734,234624.0,4.1,298.832,122.2828,20.07,3.68,0,,,,,,TRAIN
2022-12-22,1.0610079765319824,1.065745830535889,1.05840265750885,1.0610079765319824,0.0,1.207729458808899,1.214624047279358,1.1994291543960571,1.2077397108078003,0.0,1818.0999755859373,1818.0999755859373,1785.0,1787.0,411.0,78.43000030517578,79.9000015258789,77.02999877929688,77.48999786376953,219142.0,4.1,298.832,122.2419,21.97,3.67,0,,,,,,TRAIN
2022-12-23,1.060333013534546,1.063117265701294,1.0587948560714722,1.060333013534546,0.0,1.2038909196853638,1.2090144157409668,1.2020530700683594,1.203992486000061,0.0,1794.300048828125,1802.800048828125,1794.0999755859375,1795.9000244140625,49.0,78.18000030517578,80.33000183105469,77.9800033569336,79.55999755859375,237711.0,4.1,298.832,121.9743,20.87,3.75,0,,,,,,TRAIN
2022-12-26,1.0667804479599,1.0637166500091553,1.060895323753357,1.0667804479599,0.0,1.206000566482544,1.2096140384674072,1.2054002285003662,1.206000566482544,0.0,,,,,,,,,,,4.1,298.832,121.9743,20.87,3.75,0,,,,,,TRAIN
2022-12-27,1.064022183418274,1.0668998956680298,1.0612443685531616,1.064022183418274,0.0,1.2083569765090942,1.2112256288528442,1.2003360986709597,1.208415389060974,0.0,1803.4000244140625,1826.300048828125,1803.4000244140625,1814.800048828125,69.0,79.9000015258789,81.18000030517578,79.16000366210938,79.52999877929688,199601.0,4.1,298.832,121.7539,21.65,3.84,0,,,,,,TRAIN
2022-12-28,1.0637166500091553,1.067429542541504,1.0613908767700195,1.0637166500091553,0.0,1.2027760744094849,1.212415099143982,1.2003360986709597,1.2027326822280884,0.0,1803.199951171875,1807.9000244140625,1803.0999755859373,1807.9000244140625,434.0,79.88999938964844,79.91999816894531,77.30000305175781,78.95999908447266,207717.0,4.1,298.832,122.0075,22.14,3.88,0,,,,,,TRAIN
2022-12-29,1.062925100326538,1.0670194625854492,1.0612331628799438,1.062925100326538,0.0,1.2032970190048218,1.2075835466384888,1.201547622680664,1.2028483152389526,0.0,1805.800048828125,1819.5,1805.800048828125,1819.5,277.0,78.81999969482422,78.81999969482422,76.79000091552734,78.4000015258789,199858.0,4.1,298.832,121.6577,21.44,3.83,0,,,,,,TRAIN
2022-12-30,1.066075325012207,1.0697933435440063,1.0639203786849976,1.066075325012207,0.0,1.2056617736816406,1.2106831073760986,1.2012734413146973,1.2056326866149902,0.0,1817.0,1822.300048828125,1816.800048828125,1819.699951171875,95.0,78.7300033569336,80.66999816894531,77.70999908447266,80.26000213623047,205909.0,4.1,298.832,121.4256,21.67,3.88,0,,,,,,TRAIN
2023-01-02,1.0709733963012695,1.071237325668335,1.0653257369995115,1.0709733963012695,0.0,1.212018370628357,1.212341547012329,1.2037605047225952,1.2120330333709717,0.0,,,,,,,,,,,4.33,300.42,121.4256,21.67,3.88,0,,,,,,TRAIN
2023-01-03,1.0677714347839355,1.068261981010437,1.052155375480652,1.0677714347839355,0.0,1.2064036130905151,1.208999752998352,1.1903769969940186,1.206287145614624,0.0,1836.199951171875,1839.699951171875,1836.199951171875,1839.699951171875,29.0,80.56999969482422,81.5,76.5999984741211,76.93000030517578,338520.0,4.33,300.42,122.0905,22.9,3.79,0,,,,,,TRAIN
2023-01-04,1.0546854734420776,1.063151240348816,1.0545964241027832,1.0546854734420776,0.0,1.1967735290527344,1.2086637020111084,1.1967735290527344,1.1969740390777588,0.0,1845.5999755859373,1859.0999755859373,1845.5999755859373,1852.800048828125,25.0,77.25,77.41999816894531,72.7300033569336,72.83999633789062,352434.0,4.33,300.42,121.5008,22.01,3.69,0,,,,,,TRAIN
2023-01-05,1.0606365203857422,1.06326425075531,1.0515578985214231,1.0606365203857422,0.0,1.205269455909729,1.2078169584274292,1.1878036260604858,1.2057054042816162,0.0,1855.199951171875,1855.199951171875,1834.800048828125,1834.800048828125,24.0,73.25,74.91999816894531,72.45999908447266,73.66999816894531,300731.0,4.33,300.42,122.1017,22.46,3.71,0,,,,,,TRAIN
2023-01-06,1.0522217750549316,1.062225103378296,1.0485258102416992,1.0522217750549316,0.0,1.1910291910171509,1.206752896308899,1.1844552755355835,1.1912277936935425,0.0,1838.4000244140625,1868.199951171875,1835.300048828125,1864.199951171875,26.0,73.97000122070312,75.47000122070312,73.23999786376953,73.7699966430664,258128.0,4.33,300.42,121.0852,21.13,3.55,0,,,,,,TRAIN
2023-01-09,1.0656323432922363,1.0759514570236206,1.0652804374694824,1.0656323432922363,0.0,1.2120771408081057,1.2207329273223877,1.2095261812210083,1.2116365432739258,0.0,1867.0,1880.0,1867.0,1872.699951171875,62.0,73.47000122070312,76.73999786376953,73.47000122070312,74.62999725341797,329290.0,4.33,300.42,120.1508,21.97,3.53,0,,,,,,TRAIN
2023-01-10,1.073318362236023,1.0756852626800537,1.0713175535202026,1.073318362236023,0.0,1.2184720039367676,1.219809651374817,1.2112549543380735,1.2184869050979614,0.0,1877.800048828125,1878.0999755859373,1871.5999755859373,1871.5999755859373,101.0,74.86000061035156,75.91999816894531,73.83999633789062,75.12000274658203,307430.0,4.33,300.42,120.2483,20.58,3.61,0,,,,,,TRAIN
2023-01-11,1.0738946199417114,1.077470064163208,1.0726851224899292,1.0738946199417114,0.0,1.2154507637023926,1.2177894115447998,1.210184931755066,1.2154507637023926,0.0,1873.0999755859373,1877.800048828125,1873.0999755859373,1874.5999755859373,1236.0,74.77999877929688,77.83999633789062,74.30999755859375,77.41000366210938,350891.0,4.33,300.42,120.1614,21.09,3.54,0,,,,,,TRAIN
2023-01-12,1.0766000747680664,1.0838346481323242,1.073802471160889,1.0766000747680664,0.0,1.216012477874756,1.2237355709075928,1.2097164392471311,1.215953350067139,0.0,1877.199951171875,1897.4000244140625,1877.199951171875,1895.5,59.0,77.69999694824219,79.16000366210938,77.0999984741211,78.38999938964844,307705.0,4.33,300.42,119.4218,18.83,3.43,0,,,,,,TRAIN
2023-01-13,1.0860239267349243,1.0867793560028076,1.0780625343322754,1.0860239267349243,0.0,1.2216426134109497,1.2246947288513184,1.2151849269866943,1.2217769622802734,0.0,1899.0,1920.9000244140625,1898.300048828125,1918.4000244140625,512.0,78.31999969482422,80.11000061035156,77.97000122070312,79.86000061035156,283539.0,4.33,300.42,119.1673,18.35,3.49,0,,,,,,TRAIN
2023-01-16,1.082461953163147,1.0875475406646729,1.080263614654541,1.082461953163147,0.0,1.2224639654159546,1.2288635969161987,1.2174336910247805,1.2226732969284058,0.0,,,,,,,,,,,4.33,300.42,119.1673,19.49,3.49,0,,,,,,TRAIN
2023-01-17,1.083012938499451,1.086909294128418,1.078702092170715,1.083012938499451,0.0,1.2208819389343262,1.2299820184707642,1.2170631885528564,1.2207776308059692,0.0,1920.0999755859373,1920.0999755859373,1905.199951171875,1907.199951171875,706.0,80.0999984741211,81.2300033569336,78.52999877929688,80.18000030517578,312275.0,4.33,300.42,119.2121,19.36,3.53,0,,,,,,TRAIN
2023-01-18,1.0793308019638062,1.0884472131729126,1.0767043828964231,1.0793308019638062,0.0,1.228365421295166,1.2433171272277832,1.225655436515808,1.228471040725708,0.0,1911.0999755859373,1911.0999755859373,1903.0999755859373,1904.4000244140625,1027.0,80.97000122070312,82.37999725341797,78.94000244140625,79.4800033569336,92549.0,4.33,300.42,119.0755,20.34,3.37,0,,,,,,TRAIN
2023-01-19,1.0797853469848633,1.0833063125610352,1.0782949924468994,1.0797853469848633,0.0,1.2346745729446411,1.2375471591949463,1.2313905954360962,1.234766125679016,0.0,1922.0999755859373,1931.800048828125,1922.0999755859373,1922.0999755859373,371.0,79.13999938964844,81.18000030517578,78.12999725341797,80.33000183105469,58863.0,4.33,300.42,119.6107,20.52,3.39,0,,,,,,TRAIN
2023-01-20,1.083388328552246,1.0856584310531616,1.0804619789123535,1.083388328552246,0.0,1.2392034530639648,1.2399994134902954,1.2336541414260864,1.239326238632202,0.0,1922.0999755859373,1928.5,1921.4000244140625,1926.4000244140625,1346.0,80.5999984741211,81.63999938964844,79.69000244140625,81.30999755859375,300145.0,4.33,300.42,119.3486,19.85,3.48,0,,,,,,TRAIN
2023-01-23,1.0864723920822144,1.0919533967971802,1.0847516059875488,1.086507797241211,0.0,1.2407255172729492,1.244926929473877,1.2324681282043457,1.240633249282837,0.0,1926.5,1927.0999755859373,1915.0,1927.0999755859373,218.0,81.79000091552734,82.63999938964844,81.05000305175781,81.62000274658203,297076.0,4.33,300.42,119.1434,19.81,3.52,0,,,,,,TRAIN
2023-01-24,1.0874292850494385,1.089680790901184,1.0839285850524902,1.0874292850494385,0.0,1.237930178642273,1.2413724660873413,1.2264971733093262,1.2379761934280396,0.0,1931.800048828125,1936.800048828125,1931.800048828125,1933.9000244140625,201.0,81.62000274658203,82.22000122070312,79.66000366210938,80.12999725341797,288207.0,4.33,300.42,119.0958,19.2,3.46,0,,,,,,TRAIN
2023-01-25,1.088814616203308,1.0922634601593018,1.0858116149902344,1.088814616203308,0.0,1.2332433462142944,1.2399102449417114,1.228561520576477,1.232923984527588,0.0,1941.199951171875,1941.199951171875,1939.800048828125,1941.199951171875,7.0,80.26000213623047,81.2300033569336,79.44999694824219,80.1500015258789,297234.0,4.33,300.42,118.9686,19.08,3.46,0,,,,,,TRAIN
2023-01-26,1.0922038555145264,1.0932546854019165,1.0851635932922363,1.0922038555145264,0.0,1.2411566972732544,1.2430853843688965,1.2345983982086182,1.2412492036819458,0.0,1936.5999755859373,1937.0999755859373,1927.0999755859373,1929.0999755859373,131.0,80.4800033569336,82.13999938964844,79.91999816894531,81.01000213623047,291060.0,4.33,300.42,119.021,18.73,3.49,0,,,,,,TRAIN
2023-01-27,1.0894432067871094,1.0901559591293335,1.0838816165924072,1.0894432067871094,0.0,1.2414957284927368,1.2419275045394895,1.234811782836914,1.2415266036987305,0.0,1928.5999755859373,1928.5999755859373,1928.5999755859373,1928.5999755859373,150902.0,81.22000122070312,82.4800033569336,79.04000091552734,79.68000030517578,367588.0,4.33,300.42,118.9223,18.51,3.52,0,,,,,,TRAIN
2023-01-30,1.0871455669403076,1.0915005207061768,1.0854581594467163,1.0871455669403076,0.0,1.2401254177093506,1.241757869720459,1.236873745918274,1.2400301694869995,0.0,1928.300048828125,1933.5999755859373,1920.300048828125,1922.9000244140625,27220.0,80.04000091552734,80.48999786376953,77.66000366210938,77.9000015258789,327426.0,4.33,300.42,118.8953,19.94,3.55,0,,,,,,TRAIN
2023-01-31,1.0850694179534912,1.0868383646011353,1.0804152488708496,1.0850694179534912,0.0,1.235223650932312,1.237011432647705,1.2286370992660522,1.2353609800338743,0.0,1923.0,1930.4000244140625,1900.5999755859373,1929.5,1910.0,77.91000366210938,79.25,76.55000305175781,78.87000274658203,312734.0,4.33,300.42,118.9802,19.4,3.52,0,,,,,,TRAIN
2023-02-01,1.0860947370529177,1.092442512512207,1.085293173789978,1.0860947370529177,0.0,1.2307844161987305,1.2347203493118286,1.2303149700164795,1.2308903932571411,0.0,1927.199951171875,1955.0,1922.0,1927.800048828125,2290.0,79.05999755859375,79.7300033569336,76.05000305175781,76.41000366210938,360859.0,4.57,301.45,118.6259,17.87,3.39,0,,,,,,TRAIN
2023-02-02,1.1012852191925049,1.102657437324524,1.088767170906067,1.1012852191925049,0.0,1.2388657331466677,1.2401869297027588,1.2240650653839111,1.2390038967132568,0.0,1952.300048828125,1959.0999755859373,1911.300048828125,1916.300048828125,748.0,76.79000091552734,77.23999786376953,74.97000122070312,75.87999725341797,339755.0,4.57,301.45,118.3421,18.73,3.4,0,,,,,,TRAIN
2023-02-03,1.09051251411438,1.094067931175232,1.0811045169830322,1.09051251411438,0.0,1.222195029258728,1.2266175746917725,1.206578254699707,1.222299575805664,0.0,1912.4000244140625,1917.0,1861.5,1862.9000244140625,992.0,75.91999816894531,78.0,73.0999984741211,73.38999938964844,413414.0,4.57,301.45,119.5095,18.33,3.53,0,,,,,,TRAIN
2023-02-06,1.079086184501648,1.0800302028656006,1.0718343257904053,1.079086184501648,0.0,1.204456448554993,1.2078461647033691,1.200638771057129,1.2045146226882937,0.0,1865.5999755859373,1880.0,1863.4000244140625,1866.199951171875,424.0,73.2300033569336,74.51000213623047,72.25,74.11000061035156,380028.0,4.57,301.45,120.541,19.43,3.63,0,,,,,,TRAIN
2023-02-07,1.0730764865875244,1.0745997428894043,1.0669511556625366,1.0730764865875244,0.0,1.2027181386947632,1.206000566482544,1.1963152885437012,1.2026747465133667,0.0,1870.0,1875.699951171875,1868.0,1871.699951171875,297.0,74.56999969482422,77.5999984741211,74.3499984741211,77.13999938964844,408279.0,4.57,301.45,120.3475,18.66,3.67,0,,,,,,TRAIN
2023-02-08,1.0729728937149048,1.0760208368301392,1.071684956550598,1.0729728937149048,0.0,1.2054728269577026,1.2110350131988523,1.2039633989334106,1.2054582834243774,0.0,1872.0999755859373,1880.4000244140625,1872.0999755859373,1877.4000244140625,230.0,77.48999786376953,78.56999969482422,77.08000183105469,78.47000122070312,353468.0,4.57,301.45,120.1436,19.63,3.63,0,,,,,,TRAIN
2023-02-09,1.0715816020965576,1.0790396928787231,1.0711569786071775,1.0715816020965576,0.0,1.207292079925537,1.2192445993423462,1.2057781219482422,1.2071462869644165,0.0,1875.300048828125,1884.5999755859373,1859.800048828125,1866.199951171875,223.0,78.44999694824219,78.83999633789062,76.5199966430664,78.05999755859375,324156.0,4.57,301.45,119.9781,20.71,3.67,0,,,,,,TRAIN
2023-02-10,1.0742292404174805,1.0751763582229614,1.0669283866882324,1.0742292404174805,0.0,1.2116659879684448,1.2138426303863523,1.2060399055480957,1.2116806507110596,0.0,1861.5999755859373,1863.5,1852.4000244140625,1862.800048828125,27.0,77.68000030517578,80.33000183105469,77.47000122070312,79.72000122070312,356062.0,4.57,301.45,120.1419,20.53,3.74,0,,,,,,TRAIN
2023-02-13,1.0677714347839355,1.0725010633468628,1.065723180770874,1.0677714347839355,0.0,1.2051241397857666,1.2143733501434326,1.2032536268234253,1.2052258253097534,0.0,1859.0,1861.0,1850.0,1851.9000244140625,569.0,79.94000244140625,80.62000274658203,78.44999694824219,80.13999938964844,301299.0,4.57,301.45,119.9828,20.34,3.72,0,,,,,,TRAIN
2023-02-14,1.073041915893555,1.0798436403274536,1.0709964036941528,1.073041915893555,0.0,1.2151259183883667,1.2257004976272583,1.212106466293335,1.215214490890503,0.0,1854.0999755859373,1862.0,1846.199951171875,1854.0,656.0,79.05999755859375,79.61000061035156,77.45999908447266,79.05999755859375,299938.0,4.57,301.45,119.9229,18.91,3.77,0,,,,,,TRAIN
2023-02-15,1.0735719203948977,1.0744600296020508,1.066598415374756,1.0735719203948977,0.0,1.2174781560897827,1.218145489692688,1.1991126537322998,1.2174336910247805,0.0,1842.0,1842.0,1828.199951171875,1834.199951171875,368.0,78.83000183105469,79.1500015258789,77.25,78.58999633789062,264486.0,4.57,301.45,120.4557,18.23,3.81,0,,,,,,TRAIN
2023-02-16,1.0691757202148438,1.0722250938415527,1.0655754804611206,1.0691757202148438,0.0,1.2041809558868408,1.207394003868103,1.1967161893844604,1.2039779424667358,0.0,1838.5999755859373,1843.699951171875,1827.199951171875,1842.0,222.0,78.54000091552734,79.54000091552734,77.91999816894531,78.48999786376953,117600.0,4.57,301.45,120.4651,20.17,3.86,0,,,,,,TRAIN
2023-02-17,1.0665756464004517,1.0681477785110474,1.0613795518875122,1.0665756464004517,0.0,1.1974613666534424,1.203137755393982,1.1916821002960205,1.197533130645752,0.0,1827.4000244140625,1842.199951171875,1818.4000244140625,1840.4000244140625,35.0,78.06999969482422,78.25,75.05999755859375,76.33999633789062,93267.0,4.57,301.45,120.5526,20.02,3.82,0,,,,,,TRAIN
2023-02-20,1.0684444904327393,1.070549249649048,1.0671560764312744,1.0684444904327393,0.0,1.202833890914917,1.2056472301483154,1.201547622680664,1.2029786109924316,0.0,,,,,,,,,,,4.57,301.45,120.5526,21.23,3.82,0,,,,,,TRAIN
2023-02-21,1.068261981010437,1.0695644617080688,1.0644866228103638,1.068261981010437,0.0,1.2037171125411987,1.214388132095337,1.199126958847046,1.2039200067520142,0.0,1842.5999755859373,1843.0,1833.0,1833.0,862.0,76.52999877929688,77.51000213623047,75.69000244140625,76.16000366210938,402351.0,4.57,301.45,120.6256,22.87,3.95,0,,,,,,TRAIN
2023-02-22,1.065200924873352,1.0665528774261477,1.061909317970276,1.065200924873352,0.0,1.2109909057617188,1.2135627269744873,1.2058508396148682,1.2109322547912598,0.0,1835.699951171875,1836.199951171875,1825.0999755859373,1832.0,278.0,76.11000061035156,76.55000305175781,73.80000305175781,73.94999694824219,332018.0,4.57,301.45,120.8389,22.29,3.93,0,,,,,,TRAIN
2023-02-23,1.0605803728103638,1.0630381107330322,1.0582010746002195,1.0605803728103638,0.0,1.204906344413757,1.2075399160385132,1.201345443725586,1.204993486404419,0.0,1826.4000244140625,1827.5,1818.0,1818.0,291.0,73.91999816894531,75.98999786376953,73.83000183105469,75.38999938964844,333838.0,4.57,301.45,121.0896,21.14,3.88,0,,,,,,TRAIN
2023-02-24,1.0598047971725464,1.0614246129989624,1.053774118423462,1.0598047971725464,0.0,1.201735258102417,1.204064965248108,1.193146586418152,1.2017786502838137,0.0,1808.800048828125,1808.800048828125,1808.800048828125,1808.800048828125,404.0,75.5999984741211,76.62999725341797,74.08999633789062,76.31999969482422,329254.0,4.57,301.45,121.5681,21.67,3.95,0,,,,,,TRAIN
2023-02-27,1.055475831031799,1.0618642568588257,1.0533522367477417,1.055475831031799,0.0,1.1951143741607666,1.205690860748291,1.1923214197158811,1.1952428817749023,0.0,1811.5999755859373,1817.5,1808.9000244140625,1817.0,829.0,76.41999816894531,76.81999969482422,74.98999786376953,75.68000030517578,266091.0,4.57,301.45,121.3941,20.95,3.92,0,,,,,,TRAIN
2023-02-28,1.0611205101013184,1.0645002126693726,1.058234691619873,1.0611205101013184,0.0,1.2063016891479492,1.2142553329467771,1.2027615308761597,1.2061562538146973,0.0,1808.0999755859373,1830.0,1808.0999755859373,1828.9000244140625,618.0,75.76000213623047,77.83000183105469,75.55000305175781,77.05000305175781,300093.0,4.57,301.45,121.3341,20.7,3.92,0,,,,,,TRAIN
2023-03-01,1.0577309131622314,1.0691070556640625,1.056568622589111,1.0577309131622314,0.0,1.203137755393982,1.2088243961334229,1.1966875791549685,1.2033549547195437,0.0,1827.0999755859373,1841.699951171875,1827.0999755859373,1837.699951171875,211.0,76.8499984741211,77.8499984741211,76.12000274658203,77.69000244140625,342121.0,4.65,301.821,120.6347,20.58,4.01,0,,,,,,TRAIN
2023-03-02,1.066894292831421,1.067270040512085,1.0583466291427612,1.066894292831421,0.0,1.2030364274978638,1.2036300897598269,1.1927623748779297,1.2029930353164673,0.0,1830.0,1836.300048828125,1830.0,1833.5,154.0,77.73999786376953,78.58999633789062,77.2300033569336,78.16000366210938,260331.0,4.65,301.821,121.1302,19.59,4.08,0,,,,,,TRAIN
2023-03-03,1.0599732398986816,1.062925100326538,1.0591312646865845,1.0599732398986816,0.0,1.1950429677963257,1.2018797397613523,1.1949286460876465,1.1951572895050049,0.0,1837.300048828125,1855.4000244140625,1837.300048828125,1847.699951171875,61.0,77.88999938964844,79.9000015258789,75.83000183105469,79.68000030517578,374201.0,4.65,301.821,120.7742,18.49,3.97,0,,,,,,TRAIN
2023-03-06,1.0626201629638672,1.0693814754486084,1.062304139137268,1.0626201629638672,0.0,1.203050971031189,1.20480477809906,1.1994434595108032,1.2028483152389526,0.0,1853.300048828125,1853.800048828125,1844.199951171875,1847.9000244140625,5.0,79.91999816894531,80.62999725341797,78.31999969482422,80.45999908447266,292351.0,4.65,301.821,120.485,18.61,3.98,0,,,,,,TRAIN
2023-03-07,1.0688328742980957,1.06963312625885,1.0571606159210205,1.0688328742980957,0.0,1.2026747465133667,1.2064036130905151,1.1852554082870483,1.202645778656006,0.0,1840.9000244140625,1840.9000244140625,1813.9000244140625,1813.9000244140625,450.0,80.5,80.94000244140625,77.05999755859375,77.58000183105469,398241.0,4.65,301.821,121.4623,19.59,3.97,0,,,,,,TRAIN
2023-03-08,1.05507493019104,1.0573283433914185,1.0526647567749023,1.05507493019104,0.0,1.1829419136047363,1.1857894659042358,1.180790901184082,1.1827740669250488,0.0,1811.5999755859373,1812.9000244140625,1811.5,1812.699951171875,75.0,77.31999969482422,77.7300033569336,76.11000061035156,76.66000366210938,335930.0,4.65,301.821,121.4511,19.11,3.98,0,,,,,,TRAIN
2023-03-09,1.0549525022506714,1.0586491823196411,1.053851842880249,1.0549525022506714,0.0,1.1849464178085327,1.1935452222824097,1.1833759546279907,1.185016632080078,0.0,1816.4000244140625,1829.300048828125,1815.5999755859373,1829.300048828125,332.0,76.5,78.05999755859375,75.43000030517578,75.72000122070312,349960.0,4.65,301.821,121.4458,22.61,3.93,0,,,,,,TRAIN
2023-03-10,1.0584698915481567,1.0698620080947876,1.0575743913650513,1.0584698915481567,0.0,1.1923925876617432,1.2109763622283936,1.1911568641662598,1.192250370979309,0.0,1852.300048828125,1868.5,1852.0,1862.0,248.0,75.6500015258789,77.11000061035156,74.7699966430664,76.68000030517578,371834.0,4.65,301.821,121.2421,24.8,3.7,0,,,,,,TRAIN
2023-03-13,1.0683646202087402,1.0737217664718628,1.0652350187301636,1.0683646202087402,0.0,1.2077147960662842,1.21761155128479,1.205153226852417,1.2079336643218994,0.0,1890.800048828125,1913.0999755859373,1875.0999755859373,1911.699951171875,503.0,76.5999984741211,77.47000122070312,72.30000305175781,74.80000305175781,457423.0,4.65,301.821,120.8897,26.52,3.55,0,,,,,,TRAIN
2023-03-14,1.0725010633468628,1.0747140645980835,1.0679652690887451,1.0725010633468628,0.0,1.2168114185333252,1.220211625099182,1.2141520977020264,1.2171372175216677,0.0,1912.199951171875,1912.199951171875,1901.0999755859373,1906.199951171875,107.0,74.69999694824219,74.9000015258789,70.77999877929688,71.33000183105469,432858.0,4.65,301.821,121.0141,23.73,3.64,0,,,,,,TRAIN
2023-03-15,1.0727657079696655,1.0760092735290527,1.052033543586731,1.0727657079696655,0.0,1.2151997089385986,1.218145489692688,1.2019087076187134,1.215214490890503,0.0,1903.9000244140625,1926.5999755859373,1898.5,1926.5999755859373,564.0,71.55999755859375,72.55999755859375,65.6500015258789,67.61000061035156,555164.0,4.65,301.821,122.1079,26.14,3.51,0,,,,,,TRAIN
2023-03-16,1.0583354234695437,1.063456416130066,1.0555092096328735,1.0583354234695437,0.0,1.2068257331848145,1.2116659879684448,1.2029350996017456,1.20692777633667,0.0,1909.9000244140625,1931.699951171875,1909.9000244140625,1919.0,394.0,68.22000122070312,69.37999725341797,65.70999908447266,68.3499984741211,327120.0,4.65,301.821,121.7221,22.99,3.56,0,,,,,,TRAIN
2023-03-17,1.0614134073257446,1.0669625997543335,1.0612106323242188,1.0614134073257446,0.0,1.2111802101135254,1.2176560163497925,1.210316777229309,1.2110495567321775,0.0,1946.0,1985.0999755859373,1946.0,1969.800048828125,82.0,68.26000213623047,69.63999938964844,65.16999816894531,66.73999786376953,152255.0,4.65,301.821,121.5643,25.51,3.39,0,,,,,,TRAIN
2023-03-20,1.0678855180740356,1.0730534791946411,1.0632416009902954,1.0678855180740356,0.0,1.21881365776062,1.2265123128890991,1.2168114185333252,1.218769073486328,0.0,1988.300048828125,2003.9000244140625,1968.9000244140625,1979.199951171875,389.0,66.62000274658203,67.69999694824219,64.12000274658203,67.63999938964844,76873.0,4.65,301.821,121.0141,24.15,3.47,0,,,,,,TRAIN
2023-03-21,1.071914792060852,1.0787253379821775,1.070491909980774,1.071914792060852,0.0,1.227475881576538,1.2281843423843384,1.2182939052581787,1.2276264429092407,0.0,1973.800048828125,1973.800048828125,1938.0,1938.0,47.0,67.62000274658203,69.5999984741211,66.7699966430664,69.33000183105469,409495.0,4.65,301.821,120.8958,21.38,3.59,0,,,,,,TRAIN
2023-03-22,1.0774236917495728,1.0801469087600708,1.0759514570236206,1.0774236917495728,0.0,1.222583532333374,1.2295737266540527,1.2209266424179075,1.2225087881088257,0.0,1946.800048828125,1974.0,1946.800048828125,1946.800048828125,50.0,69.4800033569336,71.30999755859375,68.88999938964844,70.9000015258789,337639.0,4.65,301.821,120.6217,22.26,3.48,0,,,,,,TRAIN
2023-03-23,1.0870392322540283,1.0928997993469238,1.0868619680404663,1.0870392322540283,0.0,1.2278677225112915,1.2342631816864014,1.2266627550125122,1.227973222732544,0.0,1990.5,1994.5999755859373,1990.5,1993.800048828125,33.0,69.94999694824219,71.66999816894531,69.13999938964844,69.95999908447266,335241.0,4.65,301.821,119.7587,22.61,3.38,0,,,,,,TRAIN
2023-03-24,1.0835057497024536,1.0839003324508667,1.0718917846679688,1.0835057497024536,0.0,1.2279430627822876,1.2289994955062866,1.2192296981811523,1.228154182434082,0.0,1991.699951171875,1995.4000244140625,1982.0999755859373,1982.0999755859373,19.0,69.51000213623047,70.37999725341797,66.81999969482422,69.26000213623047,380852.0,4.65,301.821,120.4598,21.74,3.38,0,,,,,,TRAIN
2023-03-27,1.077818512916565,1.0795999765396118,1.074806571006775,1.077818512916565,0.0,1.2241849899291992,1.2291052341461182,1.221985936164856,1.224600315093994,0.0,1957.199951171875,1957.199951171875,1952.4000244140625,1952.4000244140625,877.0,69.41999816894531,73.0999984741211,69.12999725341797,72.80999755859375,353598.0,4.65,301.821,120.2541,20.6,3.53,0,,,,,,TRAIN
2023-03-28,1.0807071924209597,1.08489990234375,1.0804035663604736,1.0807071924209597,0.0,1.2297248840332031,1.234903335571289,1.228199481964111,1.229755163192749,0.0,1972.4000244140625,1972.4000244140625,1972.4000244140625,1972.4000244140625,21.0,72.86000061035156,73.93000030517578,72.19000244140625,73.19999694824219,328472.0,4.65,301.821,119.7138,19.97,3.55,0,,,,,,TRAIN
2023-03-29,1.0839520692825315,1.0871999263763428,1.0821340084075928,1.0839520692825315,0.0,1.2336236238479614,1.2360023260116575,1.2304997444152832,1.2330456972122192,0.0,1966.0999755859373,1966.0999755859373,1966.0999755859373,1966.0999755859373,88563.0,73.61000061035156,74.37000274658203,72.76000213623047,72.97000122070312,312669.0,4.65,301.821,119.7258,19.12,3.57,0,,,,,,TRAIN
2023-03-30,1.0843634605407717,1.0923947095870972,1.0826963186264038,1.0843634605407717,0.0,1.2311177253723145,1.238359451293945,1.2295434474945068,1.2313603162765503,0.0,1965.9000244140625,1984.4000244140625,1954.9000244140625,1980.300048828125,10119.0,72.9800033569336,74.62999725341797,72.61000061035156,74.37000274658203,269743.0,4.65,301.821,119.4078,19.02,3.55,0,,,,,,TRAIN
2023-03-31,1.0904649496078491,1.0925856828689575,1.086059331893921,1.0904649496078491,0.0,1.238727569580078,1.2422668933868408,1.2345069646835327,1.238727569580078,0.0,1981.300048828125,1986.800048828125,1968.0,1969.0,957.0,74.37000274658203,75.72000122070312,73.7699966430664,75.66999816894531,304361.0,4.65,301.821,119.3602,18.7,3.48,0,,,,,,TRAIN
2023-04-03,1.080333590507507,1.0915720462799072,1.078934907913208,1.080333590507507,0.0,1.228893756866455,1.242004632949829,1.2276867628097534,1.228697419166565,0.0,1968.0999755859373,1991.699951171875,1950.0,1983.9000244140625,737.0,80.0999984741211,81.69000244140625,79.0,80.41999816894531,547126.0,4.83,302.845,119.3204,18.55,3.43,0,,,,,,TRAIN
2023-04-04,1.091226577758789,1.0971648693084717,1.088387966156006,1.091226577758789,0.0,1.2420971393585205,1.2520345449447632,1.239633560180664,1.2423131465911863,0.0,1984.5999755859373,2027.0999755859373,1979.0,2022.199951171875,811.0,80.44000244140625,81.80999755859375,79.61000061035156,80.70999908447266,343570.0,4.83,302.845,119.142,19.0,3.35,0,,,,,,TRAIN
2023-04-05,1.0960105657577517,1.0969241857528689,1.0905362367630005,1.0960105657577517,0.0,1.2499531507492063,1.2514704465866089,1.2436264753341677,1.249843716621399,0.0,2022.0999755859373,2033.800048828125,2013.5999755859373,2020.9000244140625,525.0,81.01000213623047,81.23999786376953,79.72000122070312,80.61000061035156,254974.0,4.83,302.845,119.2953,19.08,3.3,0,,,,,,TRAIN
2023-04-06,1.090334177017212,1.0930156707763672,1.0885539054870603,1.090334177017212,0.0,1.2464786767959597,1.248626470565796,1.241434097290039,1.2463078498840332,0.0,2022.199951171875,2023.300048828125,2005.0,2011.9000244140625,0.0,80.37000274658203,80.95999908447266,79.6500015258789,80.69999694824219,0.0,4.83,302.845,119.3072,18.4,3.3,0,,,,,,TRAIN
2023-04-07,1.0920130014419556,1.0925379991531372,1.0881037712097168,1.0920130014419556,0.0,1.2441060543060305,1.2456247806549072,1.2394338846206665,1.243900179862976,0.0,,,,,,,,,,,4.83,302.845,119.3547,18.4,3.39,0,,,,,,TRAIN
2023-04-10,1.0913575887680054,1.0918222665786743,1.0832475423812866,1.0913575887680054,0.0,1.243456244468689,1.2442762851715088,1.234872817993164,1.2431625127792358,0.0,2000.0,2006.5999755859373,1984.0,1989.0999755859373,652.0,80.5,81.22000122070312,79.61000061035156,79.73999786376953,264906.0,4.83,302.845,119.7948,18.97,3.41,0,,,,,,TRAIN
2023-04-11,1.086932897567749,1.0926692485809326,1.086802959442139,1.086932897567749,0.0,1.2395106554031372,1.245733380317688,1.2387735843658447,1.239218831062317,0.0,1991.4000244140625,2006.5,1991.4000244140625,2004.800048828125,68.0,79.87999725341797,81.58999633789062,79.37000274658203,81.52999877929688,309683.0,4.83,302.845,119.5248,19.1,3.43,0,,,,,,TRAIN
2023-04-12,1.0917507410049438,1.099855899810791,1.091524362564087,1.0917507410049438,0.0,1.2430081367492676,1.2483458518981934,1.2399563789367676,1.2431007623672483,0.0,2005.199951171875,2025.699951171875,2005.199951171875,2010.9000244140625,172.0,81.44000244140625,83.52999877929688,81.27999877929688,83.26000213623047,356133.0,4.83,302.845,119.003,19.09,3.41,0,,,,,,TRAIN
2023-04-13,1.0999890565872192,1.106899976730347,1.0981649160385132,1.0999890565872192,0.0,1.2491412162780762,1.2536669969558716,1.2479876279830933,1.2492660284042358,0.0,2015.5999755859373,2048.60009765625,2015.5999755859373,2041.300048828125,1043.0,83.22000122070312,83.44000244140625,82.11000061035156,82.16000366210938,261230.0,4.83,302.845,118.3915,17.8,3.45,0,,,,,,TRAIN
2023-04-14,1.1054610013961792,1.1075423955917358,1.097803235054016,1.1054610013961792,0.0,1.25231671333313,1.2547051906585691,1.241434097290039,1.2525300979614258,0.0,2041.0,2047.800048828125,1995.0,2002.199951171875,718.0,82.4000015258789,83.12000274658203,81.76000213623047,82.5199966430664,275129.0,4.83,302.845,118.8567,17.07,3.52,0,,,,,,TRAIN
2023-04-17,1.098659634590149,1.0999042987823486,1.0910717248916626,1.098659634590149,0.0,1.2402024269104004,1.2439358234405518,1.235498309135437,1.2400178909301758,0.0,2002.699951171875,2007.5999755859373,1983.199951171875,1994.199951171875,554.0,82.4800033569336,82.70999908447266,80.47000122070312,80.83000183105469,217048.0,4.83,302.845,119.2787,16.95,3.6,0,,,,,,TRAIN
2023-04-18,1.0925379991531372,1.0983458757400513,1.0922753810882568,1.0925379991531372,0.0,1.237424612045288,1.2449734210968018,1.2368124723434448,1.2375471591949463,0.0,1996.9000244140625,2007.4000244140625,1996.9000244140625,2007.4000244140625,72.0,81.0,81.4800033569336,79.87000274658203,80.86000061035156,96290.0,4.83,302.845,119.1049,16.83,3.58,0,,,,,,TRAIN
2023-04-19,1.0975382328033447,1.098659634590149,1.0918341875076294,1.0975382328033447,0.0,1.2429616451263428,1.2473337650299072,1.2393569946289062,1.2425447702407837,0.0,2005.699951171875,2006.4000244140625,1969.800048828125,1995.199951171875,61.0,80.91999816894531,81.18000030517578,78.45999908447266,79.16000366210938,78310.0,4.83,302.845,119.303,16.46,3.6,0,,,,,,TRAIN
2023-04-20,1.095218300819397,1.0989010334014893,1.0934339761734009,1.095218300819397,0.0,1.2428845167160034,1.246634006500244,1.240633249282837,1.2428845167160034,0.0,1998.0,2007.5999755859373,1998.0,2007.5999755859373,164.0,78.87000274658203,78.88999938964844,76.97000122070312,77.29000091552734,361413.0,4.83,302.845,119.1199,17.17,3.54,0,,,,,,TRAIN
2023-04-21,1.0970927476882937,1.099251389503479,1.0939722061157229,1.0970927476882937,0.0,1.2439358234405518,1.2447099685668943,1.23704195022583,1.244090557098389,0.0,1996.199951171875,1996.199951171875,1974.0999755859373,1979.5,132.0,77.12999725341797,78.38999938964844,76.72000122070312,77.87000274658203,291114.0,4.83,302.845,119.3117,16.77,3.57,0,,,,,,TRAIN
2023-04-24,1.0992271900177002,1.103423833847046,1.0968761444091797,1.0992271900177002,0.0,1.2448339462280271,1.2468360662460327,1.2413570880889893,1.2449734210968018,0.0,1981.300048828125,1989.800048828125,1977.4000244140625,1989.0999755859373,145.0,77.97000122070312,79.18000030517578,76.72000122070312,78.76000213623047,306720.0,4.83,302.845,119.2039,16.89,3.52,0,,,,,,TRAIN
2023-04-25,1.1059499979019165,1.1068068742752075,1.0969241857528689,1.1059499979019165,0.0,1.2499531507492063,1.250687837600708,1.2388503551483154,1.25,0.0,1995.699951171875,1999.0999755859373,1982.300048828125,1994.0,306.0,78.73999786376953,79.06999969482422,76.5,77.06999969482422,361646.0,4.83,302.845,119.613,18.76,3.4,0,,,,,,TRAIN
2023-04-26,1.0978394746780396,1.109410047531128,1.0969241857528689,1.0978394746780396,0.0,1.2416189908981323,1.251157283782959,1.240356206893921,1.2414803504943848,0.0,1997.800048828125,1998.800048828125,1985.5999755859373,1985.699951171875,615.0,77.08000183105469,77.93000030517578,74.05000305175781,74.30000305175781,497778.0,4.83,302.845,119.3228,18.84,3.43,0,,,,,,TRAIN
2023-04-27,1.1047282218933103,1.1065618991851809,1.0994206666946411,1.1047282218933103,0.0,1.2471472024917605,1.2493752241134644,1.243873953819275,1.2471472024917605,0.0,1990.5999755859373,2002.300048828125,1979.9000244140625,1989.9000244140625,355.0,74.37999725341797,75.27999877929688,74.02999877929688,74.76000213623047,345880.0,4.83,302.845,119.4298,17.03,3.53,0,,,,,,TRAIN
2023-04-28,1.1032048463821411,1.1043744087219238,1.0965633392333984,1.1032048463821411,0.0,1.2500624656677246,1.258130669593811,1.2448649406433103,1.249750018119812,0.0,1986.9000244140625,1990.0999755859373,1977.699951171875,1990.0999755859373,152.0,74.91000366210938,76.91999816894531,73.93000030517578,76.77999877929688,328399.0,4.83,302.845,119.2248,15.78,3.44,0,,,,,,TRAIN
2023-05-01,1.1010911464691162,1.103557825088501,1.0966956615447998,1.1010911464691162,0.0,1.2558395862579346,1.256999969482422,1.248953938484192,1.2557607889175415,0.0,1980.0999755859373,2005.0,1976.9000244140625,1983.4000244140625,210.0,76.66000366210938,76.69000244140625,74.52999877929688,75.66000366210938,215017.0,5.06,303.334,119.4435,16.08,3.59,0,,,,,,TRAIN
2023-05-02,1.0969241857528689,1.100521683692932,1.0943553447723389,1.0969241857528689,0.0,1.2487356662750244,1.2512198686599731,1.2436573505401611,1.2485953569412231,0.0,1994.699951171875,2018.0,1994.699951171875,2014.300048828125,1896.0,75.76000213623047,76.11000061035156,71.41999816894531,71.66000366210938,417820.0,5.06,303.334,119.6105,17.78,3.44,0,,,,,,TRAIN
2023-05-03,1.1010911464691162,1.1058155298233032,1.100594401359558,1.1010911464691162,0.0,1.247972011566162,1.25520920753479,1.2469605207443235,1.2476606369018557,0.0,2017.0999755859373,2035.0999755859373,2015.199951171875,2028.5999755859373,1349.0,71.55999755859375,71.79000091552734,67.94999694824219,68.5999984741211,490523.0,5.06,303.334,119.1233,18.34,3.38,0,,,,,,TRAIN
2023-05-04,1.1068925857543943,1.109139323234558,1.0986838340759275,1.1068925857543943,0.0,1.256865620613098,1.2596838474273682,1.2552248239517212,1.256897211074829,0.0,2045.0,2072.0,2040.0,2048.0,930.0,68.16000366210938,69.83999633789062,63.63999938964844,68.55999755859375,412495.0,5.06,303.334,119.0465,20.09,3.37,0,,,,,,TRAIN
2023-05-05,1.102292776107788,1.1048002243041992,1.0971648693084717,1.102292776107788,0.0,1.2582573890686035,1.2651021480560305,1.2565971612930298,1.2583364248275757,0.0,2046.4000244140625,2046.4000244140625,2004.300048828125,2017.4000244140625,59.0,68.69999694824219,71.80999755859375,68.4800033569336,71.33999633789062,330585.0,5.06,303.334,118.5548,17.19,3.44,0,,,,,,TRAIN
2023-05-08,1.10186767578125,1.1053388118743896,1.1012487411499023,1.10186767578125,0.0,1.2631046772003174,1.2669453620910645,1.262817621231079,1.2630568742752075,0.0,2022.5,2026.300048828125,2022.5,2026.300048828125,3.0,71.3499984741211,73.69000244140625,71.04000091552734,73.16000366210938,290076.0,5.06,303.334,118.5759,16.98,3.52,0,,,,,,TRAIN
2023-05-09,1.0996140241622925,1.1001100540161133,1.0944032669067385,1.0996140241622925,0.0,1.2612725496292114,1.2639188766479492,1.258051514625549,1.2612725496292114,0.0,2026.5999755859373,2037.300048828125,2025.9000244140625,2036.199951171875,241.0,72.83999633789062,73.77999877929688,71.33999633789062,73.70999908447266,317493.0,5.06,303.334,118.8239,17.71,3.53,0,,,,,,TRAIN
2023-05-10,1.096467137336731,1.100473165512085,1.0942834615707395,1.096467137336731,0.0,1.2625625133514404,1.267909288406372,1.2604142427444458,1.2624667882919312,0.0,2032.300048828125,2044.300048828125,2029.5,2030.5,248.0,73.58000183105469,73.88999938964844,71.80000305175781,72.55999755859375,351506.0,5.06,303.334,118.5864,16.94,3.43,0,,,,,,TRAIN
2023-05-11,1.098406195640564,1.0998680591583252,1.0901321172714231,1.098406195640564,0.0,1.2628973722457886,1.2640626430511477,1.2499843835830688,1.2626996040344238,0.0,2034.0999755859373,2038.300048828125,2014.0,2014.699951171875,90.0,72.7699966430664,73.5,70.62999725341797,70.87000274658203,365892.0,5.06,303.334,119.0303,16.93,3.39,0,,,,,,TRAIN
2023-05-12,1.0912145376205444,1.0935176610946655,1.085564136505127,1.0912145376205444,0.0,1.25101637840271,1.254091501235962,1.2459505796432495,1.2508130073547363,0.0,2014.5,2014.5,2014.5,2014.5,115.0,71.41999816894531,71.77999877929688,69.93000030517578,70.04000091552734,275435.0,5.06,303.334,119.3671,17.03,3.46,0,,,,,,TRAIN
2023-05-15,1.0852696895599363,1.089205980300903,1.0848575830459597,1.0852696895599363,0.0,1.2453765869140625,1.252536416053772,1.244555115699768,1.2450973987579346,0.0,2013.800048828125,2018.0,2013.800048828125,2018.0,3.0,70.04000091552734,71.69000244140625,69.41000366210938,71.11000061035156,259013.0,5.06,303.334,119.1608,17.12,3.5,0,,,,,,TRAIN
2023-05-16,1.0873701572418213,1.090358018875122,1.0856702327728271,1.0873701572418213,0.0,1.2525991201400757,1.2545791864395142,1.246680736541748,1.2525207996368408,0.0,1988.4000244140625,1988.4000244140625,1988.4000244140625,1988.4000244140625,49.0,71.31999969482422,71.79000091552734,70.44999694824219,70.86000061035156,232328.0,5.06,303.334,119.1743,17.99,3.54,0,,,,,,TRAIN
2023-05-17,1.0865668058395386,1.0875475406646729,1.081162929534912,1.0865668058395386,0.0,1.248704433441162,1.2494065761566162,1.2422051429748535,1.2484394311904907,0.0,1983.5999755859373,1983.5999755859373,1980.699951171875,1980.699951171875,13.0,70.5999984741211,73.26000213623047,70.04000091552734,72.83000183105469,273708.0,5.06,303.334,119.607,16.87,3.57,0,,,,,,TRAIN
2023-05-18,1.0838346481323242,1.0849517583847046,1.0765421390533447,1.0838346481323242,0.0,1.248252511024475,1.2493752241134644,1.2400639057159424,1.2482805252075195,0.0,1956.5,1956.800048828125,1956.5,1956.5,23.0,72.75,72.87000274658203,71.41999816894531,71.86000061035156,80864.0,5.06,303.334,120.0886,16.05,3.65,0,,,,,,TRAIN
2023-05-19,1.0775396823883057,1.082391619682312,1.0761018991470337,1.0775396823883057,0.0,1.2413108348846436,1.2478630542755127,1.2393877506256104,1.2412338256835938,0.0,1960.0,1978.699951171875,1960.0,1978.699951171875,106.0,71.94000244140625,73.4000015258789,71.02999877929688,71.55000305175781,69949.0,5.06,303.334,119.7751,16.81,3.7,0,,,,,,TRAIN
2023-05-22,1.0822745561599731,1.0830715894699097,1.0796570777893066,1.0822745561599731,0.0,1.2461214065551758,1.24725604057312,1.2414957284927368,1.2461059093475342,0.0,1980.5,1980.5,1974.800048828125,1974.800048828125,8.0,71.69999694824219,72.36000061035156,70.55000305175781,71.98999786376953,263977.0,5.06,303.334,120.0875,17.21,3.72,0,,,,,,TRAIN
2023-05-23,1.0811045169830322,1.0821340084075928,1.076379895210266,1.0811045169830322,0.0,1.2435954809188845,1.244694471359253,1.237332820892334,1.243440866470337,0.0,1972.4000244140625,1972.4000244140625,1972.4000244140625,1972.4000244140625,1.0,72.0999984741211,73.79000091552734,71.70999908447266,72.91000366210938,317586.0,5.06,303.334,120.3204,18.53,3.7,0,,,,,,TRAIN
2023-05-24,1.076971173286438,1.079936981201172,1.074968338012695,1.076971173286438,0.0,1.2418503761291504,1.2464165687561035,1.235803723335266,1.241726994514465,0.0,1975.4000244140625,1975.4000244140625,1962.800048828125,1962.800048828125,189.0,73.7699966430664,74.7300033569336,73.12999725341797,74.33999633789062,386611.0,5.06,303.334,120.4752,20.03,3.73,0,,,,,,TRAIN
2023-05-25,1.0757315158843994,1.0754191875457764,1.0709964036941528,1.0757315158843994,0.0,1.2368431091308594,1.2385895252227783,1.2319064140319824,1.2371032238006592,0.0,1943.0999755859373,1943.0999755859373,1943.0999755859373,1943.0999755859373,1.0,74.20999908447266,74.37000274658203,70.9800033569336,71.83000183105469,422637.0,5.06,303.334,120.8413,19.14,3.83,0,,,,,,TRAIN
2023-05-26,1.072443604469299,1.0757546424865725,1.0702054500579834,1.072443604469299,0.0,1.2319064140319824,1.2394338846206665,1.2312238216400146,1.2318304777145386,0.0,1948.199951171875,1948.4000244140625,1944.0999755859373,1944.0999755859373,166036.0,71.88999938964844,73.05000305175781,71.48999786376953,72.66999816894531,261498.0,5.06,303.334,120.6304,17.95,3.8,0,,,,,,TRAIN
2023-05-29,1.0723055601119995,1.0745755434036257,1.0706294775009155,1.0723055601119995,0.0,1.2345983982086182,1.237317442893982,1.2336692810058594,1.2346898317337036,0.0,,,,,,,,,,,5.06,303.334,120.6304,17.46,3.8,0,,,,,,TRAIN
2023-05-30,1.0707669258117676,1.0745755434036257,1.067338466644287,1.0707669258117676,0.0,1.2347356081008911,1.244524002075195,1.232848048210144,1.234933853149414,0.0,1942.699951171875,1962.5999755859373,1931.0,1958.0,37838.0,73.2300033569336,73.55000305175781,69.0199966430664,69.45999908447266,440862.0,5.06,303.334,120.5546,17.46,3.69,0,,,,,,TRAIN
2023-05-31,1.073306918144226,1.0738831758499146,1.06516695022583,1.073306918144226,0.0,1.2414649724960327,1.24251389503479,1.234903335571289,1.241187572479248,0.0,1958.199951171875,1973.0,1953.0,1963.9000244140625,5959.0,69.62000274658203,69.69000244140625,67.02999877929688,68.08999633789062,444787.0,5.06,303.334,120.9662,17.94,3.64,0,,,,,,TRAIN
2023-06-01,1.0695186853408811,1.0753995180130005,1.0664163827896118,1.0695186853408811,0.0,1.244555115699768,1.2536983489990234,1.2403254508972168,1.244694471359253,0.0,1963.199951171875,1983.0,1954.300048828125,1978.0,750.0,67.5999984741211,71.06999969482422,67.51000213623047,70.0999984741211,395393.0,5.08,304.014,120.0491,15.65,3.61,0,,,,,,TRAIN
2023-06-02,1.0760787725448608,1.077934741973877,1.071811318397522,1.0760787725448608,0.0,1.2529600858688354,1.2545193433761597,1.245810866355896,1.2525991201400757,0.0,1977.0999755859373,1982.5,1947.4000244140625,1952.4000244140625,356.0,70.20999908447266,72.16999816894531,70.0,71.73999786376953,322596.0,5.08,304.014,120.0049,14.6,3.69,0,,,,,,TRAIN
2023-06-05,1.0698620080947876,1.0722709894180298,1.0674750804901123,1.0698620080947876,0.0,1.242992639541626,1.244090557098389,1.2369654178619385,1.2430236339569092,0.0,1947.5,1961.9000244140625,1937.800048828125,1958.0,713.0,75.02999877929688,75.05999755859375,71.7300033569336,72.1500015258789,383943.0,5.08,304.014,120.0048,14.73,3.69,0,,,,,,TRAIN
2023-06-06,1.0711798667907717,1.073306918144226,1.0667349100112915,1.0711798667907717,0.0,1.2432862520217896,1.2458419799804688,1.2393569946289062,1.2433171272277832,0.0,1960.800048828125,1965.5,1958.800048828125,1965.5,164.0,71.98999786376953,72.33000183105469,70.12999725341797,71.73999786376953,314962.0,5.08,304.014,119.9718,13.96,3.7,0,,,,,,TRAIN
2023-06-07,1.0698047876358032,1.074021577835083,1.0668829679489136,1.0698047876358032,0.0,1.2431471347808838,1.2499687671661377,1.239618182182312,1.2428536415100098,0.0,1959.0,1968.4000244140625,1940.699951171875,1942.699951171875,139.0,71.55999755859375,73.19000244140625,71.01000213623047,72.52999877929688,299127.0,5.08,304.014,119.859,13.94,3.79,0,,,,,,TRAIN
2023-06-08,1.0707440376281738,1.078283429145813,1.0702168941497805,1.0707440376281738,0.0,1.244725465774536,1.2557134628295898,1.2441989183425903,1.2445859909057615,0.0,1943.199951171875,1969.0,1943.0999755859373,1963.5999755859373,433.0,72.47000122070312,73.27999877929688,69.02999877929688,71.29000091552734,485396.0,5.08,304.014,119.5712,13.65,3.73,0,,,,,,TRAIN
2023-06-09,1.078271746635437,1.0787487030029297,1.0747718811035156,1.078271746635437,0.0,1.2558870315551758,1.2591286897659302,1.253572702407837,1.255950093269348,0.0,1965.0999755859373,1969.800048828125,1960.300048828125,1962.199951171875,49.0,70.94000244140625,71.7699966430664,70.0999984741211,70.16999816894531,300724.0,5.08,304.014,119.4322,13.83,3.75,0,,,,,,TRAIN
2023-06-12,1.0750954151153564,1.0789697170257568,1.073433518409729,1.0750954151153564,0.0,1.2578141689300537,1.259937763214111,1.2487980127334597,1.25809907913208,0.0,1959.699951171875,1963.5,1951.4000244140625,1955.300048828125,212.0,70.2699966430664,70.33000183105469,66.80000305175781,67.12000274658203,404769.0,5.08,304.014,119.6376,15.01,3.73,0,,,,,,TRAIN
2023-06-13,1.0762988328933716,1.0822510719299316,1.076055645942688,1.0762988328933716,0.0,1.2514861822128296,1.261957049369812,1.2514861822128296,1.2515331506729126,0.0,1960.5999755859373,1967.5,1940.300048828125,1944.5999755859373,343.0,67.30999755859375,69.83000183105469,67.1500015258789,69.41999816894531,366354.0,5.08,304.014,119.1899,14.61,3.84,0,,,,,,TRAIN
2023-06-14,1.078934907913208,1.085835337638855,1.077574610710144,1.078934907913208,0.0,1.2607160806655884,1.2699863910675049,1.2600805759429932,1.260684370994568,0.0,1946.199951171875,1958.199951171875,1940.300048828125,1955.300048828125,202.0,69.3499984741211,70.48999786376953,68.06999969482422,68.2699966430664,304449.0,5.08,304.014,118.776,13.88,3.83,0,,,,,,TRAIN
2023-06-15,1.084304690361023,1.0938525199890137,1.0804269313812256,1.084304690361023,0.0,1.267154097557068,1.276535987854004,1.2631046772003174,1.26708984375,0.0,1941.699951171875,1958.800048828125,1926.0,1957.800048828125,329.0,68.69999694824219,70.95999908447266,67.97000122070312,70.62000274658203,115613.0,5.08,304.014,118.5521,14.5,3.72,0,,,,,,TRAIN
2023-06-16,1.0945948362350464,1.0970999002456665,1.0920130014419556,1.0945948362350464,0.0,1.278625249862671,1.284769058227539,1.2768945693969729,1.278576135635376,0.0,1961.4000244140625,1962.9000244140625,1953.5,1958.4000244140625,119.0,70.55000305175781,71.88999938964844,69.94999694824219,71.77999877929688,99185.0,5.08,304.014,118.4184,13.54,3.77,0,,,,,,TRAIN
2023-06-19,1.0942115783691406,1.0949305295944214,1.0911003351211548,1.0942115783691406,0.0,1.2833675146102903,1.2840003967285156,1.2786579132080078,1.2830382585525513,0.0,,,,,,,,,,,5.08,304.014,118.4184,14.19,3.77,0,,,,,,TRAIN
2023-06-20,1.0924304723739624,1.0945229530334473,1.0894551277160645,1.0924304723739624,0.0,1.2794922590255735,1.2805737257003784,1.271520495414734,1.2794759273529053,0.0,1958.5999755859373,1958.5999755859373,1931.300048828125,1935.5,193.0,71.44999694824219,72.08999633789062,69.6500015258789,70.5,430492.0,5.08,304.014,118.938,13.88,3.74,0,,,,,,TRAIN
2023-06-21,1.0920368432998655,1.0961307287216189,1.0906671285629272,1.0920368432998655,0.0,1.2764707803726196,1.2797870635986328,1.2693593502044678,1.276535987854004,0.0,1935.5999755859373,1936.800048828125,1920.0,1933.300048828125,557.0,70.9000015258789,72.72000122070312,70.80000305175781,72.52999877929688,264656.0,5.08,304.014,118.727,13.2,3.72,0,,,,,,TRAIN
2023-06-22,1.0992635488510132,1.1011154651641846,1.095110297203064,1.0992635488510132,0.0,1.2771228551864624,1.2817226648330688,1.2730258703231812,1.277204513549805,0.0,1920.0,1921.0,1912.0999755859373,1912.699951171875,237.0,72.43000030517578,72.6500015258789,68.93000030517578,69.51000213623047,421348.0,5.08,304.014,118.7552,12.91,3.8,0,,,,,,TRAIN
2023-06-23,1.0958904027938845,1.0958904027938845,1.0845046043395996,1.0958904027938845,0.0,1.274518609046936,1.275049924850464,1.269196629524231,1.2747135162353516,0.0,1918.699951171875,1932.5,1918.699951171875,1919.0999755859373,105.0,69.52999877929688,69.6500015258789,67.3499984741211,69.16000366210938,322475.0,5.08,304.014,119.152,13.44,3.74,0,,,,,,TRAIN
2023-06-26,1.0906671285629272,1.0921800136566162,1.088814616203308,1.0906671285629272,0.0,1.2732527256011963,1.274827241897583,1.2689712047576904,1.2729610204696655,0.0,1922.9000244140625,1928.5,1922.5,1923.699951171875,71.0,69.83999633789062,70.11000061035156,68.70999908447266,69.37000274658203,280116.0,5.08,304.014,119.0761,14.25,3.72,0,,,,,,TRAIN
2023-06-27,1.091048002243042,1.0976104736328125,1.0903223752975464,1.091048002243042,0.0,1.2709225416183472,1.2759170532226562,1.27048659324646,1.2711971998214722,0.0,1927.0,1929.4000244140625,1914.0,1914.0,49.0,69.48999786376953,70.1500015258789,67.5,67.69999694824219,384752.0,5.08,304.014,118.8949,13.74,3.77,0,,,,,,TRAIN
2023-06-28,1.0957223176956177,1.0962508916854858,1.0899657011032104,1.0957223176956177,0.0,1.2744535207748413,1.275136113166809,1.2608274221420288,1.2744698524475098,0.0,1912.300048828125,1912.300048828125,1912.300048828125,1912.300048828125,628.0,68.01000213623047,69.7300033569336,67.05000305175781,69.55999755859375,368295.0,5.08,304.014,119.3382,13.43,3.71,0,,,,,,TRAIN
2023-06-29,1.0915838479995728,1.094067931175232,1.0862362384796145,1.0915838479995728,0.0,1.2641266584396362,1.266592264175415,1.2592555284500122,1.264254450798035,0.0,1909.9000244140625,1909.9000244140625,1892.5,1909.199951171875,289.0,69.25,70.5999984741211,68.93000030517578,69.86000061035156,292865.0,5.08,304.014,119.527,13.54,3.85,0,,,,,,TRAIN
2023-06-30,1.086802959442139,1.0933741331100464,1.0836466550827026,1.086802959442139,0.0,1.2614953517913818,1.2726207971572876,1.2601441144943235,1.261463642120361,0.0,1908.5999755859373,1921.0999755859373,1900.5999755859373,1921.0999755859373,445.0,69.81999969482422,71.04000091552734,69.52999877929688,70.63999938964844,299873.0,5.08,304.014,119.3606,13.59,3.81,0,,,,,,TRAIN
2023-07-03,1.0907504558563232,1.093135118484497,1.0871810913085938,1.0907504558563232,0.0,1.269357681274414,1.2719409465789795,1.26603102684021,1.2693254947662354,0.0,1917.9000244140625,1929.5,1917.9000244140625,1921.699951171875,41.0,70.44999694824219,71.7699966430664,69.69000244140625,69.79000091552734,303479.0,5.12,304.609,119.2119,13.57,3.86,0,,,,,,TRAIN
2023-07-04,1.091309905052185,1.0918222665786743,1.0890754461288452,1.091309905052185,0.0,1.269035577774048,1.2736419439315796,1.2684721946716309,1.269293189048767,0.0,,,,,,,,,,,5.12,304.609,119.2119,13.7,3.86,0,,,,,,TRAIN
2023-07-05,1.0884946584701538,1.0906195640563965,1.086507797241211,1.0884946584701538,0.0,1.2720866203308103,1.273414969444275,1.2689228057861328,1.2717629671096802,0.0,1923.5,1933.9000244140625,1914.699951171875,1919.5999755859373,193.0,70.1500015258789,72.16999816894531,69.9000015258789,71.79000091552734,456809.0,5.12,304.609,119.3483,14.18,3.95,0,,,,,,TRAIN
2023-07-06,1.0856584310531616,1.0901559591293335,1.083435297012329,1.0856584310531616,0.0,1.2706319093704224,1.2780369520187378,1.2676199674606323,1.2704542875289917,0.0,1909.300048828125,1910.199951171875,1903.199951171875,1908.699951171875,81.0,71.80000305175781,72.33999633789062,70.22000122070312,71.80000305175781,395381.0,5.12,304.609,119.8193,15.44,4.05,0,,,,,,TRAIN
2023-07-07,1.0890636444091797,1.096467137336731,1.0868619680404663,1.0890636444091797,0.0,1.2742263078689575,1.2840101718902588,1.272718071937561,1.2742749452590942,0.0,1913.4000244140625,1934.0999755859373,1913.4000244140625,1926.199951171875,61.0,71.88999938964844,73.91999816894531,71.19000244140625,73.86000061035156,362632.0,5.12,304.609,119.0761,14.83,4.06,0,,,,,,TRAIN
2023-07-10,1.0969723463058472,1.0992755889892578,1.0944511890411377,1.0969723463058472,0.0,1.283861756324768,1.283861756324768,1.275266170501709,1.2838947772979736,0.0,1923.5999755859373,1926.0999755859373,1912.300048828125,1925.0,269.0,73.86000061035156,74.1500015258789,72.66999816894531,72.98999786376953,301014.0,5.12,304.609,118.9548,15.07,4.01,0,,,,,,TRAIN
2023-07-11,1.100594401359558,1.1025601625442505,1.0978635549545288,1.100594401359558,0.0,1.2863225936889648,1.293326497077942,1.2859750986099243,1.2864713668823242,0.0,1925.0,1937.0,1924.199951171875,1931.300048828125,142.0,73.19000244140625,74.95999908447266,72.9800033569336,74.83000183105469,326883.0,5.12,304.609,118.7344,14.84,3.99,0,,,,,,TRAIN
2023-07-12,1.101406455039978,1.1125946044921875,1.1012852191925049,1.101406455039978,0.0,1.2934937477111816,1.300220966339111,1.2905057668685913,1.2934770584106443,0.0,1932.300048828125,1958.0,1932.199951171875,1956.199951171875,132.0,74.83000183105469,76.1500015258789,74.66999816894531,75.75,352887.0,5.12,304.609,117.6385,13.54,3.86,0,,,,,,TRAIN
2023-07-13,1.1144545078277588,1.1196202039718628,1.113065242767334,1.1144545078277588,0.0,1.2997984886169434,1.3113378286361694,1.29902184009552,1.29962956905365,0.0,1961.0999755859373,1961.0999755859373,1953.0,1959.199951171875,121.0,75.8499984741211,77.33000183105469,75.31999969482422,76.88999938964844,379728.0,5.12,304.609,117.1831,13.61,3.76,0,,,,,,TRAIN
2023-07-14,1.1223469972610474,1.12447988986969,1.1206114292144775,1.1223469972610474,0.0,1.313145875930786,1.3142330646514893,1.3095176219940186,1.3128528594970703,0.0,1958.4000244140625,1960.5999755859373,1952.699951171875,1960.0999755859373,94.0,77.16000366210938,77.30000305175781,75.11000061035156,75.41999816894531,299576.0,5.12,304.609,117.0463,13.34,3.83,0,,,,,,TRAIN
2023-07-17,1.1227755546569824,1.125112533569336,1.1205486059188845,1.1227755546569824,0.0,1.3091232776641846,1.3107191324234009,1.3054488897323608,1.3090204000473022,0.0,1954.0,1956.5,1946.5999755859373,1952.4000244140625,29.0,75.0199966430664,76.08999633789062,73.83999633789062,74.1500015258789,244785.0,5.12,304.609,117.1267,13.48,3.81,0,,,,,,TRAIN
2023-07-18,1.123759627342224,1.1275737285614014,1.1220070123672483,1.123759627342224,0.0,1.3070870637893677,1.312456488609314,1.3051252365112305,1.307172417640686,0.0,1968.800048828125,1978.4000244140625,1963.4000244140625,1977.199951171875,83.0,74.18000030517578,75.95999908447266,73.87999725341797,75.75,125092.0,5.12,304.609,117.0264,13.3,3.8,0,,,,,,TRAIN
2023-07-19,1.1228890419006348,1.123974323272705,1.1176306009292605,1.1228890419006348,0.0,1.303508996963501,1.3039510250091553,1.287166953086853,1.303508996963501,0.0,1977.0,1977.5,1973.0,1977.5,35.0,75.83999633789062,76.97000122070312,75.06999969482422,75.3499984741211,92920.0,5.12,304.609,117.3462,13.76,3.75,0,,,,,,TRAIN
2023-07-20,1.120523452758789,1.12296462059021,1.1133129596710205,1.120523452758789,0.0,1.2939791679382324,1.2965123653411863,1.284191608428955,1.2939791679382324,0.0,1973.699951171875,1973.699951171875,1965.5999755859373,1968.300048828125,638.0,75.3499984741211,76.1500015258789,74.72000122070312,75.62999725341797,340962.0,5.12,304.609,117.5947,13.99,3.85,0,,,,,,TRAIN
2023-07-21,1.113709807395935,1.1147029399871826,1.110962986946106,1.113709807395935,0.0,1.286968231201172,1.2903891801834106,1.281788349151611,1.2872332334518433,0.0,1961.800048828125,1964.300048828125,1961.800048828125,1964.300048828125,50.0,75.69999694824219,77.29000091552734,75.69000244140625,77.06999969482422,308106.0,5.12,304.609,117.9418,13.6,3.84,0,,,,,,TRAIN
2023-07-24,1.112532615661621,1.114504098892212,1.1068804264068604,1.112532615661621,0.0,1.2851818799972534,1.288344383239746,1.2799180746078491,1.2853471040725708,0.0,1965.300048828125,1965.5,1960.300048828125,1960.300048828125,2.0,77.01000213623047,79.27999877929688,76.44000244140625,78.73999786376953,368285.0,5.12,304.609,117.8124,13.91,3.86,0,,,,,,TRAIN
2023-07-25,1.1063170433044434,1.1088933944702148,1.1022076606750488,1.1063170433044434,0.0,1.2812464237213137,1.2877304553985596,1.281065821647644,1.281262755393982,0.0,1953.0,1962.5,1953.0,1962.0999755859373,19.0,78.8499984741211,79.9000015258789,78.29000091552734,79.62999725341797,349600.0,5.12,304.609,117.8565,13.86,3.91,0,,,,,,TRAIN
2023-07-26,1.1050456762313845,1.1086474657058716,1.1038380861282349,1.1050456762313845,0.0,1.2893409729003906,1.2936275005340576,1.2876144647598269,1.2893908023834229,0.0,1966.199951171875,1972.0,1966.199951171875,1968.9000244140625,51.0,79.33999633789062,79.7699966430664,78.55000305175781,78.77999877929688,322031.0,5.12,304.609,117.76,13.19,3.86,1,FED,Fed hikes to 5.25-5.50% (cycle peak),MEDIUM,"EURUSD,GBPUSD,GOLD,OIL",TRAIN,TRAIN
2023-07-27,1.1078368425369265,1.115200161933899,1.0984907150268557,1.1078368425369265,0.0,1.2928582429885864,1.299545168876648,1.2827255725860596,1.292724609375,0.0,1945.4000244140625,1945.4000244140625,1945.4000244140625,1945.4000244140625,194253.0,78.9000015258789,80.5999984741211,78.87000274658203,80.08999633789062,374358.0,5.12,304.609,117.8938,14.41,4.01,0,,,,,,TRAIN
2023-07-28,1.0978755950927734,1.1046794652938845,1.0947027206420898,1.0978755950927734,0.0,1.2794268131256104,1.2885268926620483,1.2764707803726196,1.2793776988983154,0.0,1945.5,1962.199951171875,1944.199951171875,1960.4000244140625,23155.0,79.83999633789062,80.70999908447266,79.06999969482422,80.58000183105469,299547.0,5.12,304.609,117.788,13.33,3.96,0,,,,,,TRAIN
2023-07-31,1.1024264097213743,1.1045451164245603,1.100618600845337,1.1024264097213743,0.0,1.2853800058364868,1.2873326539993286,1.2829558849334717,1.2853965759277344,0.0,1959.199951171875,1971.5999755859373,1950.0,1970.5,1025.0,80.6500015258789,82.0,80.12999725341797,81.80000305175781,297270.0,5.12,304.609,117.8241,13.63,3.97,0,,,,,,TRAIN
2023-08-01,1.0997591018676758,1.100231051445007,1.095446228981018,1.0997591018676758,0.0,1.283202886581421,1.283861756324768,1.2741613388061523,1.283400535583496,0.0,1964.9000244140625,1965.4000244140625,1940.699951171875,1940.699951171875,688.0,81.7300033569336,82.22000122070312,80.58999633789062,81.37000274658203,307859.0,5.33,306.082,118.5738,13.93,4.05,0,,,,,,TRAIN
2023-08-02,1.100788116455078,1.1007033586502075,1.0919772386550903,1.100788116455078,0.0,1.2791157960891724,1.279737949371338,1.268182635307312,1.2795741558074951,0.0,1948.4000244140625,1953.5999755859373,1933.199951171875,1937.4000244140625,652.0,82.05000305175781,82.43000030517578,79.05000305175781,79.48999786376953,414825.0,5.33,306.082,119.1268,16.09,4.08,0,,,,,,TRAIN
2023-08-03,1.0944151878356934,1.0953983068466189,1.0913575887680054,1.0944151878356934,0.0,1.2717629671096802,1.2728476524353027,1.2625943422317505,1.2720379829406738,0.0,1934.199951171875,1936.5,1928.0,1932.0,773.0,79.7699966430664,81.86000061035156,78.69000244140625,81.55000305175781,402641.0,5.33,306.082,119.3963,15.92,4.2,0,,,,,,TRAIN
2023-08-04,1.095158338546753,1.1040940284729004,1.0936251878738403,1.095158338546753,0.0,1.271617412567139,1.2782655954360962,1.2691644430160522,1.2716336250305176,0.0,1934.9000244140625,1945.0,1920.0,1939.5999755859373,290.0,81.7300033569336,83.23999786376953,81.51000213623047,82.81999969482422,320873.0,5.33,306.082,118.821,17.1,4.05,0,,,,,,TRAIN
2023-08-07,1.1002674102783203,1.1012003421783447,1.096611499786377,1.1002674102783203,0.0,1.2751199007034302,1.278608798980713,1.2713911533355713,1.2747948169708252,0.0,1941.0,1941.0,1929.800048828125,1933.5,376.0,82.81999969482422,83.30000305175781,81.5199966430664,81.94000244140625,293036.0,5.33,306.082,119.0809,15.77,4.09,0,,,,,,TRAIN
2023-08-08,1.100315809249878,1.1009820699691772,1.0930992364883425,1.100315809249878,0.0,1.278592586517334,1.278592586517334,1.2685847282409668,1.2782002687454224,0.0,1931.699951171875,1933.199951171875,1923.0,1924.0999755859373,555.0,82.52999877929688,83.08000183105469,79.9000015258789,82.91999816894531,424545.0,5.33,306.082,119.6407,15.99,4.02,0,,,,,,TRAIN
2023-08-09,1.0958904027938845,1.0994327068328855,1.0955902338027954,1.0958904027938845,0.0,1.2744373083114624,1.2778409719467163,1.2712457180023191,1.2741613388061523,0.0,1925.4000244140625,1928.800048828125,1913.699951171875,1915.4000244140625,451.0,82.87999725341797,84.6500015258789,82.66999816894531,84.4000015258789,478140.0,5.33,306.082,119.476,15.96,4.0,0,,,,,,TRAIN
2023-08-10,1.0977671146392822,1.1058399677276611,1.096803903579712,1.0977671146392822,0.0,1.2718924283981323,1.2811315059661863,1.2710840702056885,1.2720056772232056,0.0,1921.0999755859373,1927.800048828125,1911.4000244140625,1914.4000244140625,178.0,84.25,84.88999938964844,82.58000183105469,82.81999969482422,362188.0,5.33,306.082,119.1581,15.85,4.09,0,,,,,,TRAIN
2023-08-11,1.0981649160385132,1.1004369258880615,1.0951822996139526,1.0981649160385132,0.0,1.2666244506835938,1.2737069129943848,1.2666244506835938,1.2670094966888428,0.0,1913.0,1916.5999755859373,1911.800048828125,1912.9000244140625,57.0,82.83000183105469,83.80999755859375,82.2300033569336,83.19000244140625,331254.0,5.33,306.082,119.6268,14.84,4.16,0,,,,,,TRAIN
2023-08-14,1.094439148902893,1.0960345268249512,1.087748646736145,1.094439148902893,0.0,1.2695027589797974,1.2716336250305176,1.261909246444702,1.2695027589797974,0.0,1909.300048828125,1912.5999755859373,1903.300048828125,1910.5999755859373,46.0,83.08999633789062,83.19999694824219,81.76000213623047,82.51000213623047,277352.0,5.33,306.082,120.0725,14.82,4.19,0,,,,,,TRAIN
2023-08-15,1.0909883975982666,1.0949664115905762,1.0900845527648926,1.0909883975982666,0.0,1.268617033958435,1.275266170501709,1.2677003145217896,1.2685203552246094,0.0,1906.0,1907.699951171875,1895.0,1902.5,73.0,82.5199966430664,82.91000366210938,80.4000015258789,80.98999786376953,303207.0,5.33,306.082,120.2127,16.46,4.21,0,,,,,,TRAIN
2023-08-16,1.0904173851013184,1.093469738960266,1.0897756814956665,1.0904173851013184,0.0,1.2700186967849731,1.2765848636627195,1.268842339515686,1.2701315879821775,0.0,1904.5,1904.5,1890.300048828125,1896.0999755859373,22.0,81.2300033569336,81.43000030517578,79.05000305175781,79.37999725341797,325403.0,5.33,306.082,120.3551,16.78,4.28,0,,,,,,TRAIN
2023-08-17,1.0874884128570557,1.0917268991470337,1.0862362384796145,1.0874884128570557,0.0,1.272701859474182,1.2786742448806765,1.2705188989639282,1.2728151082992554,0.0,1893.699951171875,1902.4000244140625,1884.0,1884.0999755859373,245.0,79.25,81.08000183105469,78.94999694824219,80.38999938964844,235581.0,5.33,306.082,120.5242,17.89,4.3,0,,,,,,TRAIN
2023-08-18,1.0874648094177246,1.089561939239502,1.0846457481384275,1.0874648094177246,0.0,1.2747948169708252,1.2766337394714355,1.269083857536316,1.275022268295288,0.0,1891.800048828125,1891.800048828125,1886.0999755859373,1886.0999755859373,19.0,80.04000091552734,81.61000061035156,79.58999633789062,81.25,128090.0,5.33,306.082,120.4321,17.3,4.26,0,,,,,,TRAIN
2023-08-21,1.087559461593628,1.0913575887680054,1.0870628356933594,1.087559461593628,0.0,1.2741774320602417,1.2765034437179563,1.2711002826690674,1.2741937637329102,0.0,1893.5999755859373,1893.5999755859373,1893.300048828125,1893.300048828125,876.0,81.43000030517578,82.47000122070312,80.61000061035156,80.72000122070312,115874.0,5.33,306.082,120.4627,17.13,4.34,0,,,,,,TRAIN
2023-08-22,1.0898351669311523,1.093199610710144,1.0834001302719116,1.0898351669311523,0.0,1.2761287689208984,1.28009831905365,1.2721028327941897,1.2760798931121826,0.0,1894.5999755859373,1896.800048828125,1892.800048828125,1896.4000244140625,46.0,80.80000305175781,80.98999786376953,80.0999984741211,80.3499984741211,287489.0,5.33,306.082,120.3554,16.97,4.34,0,,,,,,TRAIN
2023-08-23,1.0846692323684692,1.0870510339736938,1.0802985429763794,1.0846692323684692,0.0,1.2731716632843018,1.2764055728912354,1.261638641357422,1.2731555700302124,0.0,1909.5999755859373,1918.5,1909.5999755859373,1918.5,547.0,79.63999938964844,79.91000366210938,77.62000274658203,78.88999938964844,378146.0,5.33,306.082,120.0307,15.98,4.19,0,,,,,,TRAIN
2023-08-24,1.086578607559204,1.0876895189285278,1.081548810005188,1.086578607559204,0.0,1.2720866203308103,1.27289617061615,1.2629451751708984,1.2720541954040527,0.0,1920.0,1920.800048828125,1918.199951171875,1918.199951171875,337.0,78.56999969482422,79.27999877929688,77.58999633789062,79.05000305175781,349230.0,5.33,306.082,120.2354,17.2,4.23,0,,,,,,TRAIN
2023-08-25,1.07991361618042,1.0839755535125732,1.076669692993164,1.07991361618042,0.0,1.2593348026275637,1.264702081680298,1.254878282546997,1.2592872381210327,0.0,1919.800048828125,1919.800048828125,1911.0999755859373,1911.0999755859373,195.0,78.87999725341797,80.44999694824219,78.13999938964844,79.83000183105469,411409.0,5.33,306.082,120.5137,15.68,4.25,0,,,,,,TRAIN
2023-08-28,1.0797386169433594,1.0821340084075928,1.079936981201172,1.0797386169433594,0.0,1.2591921091079712,1.2610658407211304,1.2567392587661743,1.2589701414108276,0.0,1915.5,1921.5,1915.5,1917.9000244140625,99.0,80.1500015258789,80.87000274658203,79.61000061035156,80.0999984741211,246584.0,5.33,306.082,120.3155,15.08,4.2,0,,,,,,TRAIN
2023-08-29,1.082555651664734,1.0856702327728271,1.0783531665802002,1.082555651664734,0.0,1.261299729347229,1.263567566871643,1.2563918828964231,1.2611136436462402,0.0,1917.9000244140625,1936.5,1916.9000244140625,1936.5,1674.0,79.9800033569336,81.41000366210938,79.33999633789062,81.16000366210938,284168.0,5.33,306.082,120.2669,14.45,4.12,0,,,,,,TRAIN
2023-08-30,1.0869210958480835,1.094546914100647,1.085611343383789,1.0869210958480835,0.0,1.2639029026031494,1.2743724584579468,1.262004852294922,1.2636793851852417,0.0,1936.0,1946.4000244140625,1934.5999755859373,1944.300048828125,396.0,81.29000091552734,82.05000305175781,80.87999725341797,81.62999725341797,299418.0,5.33,306.082,119.7937,13.88,4.12,0,,,,,,TRAIN
2023-08-31,1.0932546854019165,1.0939722061157229,1.0837171077728271,1.0932546854019165,0.0,1.271310329437256,1.273463487625122,1.2654383182525637,1.271179437637329,0.0,1944.4000244140625,1944.4000244140625,1938.199951171875,1938.199951171875,491.0,81.69999694824219,83.69000244140625,81.4800033569336,83.62999725341797,368848.0,5.33,306.082,120.225,13.57,4.09,0,,,,,,TRAIN
2023-09-01,1.0844104290008545,1.0880801677703855,1.0785857439041138,1.0844104290008545,0.0,1.267138123512268,1.2710033655166626,1.259049415588379,1.2672826051712036,0.0,1950.0,1950.0,1936.5999755859373,1939.800048828125,167.0,83.62999725341797,86.05999755859375,83.45999908447266,85.55000305175781,420461.0,5.33,307.276,120.759,13.09,4.18,0,,,,,,TRAIN
2023-09-04,1.07758629322052,1.080905795097351,1.0774004459381104,1.07758629322052,0.0,1.2591286897659302,1.2643502950668335,1.2589067220687866,1.2591445446014404,0.0,,,,,,,,,,,5.33,307.276,120.759,13.82,4.18,0,,,,,,TRAIN
2023-09-05,1.0794472694396973,1.07991361618042,1.0707554817199707,1.0794472694396973,0.0,1.26262629032135,1.2631845474243164,1.2529443502426147,1.2623074054718018,0.0,1934.4000244140625,1934.4000244140625,1924.699951171875,1926.199951171875,113.0,86.05999755859375,88.06999969482422,85.0199966430664,86.69000244140625,452908.0,5.33,307.276,121.4345,14.01,4.27,0,,,,,,TRAIN
2023-09-06,1.0726161003112793,1.074818134307861,1.0705147981643677,1.0726161003112793,0.0,1.2568340301513672,1.2588274478912354,1.2484861612319946,1.2570552825927734,0.0,1924.0999755859373,1925.300048828125,1916.300048828125,1918.0999755859373,24.0,86.72000122070312,88.08000183105469,85.93000030517578,87.54000091552734,307115.0,5.33,307.276,121.8671,14.45,4.3,0,,,,,,TRAIN
2023-09-07,1.0724204778671265,1.073422074317932,1.068764328956604,1.0724204778671265,0.0,1.2499531507492063,1.2507973909378052,1.2448649406433103,1.2498750686645508,0.0,1917.5999755859373,1921.5,1917.5,1917.5,41.0,87.54000091552734,87.73999786376953,86.38999938964844,86.87000274658203,270736.0,5.33,307.276,121.9528,14.4,4.27,0,,,,,,TRAIN
2023-09-08,1.0697818994522097,1.0742061138153076,1.0695072412490845,1.0697818994522097,0.0,1.247551679611206,1.2513139247894287,1.2468827962875366,1.2475050687789917,0.0,1924.0,1924.699951171875,1918.4000244140625,1918.4000244140625,105.0,86.77999877929688,87.94999694824219,86.1500015258789,87.51000213623047,294437.0,5.33,307.276,121.9475,13.84,4.26,0,,,,,,TRAIN
2023-09-11,1.071811318397522,1.0756852626800537,1.0711455345153809,1.071811318397522,0.0,1.248907208442688,1.2547523975372314,1.2483770847320557,1.2489992380142212,0.0,1923.0,1928.300048828125,1921.800048828125,1923.300048828125,50.0,87.4000015258789,88.1500015258789,86.70999908447266,87.29000091552734,292388.0,5.33,307.276,121.3386,13.8,4.29,0,,,,,,TRAIN
2023-09-12,1.0750375986099243,1.0762641429901123,1.070617914199829,1.0750375986099243,0.0,1.2507504224777222,1.2521756887435913,1.246074914932251,1.2508755922317505,0.0,1920.800048828125,1920.800048828125,1911.300048828125,1911.300048828125,365.0,87.2699966430664,89.37000274658203,87.22000122070312,88.83999633789062,341137.0,5.33,307.276,121.2913,14.23,4.27,0,,,,,,TRAIN
2023-09-13,1.075326681137085,1.0765421390533447,1.0717424154281616,1.075326681137085,0.0,1.249531388282776,1.251157283782959,1.2442454099655151,1.2491724491119385,0.0,1910.300048828125,1914.5999755859373,1908.9000244140625,1909.0999755859373,15.0,88.75,89.63999938964844,88.29000091552734,88.5199966430664,345972.0,5.33,307.276,121.0549,13.48,4.25,0,,,,,,TRAIN
2023-09-14,1.073422074317932,1.0755001306533811,1.065507411956787,1.073422074317932,0.0,1.2487667798995972,1.2507035732269287,1.2403408288955688,1.248953938484192,0.0,1903.0,1910.0,1903.0,1910.0,169.0,88.80999755859375,90.79000091552734,88.68000030517578,90.16000366210938,325270.0,5.33,307.276,121.2395,12.82,4.29,0,,,,,,TRAIN
2023-09-15,1.0637166500091553,1.068764328956604,1.0634677410125732,1.0637166500091553,0.0,1.2400485277175903,1.244555115699768,1.2386507987976074,1.2401869297027588,0.0,1923.5,1927.300048828125,1923.5,1923.699951171875,8.0,90.66999816894533,91.2300033569336,89.22000122070312,90.7699966430664,315003.0,5.33,307.276,121.199,13.79,4.33,0,,,,,,TRAIN
2023-09-18,1.0668259859085083,1.0698162317276,1.0656323432922363,1.0668259859085083,0.0,1.2397565841674805,1.2410335540771484,1.2371184825897217,1.2397565841674805,0.0,1928.199951171875,1931.5,1926.4000244140625,1931.5,19.0,91.1999969482422,92.43000030517578,90.75,91.4800033569336,119258.0,5.33,307.276,121.1938,14.0,4.32,0,,,,,,TRAIN
2023-09-19,1.0692671537399292,1.071926236152649,1.0676347017288208,1.0692671537399292,0.0,1.2386049032211304,1.2424366474151611,1.2371797561645508,1.2383747100830078,0.0,1934.0,1934.0,1932.0,1932.0,6.0,92.22000122070312,93.73999786376952,91.06999969482422,91.1999969482422,94597.0,5.33,307.276,121.1645,14.11,4.37,0,,,,,,TRAIN
2023-09-20,1.0682048797607422,1.0726966857910156,1.0675777196884155,1.0682048797607422,0.0,1.2393416166305542,1.240941047668457,1.233714938163757,1.2393569946289062,0.0,1945.5999755859373,1945.5999755859373,1929.199951171875,1945.5999755859373,119.0,91.5500030517578,91.9800033569336,89.87000274658203,90.27999877929688,457854.0,5.33,307.276,120.9648,15.14,4.35,0,,,,,,TRAIN
2023-09-21,1.065303087234497,1.0673611164093018,1.061909317970276,1.065303087234497,0.0,1.2327568531036377,1.233167290687561,1.2247997522354126,1.2328935861587524,0.0,1924.0,1924.0,1919.199951171875,1919.199951171875,9.0,89.30000305175781,90.9800033569336,88.37000274658203,89.62999725341797,351032.0,5.33,307.276,121.5528,17.54,4.49,0,,,,,,TRAIN
2023-09-22,1.0661548376083374,1.0671560764312744,1.06152606010437,1.0661548376083374,0.0,1.2292109727859497,1.2292261123657229,1.2234361171722412,1.2294225692749023,0.0,1925.4000244140625,1925.4000244140625,1925.4000244140625,1925.4000244140625,1.0,89.62000274658203,91.33000183105467,89.30999755859375,90.02999877929688,402087.0,5.33,307.276,121.5306,17.2,4.44,0,,,,,,TRAIN
2023-09-25,1.0648492574691772,1.0655415058135986,1.0577309131622314,1.0648492574691772,0.0,1.2242748737335205,1.2251899242401123,1.2196015119552612,1.2241849899291992,0.0,1916.5999755859373,1916.5999755859373,1916.5999755859373,1916.5999755859373,114.0,90.5500030517578,90.83000183105467,89.02999877929688,89.68000030517578,328369.0,5.33,307.276,122.1143,16.9,4.55,0,,,,,,TRAIN
2023-09-26,1.0591648817062378,1.060895323753357,1.0568143129348757,1.0591648817062378,0.0,1.2214336395263672,1.2215232849121094,1.2160863876342771,1.2213143110275269,0.0,1905.0,1905.0999755859373,1900.4000244140625,1900.4000244140625,161.0,89.87999725341797,90.73999786376952,88.19000244140625,90.38999938964844,318016.0,5.33,307.276,122.4742,18.94,4.56,0,,,,,,TRAIN
2023-09-27,1.0569483041763306,1.057373046875,1.0509058237075806,1.0569483041763306,0.0,1.2146536111831665,1.2164266109466553,1.2129592895507812,1.2146830558776855,0.0,1871.5999755859373,1871.5999755859373,1871.5999755859373,1871.5999755859373,12251.0,90.52999877929688,94.16999816894533,90.4000015258789,93.68000030517578,504630.0,5.33,307.276,122.9895,18.22,4.61,0,,,,,,TRAIN
2023-09-28,1.0505305528640747,1.0578652620315552,1.049185872077942,1.0505305528640747,0.0,1.2137248516082764,1.2223445177078247,1.2121212482452393,1.2135332822799685,0.0,1875.5,1878.199951171875,1856.699951171875,1860.4000244140625,4654.0,93.77999877929688,95.02999877929688,91.38999938964844,91.70999908447266,406709.0,5.33,307.276,122.5342,17.34,4.59,0,,,,,,TRAIN
2023-09-29,1.0562450885772705,1.0617965459823608,1.0558546781539917,1.0562450885772705,0.0,1.2208521366119385,1.227144479751587,1.2182493209838867,1.2204796075820925,0.0,1864.300048828125,1872.300048828125,1846.0,1848.0999755859373,1605.0,91.76000213623048,93.0999984741211,90.3499984741211,90.79000091552734,355782.0,5.33,307.276,122.3077,17.52,4.59,0,,,,,,TRAIN
2023-10-02,1.0565240383148191,1.0590976476669312,1.0492738485336304,1.0565240383148191,0.0,1.2191107273101809,1.2219561338424685,1.2116365432739258,1.2193039655685425,0.0,1844.0999755859373,1845.9000244140625,1826.699951171875,1830.0,2309.0,90.81999969482422,91.87999725341795,88.45999908447266,88.81999969482422,334493.0,5.33,307.696,123.0545,17.61,4.69,0,,,,,,TRAIN
2023-10-03,1.0480751991271973,1.049428105354309,1.0449867248535156,1.0480751991271973,0.0,1.2088828086853027,1.210097074508667,1.2054582834243774,1.209116816520691,0.0,1825.0,1830.9000244140625,1816.800048828125,1824.5999755859373,310.0,88.66999816894531,90.2699966430664,87.76000213623047,89.2300033569336,350659.0,5.33,307.696,123.7848,19.78,4.81,0,,,,,,TRAIN
2023-10-04,1.0472300052642822,1.0532413721084597,1.045369029045105,1.0472300052642822,0.0,1.2078461647033691,1.2175966501235962,1.2042534351348877,1.2078461647033691,0.0,1821.800048828125,1828.199951171875,1816.4000244140625,1818.5,357.0,89.41999816894531,89.58999633789062,84.16000366210938,84.22000122070312,459995.0,5.33,307.696,123.5946,18.58,4.73,0,,,,,,TRAIN
2023-10-05,1.0507071018218994,1.0536853075027466,1.0500892400741575,1.0507071018218994,0.0,1.213651180267334,1.2173891067504885,1.2109030485153198,1.2137395143508911,0.0,1826.300048828125,1826.300048828125,1815.5999755859373,1816.5999755859373,393.0,84.44999694824219,84.91999816894531,82.1500015258789,82.30999755859375,465997.0,5.33,307.696,123.8993,18.49,4.72,0,,,,,,TRAIN
2023-10-06,1.0546631813049316,1.0598160028457642,1.0483938455581665,1.0546631813049316,0.0,1.2188730239868164,1.2260762453079224,1.210771083831787,1.218769073486328,0.0,1819.0,1831.800048828125,1809.4000244140625,1830.199951171875,390.0,82.27999877929688,83.27999877929688,81.5,82.79000091552734,461139.0,5.33,307.696,123.3563,17.45,4.78,0,,,,,,TRAIN
2023-10-09,1.056747317314148,1.0576413869857788,1.0521442890167236,1.056747317314148,0.0,1.222195029258728,1.2224340438842771,1.2164266109466553,1.222090482711792,0.0,1842.5,1861.5,1842.5,1849.5,232.0,85.25,87.23999786376953,84.66999816894531,86.37999725341797,435037.0,5.33,307.696,123.3563,17.7,4.78,0,,,,,,TRAIN
2023-10-10,1.0578875541687012,1.061954379081726,1.0555983781814575,1.0578875541687012,0.0,1.2252498865127563,1.22877299785614,1.2213293313980105,1.225039839744568,0.0,1857.0,1861.4000244140625,1852.800048828125,1861.0,236.0,86.43000030517578,86.73999786376953,85.12000274658203,85.97000122070312,337654.0,5.33,307.696,122.9282,17.03,4.66,0,,,,,,TRAIN
2023-10-11,1.0604791641235352,1.063354730606079,1.0592771768569946,1.0604791641235352,0.0,1.2291958332061768,1.233608365058899,1.2270541191101074,1.229135513305664,0.0,1869.5,1874.5999755859373,1869.0999755859373,1872.800048828125,65.0,85.95999908447266,86.51000213623047,83.11000061035156,83.48999786376953,425395.0,5.33,307.696,122.7697,16.09,4.58,0,,,,,,TRAIN
2023-10-12,1.0624282360076904,1.063908934593201,1.0545964241027832,1.0624282360076904,0.0,1.231693983078003,1.2330759763717651,1.2207180261611938,1.2316333055496216,0.0,1874.699951171875,1881.199951171875,1867.0,1869.300048828125,46.0,83.19999694824219,85.19999694824219,82.30999755859375,82.91000366210938,373492.0,5.33,307.696,123.2101,16.69,4.7,0,,,,,,TRAIN
2023-10-13,1.0536741018295288,1.0558546781539917,1.0496152639389038,1.0536741018295288,0.0,1.218397855758667,1.2223445177078247,1.2132682800292969,1.2183235883712769,0.0,1877.5,1930.0999755859373,1877.5,1927.4000244140625,43.0,83.51000213623047,87.83000183105469,83.3499984741211,87.69000244140625,356863.0,5.33,307.696,123.5954,19.32,4.63,0,,,,,,TRAIN
2023-10-16,1.052155375480652,1.055464744567871,1.0516352653503418,1.052155375480652,0.0,1.2154803276062012,1.2199585437774658,1.2144323587417605,1.215376853942871,0.0,1910.4000244140625,1921.0999755859373,1910.300048828125,1921.0999755859373,53.0,87.72000122070312,88.33000183105469,86.31999969482422,86.66000366210938,235780.0,5.33,307.696,123.3185,17.21,4.71,0,,,,,,TRAIN
2023-10-17,1.055431246757507,1.0595004558563232,1.0533411502838137,1.055431246757507,0.0,1.2212547063827517,1.2216874361038208,1.2134743928909302,1.2211503982543943,0.0,1914.300048828125,1925.800048828125,1914.300048828125,1922.699951171875,103.0,87.05999755859375,87.75,85.5999984741211,86.66000366210938,197124.0,5.33,307.696,123.1202,17.88,4.83,0,,,,,,TRAIN
2023-10-18,1.057305932044983,1.0595465898513794,1.0527091026306152,1.057305932044983,0.0,1.2178043127059937,1.2211652994155884,1.2140341997146606,1.2178784608840942,0.0,1935.0,1957.9000244140625,1935.0,1955.300048828125,67.0,87.80999755859375,89.87999725341797,87.19999694824219,88.31999969482422,92797.0,5.33,307.696,123.8148,19.22,4.91,0,,,,,,TRAIN
2023-10-19,1.053851842880249,1.0585371255874634,1.0528864860534668,1.053851842880249,0.0,1.2143585681915283,1.215894103050232,1.209277629852295,1.214343786239624,0.0,1950.0999755859373,1977.699951171875,1945.699951171875,1968.4000244140625,1945.0,88.23999786376953,90.68000030517578,86.5999984741211,89.37000274658203,72058.0,5.33,307.696,123.798,21.4,4.98,0,,,,,,TRAIN
2023-10-20,1.0586491823196411,1.0601080656051636,1.056579828262329,1.0586491823196411,0.0,1.2137248516082764,1.2160272598266602,1.2094823122024536,1.2137248516082764,0.0,1981.0999755859373,1988.5999755859373,1980.4000244140625,1982.5,557.0,90.27999877929688,90.77999877929688,88.33000183105469,88.75,311917.0,5.33,307.696,123.612,21.71,4.93,0,,,,,,TRAIN
2023-10-23,1.0589966773986816,1.064736008644104,1.057183027267456,1.0589966773986816,0.0,1.2163822650909424,1.2236157655715942,1.2143291234970093,1.216397047042847,0.0,1976.199951171875,1978.9000244140625,1972.9000244140625,1976.300048828125,127.0,88.0,88.29000091552734,85.3499984741211,85.48999786376953,315517.0,5.33,307.696,123.2846,20.37,4.86,0,,,,,,TRAIN
2023-10-24,1.0669853687286377,1.0690499544143677,1.0584250688552856,1.0669853687286377,0.0,1.225144863128662,1.2288333177566528,1.215953350067139,1.2250248193740845,0.0,1970.300048828125,1975.0,1970.300048828125,1975.0,10.0,86.1500015258789,86.30000305175781,82.94000244140625,83.73999786376953,370591.0,5.33,307.696,123.6416,18.97,4.83,0,,,,,,TRAIN
2023-10-25,1.059535264968872,1.0606703758239746,1.0566803216934204,1.059535264968872,0.0,1.2163230180740356,1.217730164527893,1.2115631103515625,1.216189980506897,0.0,1971.199951171875,1985.300048828125,1971.199951171875,1984.0999755859373,97.0,83.69000244140625,85.55999755859375,82.08000183105469,85.38999938964844,429459.0,5.33,307.696,123.7871,20.19,4.95,0,,,,,,TRAIN
2023-10-26,1.056725025177002,1.056970715522766,1.0526316165924072,1.056725025177002,0.0,1.210214138031006,1.213194727897644,1.2070443630218506,1.210345983505249,0.0,1988.199951171875,1988.199951171875,1980.4000244140625,1987.199951171875,521.0,85.37000274658203,85.58999633789062,82.55999755859375,83.20999908447266,341792.0,5.33,307.696,124.0064,20.68,4.86,0,,,,,,TRAIN
2023-10-27,1.0564459562301636,1.0597710609436035,1.053629755973816,1.0564459562301636,0.0,1.2136069536209106,1.2161750793457031,1.2106537818908691,1.213710069656372,0.0,1988.5999755859373,1988.5999755859373,1988.5999755859373,1988.5999755859373,372.0,83.52999877929688,85.9000015258789,83.0999984741211,85.54000091552734,333760.0,5.33,307.696,123.62,21.27,4.84,0,,,,,,TRAIN
2023-10-30,1.0562450885772705,1.0625998973846436,1.054841160774231,1.0562450885772705,0.0,1.2113136053085327,1.2165894508361816,1.2092629671096802,1.2113723754882812,0.0,2004.0999755859373,2004.0999755859373,1992.5,1996.199951171875,157.0,85.0,85.30000305175781,81.81999969482422,82.30999755859375,356928.0,5.33,307.696,123.4076,19.75,4.88,0,,,,,,TRAIN
2023-10-31,1.061503529548645,1.0669056177139282,1.0567585229873655,1.061503529548645,0.0,1.216519832611084,1.219928741455078,1.2120037078857422,1.2165746688842771,0.0,1996.5,2001.0,1983.699951171875,1985.199951171875,84.0,82.58999633789062,83.37000274658203,80.73999786376953,81.0199966430664,346007.0,5.33,307.696,123.8364,18.14,4.88,0,,,,,,TRAIN
2023-11-01,1.0579099655151367,1.0580778121948242,1.0522881746292114,1.0579099655151367,0.0,1.2151259183883667,1.2165154218673706,1.2097749710083008,1.215214490890503,0.0,1990.5,1990.5,1977.800048828125,1978.800048828125,41.0,81.4800033569336,83.41999816894531,80.30000305175781,80.44000244140625,321592.0,5.33,308.148,123.7922,16.87,4.77,0,,,,,,TRAIN
2023-11-02,1.05870521068573,1.067008137702942,1.0584250688552856,1.05870521068573,0.0,1.2184275388717651,1.2224191427230835,1.2156428098678589,1.218219757080078,0.0,1989.0999755859373,1990.300048828125,1979.5,1985.5999755859373,39.0,80.81999969482422,82.83000183105469,80.22000122070312,82.45999908447266,307122.0,5.33,308.148,122.8818,15.66,4.67,0,,,,,,TRAIN
2023-11-03,1.061909317970276,1.0736998319625854,1.0615485906600952,1.061909317970276,0.0,1.2190959453582764,1.2374552488327026,1.2185462713241575,1.2191851139068604,0.0,1989.0,1991.5,1989.0,1991.5,12.0,82.58000183105469,83.5999984741211,80.0999984741211,80.51000213623047,457281.0,5.33,308.148,121.7564,14.91,4.57,0,,,,,,TRAIN
2023-11-06,1.073214769363403,1.075700283050537,1.0723400115966797,1.073214769363403,0.0,1.2372256517410278,1.2429462671279907,1.2366900444030762,1.237378716468811,0.0,1981.5999755859373,1981.5999755859373,1977.4000244140625,1981.5999755859373,130.0,81.12999725341797,82.23999786376953,80.66000366210938,80.81999969482422,271131.0,5.33,308.148,121.6484,14.89,4.67,0,,,,,,TRAIN
2023-11-07,1.0721560716629028,1.0721560716629028,1.0664732456207275,1.0721560716629028,0.0,1.2344460487365725,1.2347599267959597,1.2277169227600098,1.2345526218414309,0.0,1966.5,1966.800048828125,1960.699951171875,1966.800048828125,20.0,80.93000030517578,81.05000305175781,77.08999633789062,77.37000274658203,396289.0,5.33,308.148,122.0777,14.81,4.58,0,,,,,,TRAIN
2023-11-08,1.0696102380752563,1.071604609489441,1.0660640001296997,1.0696102380752563,0.0,1.22901451587677,1.2301334142684937,1.2243348360061646,1.2291808128356934,0.0,1967.800048828125,1967.800048828125,1947.699951171875,1951.5,43.0,77.12000274658203,77.52999877929688,74.91000366210938,75.33000183105469,429647.0,5.33,308.148,122.0926,14.45,4.49,0,,,,,,TRAIN
2023-11-09,1.07104229927063,1.0728002786636353,1.0681477785110474,1.07104229927063,0.0,1.228606939315796,1.2309207916259766,1.225385069847107,1.2285012006759644,0.0,1951.699951171875,1964.199951171875,1945.300048828125,1964.199951171875,10.0,75.6500015258789,77.16000366210938,75.20999908447266,75.73999786376953,303430.0,5.33,308.148,122.1281,15.29,4.62,0,,,,,,TRAIN
2023-11-10,1.0667576789855957,1.0692557096481323,1.0657685995101929,1.0667576789855957,0.0,1.2215979099273682,1.223825454711914,1.2189027070999146,1.2217023372650146,0.0,1959.5999755859373,1959.5999755859373,1932.5999755859373,1932.5999755859373,375.0,75.58999633789062,77.7300033569336,75.30999755859375,77.16999816894531,266998.0,5.33,308.148,122.1281,14.17,4.61,0,,,,,,TRAIN
2023-11-13,1.069015622138977,1.070549249649048,1.0665528774261477,1.069015622138977,0.0,1.2230321168899536,1.2271745204925537,1.2224639654159546,1.2228227853775024,0.0,1939.9000244140625,1947.199951171875,1934.0,1945.5,191.0,77.1500015258789,78.63999938964844,76.20999908447266,78.26000213623047,262903.0,5.33,308.148,122.4264,14.76,4.63,0,,,,,,TRAIN
2023-11-14,1.0701825618743896,1.08672034740448,1.0693585872650146,1.0701825618743896,0.0,1.2280335426330566,1.2487980127334597,1.226542353630066,1.228063702583313,0.0,1965.800048828125,1965.800048828125,1961.800048828125,1961.800048828125,2.0,78.52999877929688,79.7699966430664,77.79000091552734,78.26000213623047,263002.0,5.33,308.148,121.35,14.16,4.44,0,,,,,,TRAIN
2023-11-15,1.0878314971923828,1.0887316465377808,1.0832945108413696,1.0878314971923828,0.0,1.2494065761566162,1.249921798706055,1.2405717372894287,1.24945330619812,0.0,1962.800048828125,1962.800048828125,1960.0,1960.0999755859373,6.0,78.16999816894531,78.7699966430664,76.30999755859375,76.66000366210938,282301.0,5.33,308.148,121.0749,14.18,4.53,0,,,,,,TRAIN
2023-11-16,1.0854581594467163,1.0893957614898682,1.0830950736999512,1.0854581594467163,0.0,1.2423748970031738,1.2455161809921265,1.2378230094909668,1.2422360181808472,0.0,1965.300048828125,1983.9000244140625,1964.5999755859373,1983.9000244140625,39.0,76.5999984741211,76.62999725341797,72.16000366210938,72.9000015258789,125165.0,5.33,308.148,121.1754,14.32,4.45,0,,,,,,TRAIN
2023-11-17,1.0853756666183472,1.089229702949524,1.0825204849243164,1.0853756666183472,0.0,1.2415728569030762,1.2442454099655151,1.237593173980713,1.2414957284927368,0.0,1982.5,1984.0,1979.800048828125,1981.5999755859373,32.0,72.97000122070312,75.98999786376953,72.75,75.88999938964844,101484.0,5.33,308.148,120.8477,13.8,4.44,0,,,,,,TRAIN
2023-11-20,1.090702772140503,1.0945110321044922,1.0897995233535769,1.090702772140503,0.0,1.2454074621200562,1.25101637840271,1.244678974151611,1.2454540729522705,0.0,1978.699951171875,1979.4000244140625,1969.699951171875,1977.699951171875,182.0,75.6500015258789,78.22000122070312,75.6500015258789,77.5999984741211,270638.0,5.33,308.148,120.2533,13.41,4.42,0,,,,,,TRAIN
2023-11-21,1.0945948362350464,1.096731662750244,1.0922993421554563,1.0945948362350464,0.0,1.2509069442749023,1.2558395862579346,1.2505784034729004,1.2509069442749023,0.0,1990.699951171875,2005.5,1988.5,1999.300048828125,16.0,77.6500015258789,77.91999816894531,76.91999816894531,77.7699966430664,238629.0,5.33,308.148,120.2241,13.35,4.41,0,,,,,,TRAIN
2023-11-22,1.0918222665786743,1.092251539230347,1.0854581594467163,1.0918222665786743,0.0,1.2545477151870728,1.254878282546997,1.244926929473877,1.2544218301773071,0.0,1999.0999755859373,1999.4000244140625,1991.0,1991.4000244140625,6075.0,77.7699966430664,77.97000122070312,73.79000091552734,77.0999984741211,389325.0,5.33,308.148,120.6802,12.85,4.42,0,,,,,,TRAIN
2023-11-23,1.0890873670578003,1.0927051305770874,1.0888028144836426,1.0890873670578003,0.0,1.249109983444214,1.2562813758850098,1.2489851713180542,1.2490007877349854,0.0,,,,,,,,,,,5.33,308.148,120.6802,12.8,4.42,0,,,,,,TRAIN
2023-11-24,1.0906314849853516,1.0944151878356934,1.089561939239502,1.0906314849853516,0.0,1.253289818763733,1.261670470237732,1.252536416053772,1.2533526420593262,0.0,1991.9000244140625,2002.199951171875,1991.5,2002.199951171875,63.0,76.79000091552734,77.08999633789062,75.06999969482422,75.54000091552734,281147.0,5.33,308.148,120.2105,12.46,4.47,0,,,,,,TRAIN
2023-11-27,1.0940439701080322,1.0959264039993286,1.0925856828689575,1.0940439701080322,0.0,1.260096549987793,1.2644143104553225,1.2592079639434814,1.2600330114364624,0.0,2011.699951171875,2011.800048828125,2011.699951171875,2011.800048828125,228.0,75.30999755859375,76.2300033569336,74.05999755859375,74.86000061035156,289562.0,5.33,308.148,120.173,12.69,4.39,0,,,,,,TRAIN
2023-11-28,1.095842361450195,1.100715398788452,1.0935057401657104,1.095842361450195,0.0,1.263567566871643,1.2714072465896606,1.2608274221420288,1.2634397745132446,0.0,2040.5999755859373,2042.699951171875,2039.699951171875,2039.699951171875,174665.0,75.06999969482422,77.0199966430664,74.63999938964844,76.41000366210938,286618.0,5.33,308.148,119.5904,12.69,4.34,0,,,,,,TRAIN
2023-11-29,1.100594401359558,1.1016855239868164,1.096118688583374,1.100594401359558,0.0,1.271342635154724,1.2732527256011963,1.266640543937683,1.2712295055389404,0.0,2041.699951171875,2052.10009765625,2036.0,2047.0999755859373,15290.0,76.55999755859375,78.08999633789062,75.66999816894531,77.86000061035156,322170.0,5.33,308.148,119.8159,12.98,4.27,0,,,,,,TRAIN
2023-11-30,1.0973695516586304,1.098538875579834,1.08949077129364,1.0973695516586304,0.0,1.2695833444595337,1.2710033655166626,1.2605571746826172,1.2696397304534912,0.0,2046.0999755859373,2047.0999755859373,2033.0999755859373,2038.0999755859373,2506.0,77.75,79.5999984741211,75.05000305175781,75.95999908447266,559169.0,5.33,308.148,120.2434,12.92,4.37,0,,,,,,TRAIN
2023-12-01,1.089205980300903,1.0913456678390503,1.0831537246704102,1.089205980300903,0.0,1.2631845474243164,1.2689712047576904,1.2616068124771118,1.2631685733795166,0.0,2038.300048828125,2073.199951171875,2036.0,2071.0,614.0,75.58999633789062,76.76000213623047,73.93000030517578,74.06999969482422,358976.0,5.33,308.741,119.9424,12.63,4.22,0,,,,,,TRAIN
2023-12-04,1.088814616203308,1.0887316465377808,1.0805671215057373,1.088814616203308,0.0,1.271213412284851,1.2712780237197876,1.2605730295181274,1.271310329437256,0.0,2075.300048828125,2130.199951171875,2021.0,2024.0999755859373,1071.0,74.58000183105469,75.02999877929688,72.62999725341797,73.04000091552734,388832.0,5.33,308.741,120.4727,13.08,4.28,0,,,,,,TRAIN
2023-12-05,1.0837758779525757,1.0848339796066284,1.078260064125061,1.0837758779525757,0.0,1.2634079456329346,1.2650541067123413,1.2583364248275757,1.2634079456329346,0.0,2035.0999755859373,2037.0,2010.199951171875,2018.5,289.0,73.30000305175781,74.12000274658203,72.0199966430664,72.31999969482422,358703.0,5.33,308.741,120.7913,12.85,4.18,0,,,,,,TRAIN
2023-12-06,1.0793657302856443,1.0803686380386353,1.0773192644119265,1.0793657302856443,0.0,1.2594934701919556,1.2613840103149414,1.2581782341003418,1.2594457864761353,0.0,2019.9000244140625,2035.800048828125,2019.0,2030.5,417.0,72.0999984741211,72.5999984741211,69.11000061035156,69.37999725341797,436803.0,5.33,308.741,120.5334,12.97,4.12,0,,,,,,TRAIN
2023-12-07,1.076669692993164,1.0796804428100586,1.0757662057876587,1.076669692993164,0.0,1.2558002471923828,1.2593823671340942,1.2545477151870728,1.2558711767196655,0.0,2029.199951171875,2034.9000244140625,2024.0,2029.9000244140625,67.0,69.27999877929688,70.4800033569336,68.80000305175781,69.33999633789062,339000.0,5.33,308.741,120.6013,13.06,4.14,0,,,,,,TRAIN
2023-12-08,1.079214334487915,1.0800535678863523,1.073145627975464,1.079214334487915,0.0,1.2588101625442505,1.2601124048233032,1.2504688501358032,1.258954405784607,0.0,2031.699951171875,2033.0999755859373,1995.0,1998.300048828125,449.0,69.76000213623047,71.62999725341797,69.5,71.2300033569336,302250.0,5.33,308.741,120.7607,12.35,4.23,0,,,,,,TRAIN
2023-12-11,1.0765769481658936,1.077934741973877,1.0743216276168823,1.0765769481658936,0.0,1.2557450532913208,1.2591286897659302,1.2535884380340576,1.2554770708084106,0.0,2004.0999755859373,2004.199951171875,1977.199951171875,1978.0,651.0,71.1500015258789,71.80999755859375,70.3499984741211,71.31999969482422,274414.0,5.33,308.741,120.9279,12.63,4.23,0,,,,,,TRAIN
2023-12-12,1.076658010482788,1.0822042226791382,1.0761829614639282,1.076658010482788,0.0,1.2554140090942385,1.2608431577682495,1.2518621683120728,1.2554612159729004,0.0,1984.199951171875,1994.199951171875,1977.800048828125,1977.800048828125,95.0,71.43000030517578,71.95999908447266,68.22000122070312,68.61000061035156,324530.0,5.33,308.741,120.6817,12.07,4.2,0,,,,,,TRAIN
2023-12-13,1.0798670053482056,1.0808240175247192,1.0774004459381104,1.0798670053482056,0.0,1.256969928741455,1.257071018218994,1.2506252527236938,1.257071018218994,0.0,1978.5,2024.800048828125,1975.0,1982.300048828125,2252.0,68.7300033569336,69.88999938964844,67.70999908447266,69.47000122070312,306996.0,5.33,308.741,121.1571,12.19,4.04,0,,,,,,TRAIN
2023-12-14,1.0886130332946775,1.1004126071929932,1.088020920753479,1.0886130332946775,0.0,1.2621641159057615,1.27790629863739,1.2614158391952517,1.2622915506362915,0.0,2024.699951171875,2040.0999755859373,2024.300048828125,2030.199951171875,236.0,69.8499984741211,72.45999908447266,69.54000091552734,71.58000183105469,275688.0,5.33,308.741,119.5683,12.48,3.92,0,,,,,,TRAIN
2023-12-15,1.0993602275848389,1.100594401359558,1.090227127075195,1.0993602275848389,0.0,1.277106523513794,1.2790995836257937,1.2685526609420776,1.2771391868591309,0.0,2032.5999755859373,2043.4000244140625,2018.300048828125,2021.0999755859373,261.0,71.61000061035156,72.22000122070312,70.30000305175781,71.43000030517578,95513.0,5.33,308.741,119.7382,12.28,3.91,0,,,,,,TRAIN
2023-12-18,1.0895264148712158,1.0930036306381226,1.0894551277160645,1.0895264148712158,0.0,1.2672826051712036,1.2703574895858765,1.2630568742752075,1.2672343254089355,0.0,2024.300048828125,2032.800048828125,2024.0,2026.300048828125,100.0,71.68000030517578,74.26000213623047,70.63999938964844,72.47000122070312,73941.0,5.33,308.741,119.9102,12.56,3.95,0,,,,,,TRAIN
2023-12-19,1.092382788658142,1.098799705505371,1.091607689857483,1.092382788658142,0.0,1.2653422355651855,1.276145100593567,1.2650221586227417,1.2651821374893188,0.0,2025.199951171875,2042.699951171875,2025.199951171875,2038.4000244140625,498.0,72.4800033569336,74.01000213623047,71.8499984741211,73.44000244140625,230042.0,5.33,308.741,119.4632,12.53,3.93,0,,,,,,TRAIN
2023-12-20,1.0981045961380005,1.09797203540802,1.0935654640197754,1.0981045961380005,0.0,1.273074507713318,1.273106813430786,1.2632802724838257,1.2732689380645752,0.0,2037.0999755859373,2037.0999755859373,2030.300048828125,2034.5,258.0,74.05999755859375,75.37000274658203,73.5999984741211,74.22000122070312,273364.0,5.33,308.741,119.5435,13.67,3.86,0,,,,,,TRAIN
2023-12-21,1.094570875167847,1.099976897239685,1.0936251878738403,1.094570875167847,0.0,1.2640626430511477,1.2692127227783203,1.261479377746582,1.2641266584396362,0.0,2035.800048828125,2044.5,2033.0,2039.0999755859373,228.0,73.80999755859375,74.58000183105469,72.44000244140625,73.88999938964844,251982.0,5.33,308.741,119.3168,13.65,3.89,0,,,,,,TRAIN
2023-12-22,1.100618600845337,1.1040574312210083,1.0994206666946411,1.100618600845337,0.0,1.268617033958435,1.274534821510315,1.2680699825286863,1.268499493598938,0.0,2055.699951171875,2068.699951171875,2052.199951171875,2057.10009765625,202.0,73.91000366210938,74.9800033569336,73.38999938964844,73.55999755859375,222600.0,5.33,308.741,119.0625,13.03,3.9,0,,,,,,TRAIN
2023-12-25,1.102657437324524,1.1042402982711792,1.0999890565872192,1.102657437324524,0.0,1.2677003145217896,1.2746647596359253,1.2677003145217896,1.2677003145217896,0.0,,,,,,,,,,,5.33,308.741,119.0625,13.03,3.9,0,,,,,,TRAIN
2023-12-26,1.1020255088806152,1.103996515274048,1.1009578704833984,1.1020255088806152,0.0,1.27048659324646,1.2719409465789795,1.2685526609420776,1.27048659324646,0.0,2060.0,2060.800048828125,2054.199951171875,2058.199951171875,64.0,73.55999755859375,76.18000030517578,73.12999725341797,75.56999969482422,208715.0,5.33,308.741,118.8875,12.99,3.89,0,,,,,,TRAIN
2023-12-27,1.1043012142181396,1.1122480630874634,1.102924942970276,1.1043012142181396,0.0,1.2728314399719238,1.2801146507263184,1.270050883293152,1.272718071937561,0.0,2067.300048828125,2081.89990234375,2064.800048828125,2081.89990234375,586.0,75.31999969482422,75.66000366210938,73.7699966430664,74.11000061035156,253323.0,5.33,308.741,118.4729,12.43,3.79,0,,,,,,TRAIN
2023-12-28,1.110864281654358,1.113945484161377,1.1071009635925293,1.110864281654358,0.0,1.2802294492721558,1.2826762199401855,1.274015188217163,1.2800819873809814,0.0,2081.60009765625,2087.300048828125,2066.5,2073.89990234375,338.0,73.80000305175781,74.4000015258789,71.72000122070312,71.7699966430664,262748.0,5.33,308.741,118.4104,12.47,3.84,0,,,,,,TRAIN
2023-12-29,1.1068191528320312,1.1086474657058716,1.1043256521224976,1.1068191528320312,0.0,1.2735446691513062,1.2772533893585205,1.2702767848968506,1.2733986377716064,0.0,2068.0,2068.89990234375,2062.10009765625,2062.39990234375,47.0,71.98999786376953,72.62000274658203,71.25,71.6500015258789,214486.0,5.33,308.741,118.4208,12.45,3.88,0,,,,,,TRAIN
2024-01-01,1.1055831909179688,1.1053388118743896,1.103996515274048,1.1055831909179688,0.0,1.272999882698059,1.2732998132705688,1.269357681274414,1.272999882698059,0.0,,,,,,,,,,,5.33,309.698,118.4208,12.45,3.88,0,,,,,,TRAIN
2024-01-02,1.1038745641708374,1.1046061515808103,1.0941996574401855,1.1038745641708374,0.0,1.2728476524353027,1.2760635614395142,1.261240839958191,1.2728800773620603,0.0,2063.5,2073.699951171875,2057.10009765625,2064.39990234375,61.0,71.70999908447266,73.63999938964844,70.05999755859375,70.37999725341797,330992.0,5.33,309.698,119.2686,13.2,3.95,0,,,,,,TRAIN
2024-01-03,1.0941756963729858,1.0967004299163818,1.0898706912994385,1.0941756963729858,0.0,1.262371301651001,1.2652462720870972,1.2618296146392822,1.2623074054718018,0.0,2034.199951171875,2044.0,2034.199951171875,2034.199951171875,54.0,70.5,73.2300033569336,69.27999877929688,72.69999694824219,334861.0,5.33,309.698,119.6958,14.04,3.91,0,,,,,,TRAIN
2024-01-04,1.0927767753601074,1.0970205068588257,1.0917030572891235,1.0927767753601074,0.0,1.2675235271453855,1.2728151082992554,1.2657907009124756,1.2674272060394287,0.0,2041.5999755859373,2044.5,2038.0,2042.300048828125,88.0,73.04000091552734,74.0,71.05999755859375,72.19000244140625,344467.0,5.33,309.698,119.6208,14.13,3.99,0,,,,,,TRAIN
2024-01-05,1.0947387218475342,1.0996382236480713,1.0879853963851929,1.0947387218475342,0.0,1.2682147026062012,1.2770087718963623,1.2612885236740112,1.2684078216552734,0.0,2044.5,2048.10009765625,2042.4000244140625,2042.4000244140625,12.0,72.4000015258789,74.23999786376953,72.20999908447266,73.80999755859375,325525.0,5.33,309.698,119.388,13.35,4.05,0,,,,,,TRAIN
2024-01-08,1.0942236185073853,1.0978153944015503,1.092454433441162,1.0942236185073853,0.0,1.2716983556747437,1.2765034437179563,1.2675074338912964,1.271779179573059,0.0,2019.0999755859373,2033.699951171875,2019.0999755859373,2026.5999755859373,10.0,73.51000213623047,73.94999694824219,70.12999725341797,70.7699966430664,392249.0,5.33,309.698,119.2506,13.08,4.01,0,,,,,,TRAIN
2024-01-09,1.095170259475708,1.096731662750244,1.0912623405456543,1.095170259475708,0.0,1.2741937637329102,1.2765034437179563,1.2691644430160522,1.274518609046936,0.0,2035.800048828125,2035.800048828125,2026.4000244140625,2026.4000244140625,27.0,70.91000366210938,72.93000030517578,70.47000122070312,72.23999786376953,363445.0,5.33,309.698,119.6666,12.76,4.02,0,,,,,,TRAIN
2024-01-10,1.093242645263672,1.0969723463058472,1.0923351049423218,1.093242645263672,0.0,1.2714558839797974,1.274209976196289,1.268729567527771,1.2712942361831665,0.0,2029.0,2035.5999755859373,2021.699951171875,2021.699951171875,538.0,72.16999816894531,73.58999633789062,71.01000213623047,71.37000274658203,352772.0,5.33,309.698,119.7614,12.69,4.04,0,,,,,,TRAIN
2024-01-11,1.0975141525268557,1.0991426706314087,1.093147039413452,1.0975141525268557,0.0,1.274518609046936,1.2774654626846311,1.2690999507904053,1.274518609046936,0.0,2025.0999755859373,2025.0999755859373,2014.300048828125,2014.300048828125,97.0,71.33000183105469,73.80999755859375,71.16999816894531,72.0199966430664,373645.0,5.33,309.698,119.8916,12.44,3.98,0,,,,,,TRAIN
2024-01-12,1.0981649160385132,1.098659634590149,1.0937089920043943,1.0981649160385132,0.0,1.277955174446106,1.2784616947174072,1.2721351385116575,1.2777756452560425,0.0,2031.0999755859373,2057.0,2031.0999755859373,2046.699951171875,390.0,73.01000213623047,75.25,72.36000061035156,72.68000030517578,403636.0,5.33,309.698,119.534,12.7,3.96,0,,,,,,TRAIN
2024-01-15,1.094570875167847,1.0958904027938845,1.0934100151062012,1.094570875167847,0.0,1.2736419439315796,1.274015188217163,1.2714234590530396,1.273658275604248,0.0,,,,,,,,,,,5.33,309.698,119.534,13.25,3.96,0,,,,,,TRAIN
2024-01-16,1.094570875167847,1.094666838645935,1.086708426475525,1.094570875167847,0.0,1.2717145681381226,1.2717145681381226,1.262100338935852,1.271617412567139,0.0,2051.699951171875,2054.800048828125,2026.0,2026.0,46.0,72.62999725341797,73.55999755859375,71.2300033569336,72.4000015258789,430437.0,5.33,309.698,120.5759,13.84,4.07,0,,,,,,TRAIN
2024-01-17,1.087878942489624,1.0884946584701538,1.0845398902893066,1.087878942489624,0.0,1.2639204263687134,1.269551157951355,1.2597472667694092,1.26385498046875,0.0,2026.5,2026.5,2002.5999755859373,2002.5999755859373,764.0,72.0,72.94999694824219,70.5,72.55999755859375,315679.0,5.33,309.698,121.0402,14.79,4.1,0,,,,,,TRAIN
2024-01-18,1.0885775089263916,1.0907504558563232,1.084869384765625,1.0885775089263916,0.0,1.2677645683288574,1.27048659324646,1.2650541067123413,1.2676842212677002,0.0,2012.800048828125,2018.5999755859373,2009.5,2018.5999755859373,1474.0,72.77999877929688,74.37999725341797,72.18000030517578,74.08000183105469,86646.0,5.33,309.698,120.8895,14.13,4.14,0,,,,,,TRAIN
2024-01-19,1.0879143476486206,1.0892653465270996,1.0868265628814695,1.0879143476486206,0.0,1.2711971998214722,1.271617412567139,1.2663196325302124,1.2709871530532837,0.0,2023.199951171875,2036.0,2019.5,2026.5,50.0,74.08000183105469,74.91000366210938,73.19999694824219,73.41000366210938,78234.0,5.33,309.698,120.6442,13.3,4.15,0,,,,,,TRAIN
2024-01-22,1.089229702949524,1.0909883975982666,1.0880327224731443,1.089229702949524,0.0,1.27008318901062,1.273074507713318,1.268826246261597,1.2699863910675049,0.0,2021.300048828125,2021.300048828125,2019.800048828125,2019.800048828125,12.0,73.41000366210938,75.75,72.88999938964844,75.19000244140625,372284.0,5.33,309.698,120.6178,13.19,4.11,0,,,,,,TRAIN
2024-01-23,1.088020920753479,1.0918222665786743,1.0824267864227295,1.088020920753479,0.0,1.270825743675232,1.2747135162353516,1.2655344009399414,1.2706964015960691,0.0,2030.300048828125,2030.300048828125,2022.5,2023.699951171875,15.0,74.68000030517578,75.25,73.41000366210938,74.37000274658203,306060.0,5.33,309.698,121.1001,12.55,4.14,0,,,,,,TRAIN
2024-01-24,1.0857881307601929,1.093147039413452,1.0851871967315674,1.0857881307601929,0.0,1.269422173500061,1.2773675918579102,1.2686814069747925,1.269196629524231,0.0,2023.199951171875,2033.199951171875,2013.9000244140625,2013.9000244140625,253.0,74.56999969482422,75.83000183105469,73.94000244140625,75.08999633789062,323726.0,5.33,309.698,120.4916,13.14,4.18,0,,,,,,TRAIN
2024-01-25,1.088174819946289,1.0900371074676514,1.0826143026351929,1.088174819946289,0.0,1.2718439102172852,1.2742263078689575,1.269293189048767,1.271876335144043,0.0,2012.0999755859373,2022.4000244140625,2012.0999755859373,2016.9000244140625,548.0,75.30000305175781,77.51000213623047,75.16000366210938,77.36000061035156,320177.0,5.33,309.698,120.8311,13.45,4.14,0,,,,,,TRAIN
2024-01-26,1.0847046375274658,1.0883287191390991,1.0813382863998413,1.0847046375274658,0.0,1.2706964015960691,1.27575421333313,1.2677323818206787,1.270825743675232,0.0,2021.699951171875,2022.4000244140625,2016.800048828125,2016.800048828125,49.0,77.1500015258789,78.26000213623047,76.05999755859375,78.01000213623047,365456.0,5.33,309.698,120.6173,13.26,4.15,0,,,,,,TRAIN
2024-01-29,1.0843517780303955,1.084975242614746,1.079715371131897,1.0843517780303955,0.0,1.269712209701538,1.2719409465789795,1.2663196325302124,1.2697607278823853,0.0,2025.199951171875,2025.199951171875,2025.199951171875,2025.199951171875,150708.0,78.9000015258789,79.29000091552734,76.41000366210938,76.77999877929688,331925.0,5.33,309.698,120.8538,13.6,4.08,0,,,,,,TRAIN
2024-01-30,1.0834470987319946,1.085564136505127,1.0812681913375854,1.0834470987319946,0.0,1.2714072465896606,1.2721351385116575,1.2642863988876345,1.2713264226913452,0.0,2032.5,2048.5,2028.0999755859373,2031.5,26907.0,77.0199966430664,78.13999938964844,75.8499984741211,77.81999969482422,347242.0,5.33,309.698,120.6025,13.31,4.06,0,,,,,,TRAIN
2024-01-31,1.08433997631073,1.088565707206726,1.0807656049728394,1.08433997631073,0.0,1.2695188522338867,1.2749247550964355,1.266784906387329,1.269551157951355,0.0,2035.4000244140625,2055.0,2030.0,2048.39990234375,2007.0,77.83999633789062,78.11000061035156,75.5199966430664,75.8499984741211,344493.0,5.33,309.698,120.4331,14.35,3.99,0,,,,,,TRAIN
2024-02-01,1.0803920030593872,1.086555004119873,1.078027606010437,1.0803920030593872,0.0,1.2680699825286863,1.2725398540496826,1.2626293897628784,1.2678449153900146,0.0,2040.199951171875,2064.5,2029.0,2053.0,947.0,75.95999908447266,76.94999694824219,73.69999694824219,73.81999969482422,577936.0,5.33,310.967,120.3335,13.88,3.87,0,,,,,,TRAIN
2024-02-02,1.0874648094177246,1.0897995233535769,1.0783065557479858,1.0874648094177246,0.0,1.27472984790802,1.2772860527038574,1.262371301651001,1.27472984790802,0.0,2054.800048828125,2055.89990234375,2027.699951171875,2036.0999755859373,888.0,73.91000366210938,74.5199966430664,71.79000091552734,72.27999877929688,467768.0,5.33,310.967,120.902,13.85,4.03,0,,,,,,TRAIN
2024-02-05,1.0780043601989746,1.0787487030029297,1.072466492652893,1.0780043601989746,0.0,1.2616863250732422,1.262993097305298,1.252003192901611,1.2621959447860718,0.0,2038.9000244140625,2040.800048828125,2013.800048828125,2025.699951171875,412.0,72.75,73.27999877929688,71.41000366210938,72.77999877929688,350843.0,5.33,310.967,121.349,13.67,4.17,0,,,,,,TRAIN
2024-02-06,1.0741831064224243,1.076310396194458,1.0724550485610962,1.0741831064224243,0.0,1.2534469366073608,1.2594616413116455,1.2534469366073608,1.2534469366073608,0.0,2025.9000244140625,2037.300048828125,2025.9000244140625,2034.5,249.0,72.76000213623047,73.81999969482422,72.37999725341797,73.30999755859375,310955.0,5.33,310.967,120.9588,13.06,4.09,0,,,,,,TRAIN
2024-02-07,1.075719952583313,1.0784345865249634,1.0756388902664185,1.075719952583313,0.0,1.260398268699646,1.2641905546188354,1.2597631216049194,1.2606525421142578,0.0,2032.800048828125,2039.5,2032.699951171875,2035.199951171875,71.0,73.5,74.22000122070312,73.2300033569336,73.86000061035156,294955.0,5.33,310.967,120.9049,12.83,4.09,0,,,,,,TRAIN
2024-02-08,1.077574610710144,1.0789813995361328,1.074310064315796,1.077574610710144,0.0,1.2627538442611694,1.2639029026031494,1.2574820518493652,1.2627378702163696,0.0,2028.0,2036.699951171875,2020.300048828125,2032.199951171875,341.0,74.08000183105469,76.58999633789062,73.55999755859375,76.22000122070312,377906.0,5.33,310.967,121.0798,12.79,4.15,0,,,,,,TRAIN
2024-02-09,1.077725529670715,1.0794472694396973,1.0763914585113523,1.077725529670715,0.0,1.262148141860962,1.264222502708435,1.260096549987793,1.2620525360107422,0.0,2032.0,2032.0,2020.0,2023.300048828125,62.0,76.41999816894531,77.29000091552734,75.93000030517578,76.83999633789062,302612.0,5.33,310.967,121.039,12.93,4.17,0,,,,,,TRAIN
2024-02-12,1.0798202753067017,1.0805437564849854,1.0757662057876587,1.0798202753067017,0.0,1.2638709545135498,1.2654062509536743,1.2607479095458984,1.2637271881103516,0.0,2025.5,2025.5,2011.5999755859373,2018.199951171875,317.0,76.5999984741211,77.08999633789062,75.54000091552734,76.91999816894531,248476.0,5.33,310.967,120.9378,13.93,4.17,0,,,,,,TRAIN
2024-02-13,1.0772264003753662,1.079563856124878,1.0702054500579834,1.0772264003753662,0.0,1.2627538442611694,1.268343448638916,1.2577824592590332,1.2627538442611694,0.0,2025.0999755859373,2025.800048828125,1990.0,1992.9000244140625,198.0,77.02999877929688,78.47000122070312,76.87000274658203,77.87000274658203,338174.0,5.33,310.967,121.5202,15.85,4.31,0,,,,,,TRAIN
2024-02-14,1.070893168449402,1.0734450817108154,1.069553017616272,1.070893168449402,0.0,1.2591286897659302,1.261099338531494,1.2536983489990234,1.2590652704238892,0.0,1990.300048828125,1993.5,1984.800048828125,1990.300048828125,1916.0,77.80999755859375,78.7699966430664,76.37999725341797,76.63999938964844,296131.0,5.33,310.967,121.4002,14.38,4.27,0,,,,,,TRAIN
2024-02-15,1.073214769363403,1.0786322355270386,1.072524070739746,1.073214769363403,0.0,1.256818175315857,1.2596521377563477,1.2542644739151,1.2568340301513672,0.0,1993.5999755859373,2007.199951171875,1993.5999755859373,2002.0999755859373,286.0,76.5999984741211,78.44000244140625,75.77999877929688,78.02999877929688,122432.0,5.33,310.967,121.2121,14.01,4.24,0,,,,,,TRAIN
2024-02-16,1.0773887634277344,1.0780508518218994,1.0734450817108154,1.0773887634277344,0.0,1.259921908378601,1.2602394819259644,1.2554454803466797,1.259921908378601,0.0,2005.0,2011.5,1996.5,2011.5,32.0,78.11000061035156,79.3499984741211,77.22000122070312,79.19000244140625,113713.0,5.33,310.967,121.1505,14.24,4.3,0,,,,,,TRAIN
2024-02-19,1.0784461498260498,1.0789813995361328,1.0762988328933716,1.0784927606582642,0.0,1.2611136436462402,1.262977123260498,1.2583364248275757,1.2611136436462402,0.0,,,,,,,,,,,5.33,310.967,121.1505,14.71,4.3,0,,,,,,TRAIN
2024-02-20,1.0775396823883057,1.0838581323623655,1.0762524604797363,1.0775396823883057,0.0,1.2588274478912354,1.2667046785354614,1.2580199241638184,1.258764147758484,0.0,2015.5999755859373,2029.0,2015.5999755859373,2027.5,1326.0,78.9800033569336,79.80000305175781,77.66999816894531,78.18000030517578,435235.0,5.33,310.967,121.0199,15.42,4.27,0,,,,,,TRAIN
2024-02-21,1.0813149213790894,1.0822510719299316,1.0791910886764526,1.0813149213790894,0.0,1.26264226436615,1.2637910842895508,1.260398268699646,1.2627378702163696,0.0,2028.199951171875,2028.199951171875,2022.300048828125,2022.300048828125,15.0,77.1500015258789,78.08000183105469,76.31999969482422,77.91000366210938,323243.0,5.33,310.967,121.0379,15.34,4.32,0,,,,,,TRAIN
2024-02-22,1.082040309906006,1.0886249542236328,1.0805087089538574,1.082040309906006,0.0,1.2638869285583496,1.2709709405899048,1.2612568140029907,1.2638070583343506,0.0,2033.199951171875,2033.199951171875,2019.699951171875,2019.699951171875,964.0,78.08999633789062,78.91999816894531,77.2300033569336,78.61000061035156,330511.0,5.33,310.967,121.102,14.54,4.33,0,,,,,,TRAIN
2024-02-23,1.0825674533843994,1.0839403867721558,1.0813733339309692,1.0825674533843994,0.0,1.2661433219909668,1.2701799869537354,1.2649741172790527,1.266367793083191,0.0,2026.0,2038.5999755859373,2014.9000244140625,2038.5999755859373,22.0,78.37000274658203,78.38999938964844,76.3499984741211,76.48999786376953,353437.0,5.33,310.967,121.0369,13.75,4.26,0,,,,,,TRAIN
2024-02-26,1.081958293914795,1.0859060287475586,1.0813382863998413,1.0820051431655884,0.0,1.2671059370040894,1.2699542045593262,1.2657266855239868,1.2672665119171145,0.0,2034.0999755859373,2035.4000244140625,2024.800048828125,2028.5,143.0,76.4000015258789,78.02999877929688,75.83999633789062,77.58000183105469,274710.0,5.33,310.967,121.0592,13.74,4.28,0,,,,,,TRAIN
2024-02-27,1.0850930213928225,1.086614012718201,1.083364963531494,1.0850930213928225,0.0,1.268455982208252,1.269689679145813,1.2661913633346558,1.268455982208252,0.0,2035.9000244140625,2035.9000244140625,2034.0,2034.0,964.0,77.62000274658203,79.0,77.16999816894531,78.87000274658203,269236.0,5.33,310.967,120.9647,13.43,4.31,0,,,,,,TRAIN
2024-02-28,1.084481120109558,1.0847163200378418,1.0798670053482056,1.084481120109558,0.0,1.2680699825286863,1.2684237957000732,1.2624667882919312,1.268166422843933,0.0,2029.5,2037.0,2024.800048828125,2033.0,581.0,78.4800033569336,79.62000274658203,77.77999877929688,78.54000091552734,330043.0,5.33,310.967,121.128,13.84,4.27,0,,,,,,TRAIN
2024-02-29,1.0838816165924072,1.085587739944458,1.0805671215057373,1.0838816165924072,0.0,1.2661913633346558,1.2682147026062012,1.2629133462905884,1.2663036584854126,0.0,2034.300048828125,2049.800048828125,2034.300048828125,2045.699951171875,706.0,78.19999694824219,79.27999877929688,77.94000244140625,78.26000213623047,317939.0,5.33,310.967,121.1824,13.4,4.25,0,,,,,,TRAIN
2024-03-01,1.0804970264434814,1.0841518640518188,1.079925298690796,1.0804970264434814,0.0,1.2627220153808594,1.2656145095825195,1.2601124048233032,1.2625465393066406,0.0,2043.0999755859373,2086.89990234375,2041.800048828125,2086.89990234375,1210.0,78.27999877929688,80.8499984741211,78.05000305175781,79.97000122070312,363417.0,5.33,312.345,121.0111,13.11,4.19,0,,,,,,TRAIN
2024-03-04,1.084269404411316,1.0866494178771973,1.0838581323623655,1.084269404411316,0.0,1.266127347946167,1.2706642150878906,1.2656785249710083,1.26603102684021,0.0,2083.60009765625,2119.800048828125,2080.699951171875,2117.699951171875,805.0,80.13999938964844,80.41000366210938,78.55999755859375,78.73999786376953,347214.0,5.33,312.345,120.872,13.49,4.22,0,,,,,,TRAIN
2024-03-05,1.0855170488357544,1.087535738945007,1.084269404411316,1.0855170488357544,0.0,1.269035577774048,1.2733501195907593,1.2672665119171145,1.269196629524231,0.0,2114.89990234375,2133.5,2111.39990234375,2133.5,1287.0,78.73999786376953,79.48999786376953,77.5199966430664,78.1500015258789,436521.0,5.33,312.345,120.8846,14.46,4.13,0,,,,,,TRAIN
2024-03-06,1.0855995416641235,1.091405153274536,1.084293007850647,1.0855995416641235,0.0,1.270502686500549,1.27611243724823,1.269035577774048,1.27048659324646,0.0,2125.5,2150.300048828125,2125.5,2150.300048828125,443.0,78.1500015258789,80.66999816894531,77.98999786376953,79.12999725341797,371049.0,5.33,312.345,120.4649,14.5,4.11,0,,,,,,TRAIN
2024-03-07,1.089953899383545,1.0940918922424316,1.086932897567749,1.089953899383545,0.0,1.2736419439315796,1.2798854112625122,1.272394061088562,1.2735446691513062,0.0,2147.0,2163.0,2147.0,2158.0,152.0,79.12999725341797,79.52999877929688,78.0199966430664,78.93000030517578,432923.0,5.33,312.345,120.1909,14.44,4.09,0,,,,,,TRAIN
2024-03-08,1.0950144529342651,1.097803235054016,1.0927051305770874,1.0950144529342651,0.0,1.2813777923583984,1.2890584468841553,1.2801966667175293,1.281558394432068,0.0,2167.300048828125,2194.89990234375,2166.300048828125,2178.60009765625,259.0,79.51000213623047,79.98999786376953,77.55999755859375,78.01000213623047,347533.0,5.33,312.345,119.975,14.74,4.09,0,,,,,,TRAIN
2024-03-11,1.0942955017089844,1.09505033493042,1.0914647579193115,1.0942955017089844,0.0,1.2856113910675049,1.2862398624420166,1.279606819152832,1.2855123281478882,0.0,2181.0,2184.0,2177.199951171875,2182.5,738.0,77.80000305175781,78.47000122070312,76.79000091552734,77.93000030517578,329873.0,5.33,312.345,120.0394,15.22,4.1,0,,,,,,TRAIN
2024-03-12,1.093135118484497,1.0942115783691406,1.0903223752975464,1.093135118484497,0.0,1.2818540334701538,1.2825446128845217,1.274827241897583,1.2819806337356567,0.0,2182.5,2182.699951171875,2160.39990234375,2160.39990234375,550.0,78.08999633789062,78.7300033569336,77.33999633789062,77.55999755859375,309922.0,5.33,312.345,120.1668,13.84,4.16,0,,,,,,TRAIN
2024-03-13,1.0927767753601074,1.0949305295944214,1.0920488834381104,1.0927767753601074,0.0,1.2796560525894165,1.2809016704559326,1.277612328529358,1.2795906066894531,0.0,2162.5,2175.39990234375,2162.5,2175.39990234375,20.0,78.05999755859375,79.9000015258789,77.56999969482422,79.72000122070312,316390.0,5.33,312.345,119.9642,13.75,4.19,0,,,,,,TRAIN
2024-03-14,1.0955302715301514,1.0954701900482178,1.0884116888046265,1.0955302715301514,0.0,1.2801966667175293,1.2823472023010254,1.273074507713318,1.2802129983901978,0.0,2163.0,2163.0,2162.300048828125,2163.0,515.0,79.62999725341797,81.62000274658203,79.56999969482422,81.26000213623047,297450.0,5.33,312.345,120.241,14.4,4.29,0,,,,,,TRAIN
2024-03-15,1.0883406400680542,1.0901559591293335,1.0873819589614868,1.0883406400680542,0.0,1.2746485471725464,1.2759170532226562,1.273074507713318,1.2745835781097412,0.0,2161.699951171875,2161.699951171875,2157.300048828125,2157.300048828125,100.0,81.13999938964844,81.44999694824219,80.48999786376953,81.04000091552734,185078.0,5.33,312.345,120.4003,14.41,4.31,0,,,,,,TRAIN
2024-03-18,1.0882576704025269,1.0907504558563232,1.0880801677703855,1.0882576704025269,0.0,1.2731878757476809,1.2748597860336304,1.27226459980011,1.2731393575668335,0.0,2146.199951171875,2160.699951171875,2146.199951171875,2160.699951171875,21.0,81.02999877929688,83.08999633789062,81.01000213623047,82.72000122070312,84718.0,5.33,312.345,120.5752,14.33,4.34,0,,,,,,TRAIN
2024-03-19,1.087393879890442,1.0877841711044312,1.0835057497024536,1.087393879890442,0.0,1.272718071937561,1.2729123830795288,1.2669775485992432,1.272718071937561,0.0,2156.10009765625,2156.300048828125,2156.10009765625,2156.300048828125,12.0,82.8499984741211,83.8499984741211,82.38999938964844,83.47000122070312,76814.0,5.33,312.345,120.9332,13.82,4.3,0,,,,,,TRAIN
2024-03-20,1.0863306522369385,1.0874292850494385,1.0836936235427856,1.0863306522369385,0.0,1.271779179573059,1.2730096578598022,1.26850426197052,1.2719409465789795,0.0,2157.300048828125,2185.89990234375,2150.89990234375,2157.89990234375,17.0,83.19999694824219,83.20999908447266,81.44000244140625,81.68000030517578,351161.0,5.33,312.345,120.9289,13.04,4.27,0,,,,,,TRAIN
2024-03-21,1.0937210321426392,1.0944511890411377,1.0856467485427856,1.0937210321426392,0.0,1.2798361778259275,1.280393362045288,1.266047120094299,1.2798361778259275,0.0,2207.0,2211.60009765625,2182.39990234375,2182.39990234375,63.0,81.48999786376953,81.91999816894531,80.30000305175781,81.06999969482422,266860.0,5.33,312.345,120.8086,12.92,4.27,0,,,,,,TRAIN
2024-03-22,1.0862362384796145,1.08695650100708,1.080905795097351,1.0862362384796145,0.0,1.2661433219909668,1.2675877809524536,1.257735013961792,1.2661913633346558,0.0,2179.199951171875,2179.60009765625,2157.5,2158.10009765625,19.0,80.83999633789062,81.44999694824219,80.41999816894531,80.62999725341797,231101.0,5.33,312.345,121.1842,13.06,4.22,0,,,,,,TRAIN
2024-03-25,1.0807539224624634,1.0843634605407717,1.080263614654541,1.0807539224624634,0.0,1.25979483127594,1.2651821374893188,1.2592713832855225,1.25979483127594,0.0,2166.199951171875,2179.39990234375,2166.199951171875,2174.800048828125,79.0,80.8499984741211,82.4800033569336,80.58999633789062,81.94999694824219,300360.0,5.33,312.345,121.0295,13.19,4.25,0,,,,,,TRAIN
2024-03-26,1.0838228464126587,1.0864133834838867,1.082602620124817,1.0838228464126587,0.0,1.2636953592300415,1.266784906387329,1.2625943422317505,1.2637910842895508,0.0,2182.699951171875,2182.699951171875,2175.60009765625,2175.60009765625,202373.0,81.94000244140625,82.36000061035156,81.22000122070312,81.62000274658203,235845.0,5.33,312.345,121.0742,13.24,4.24,0,,,,,,TRAIN
2024-03-27,1.0832358598709106,1.0839285850524902,1.081174612045288,1.0832358598709106,0.0,1.262833595275879,1.2639029026031494,1.2606048583984375,1.2628495693206787,0.0,2179.39990234375,2196.199951171875,2172.10009765625,2190.60009765625,31200.0,81.29000091552734,81.73999786376953,80.55000305175781,81.3499984741211,249964.0,5.33,312.345,121.0089,12.78,4.2,0,,,,,,TRAIN
2024-03-28,1.0813382863998413,1.0828369855880735,1.0775513648986816,1.0813382863998413,0.0,1.261710286140442,1.2649741172790527,1.2586500644683838,1.261670470237732,0.0,2193.60009765625,2234.10009765625,2187.10009765625,2217.39990234375,2040.0,81.70999908447266,83.20999908447266,81.5199966430664,83.16999816894531,293774.0,5.33,312.345,121.0635,13.01,4.2,0,,,,,,TRAIN
2024-03-29,1.0794472694396973,1.0807305574417114,1.0768898725509644,1.0794472694396973,0.0,1.2624191045761108,1.2648141384124756,1.26103413105011,1.26262629032135,0.0,,,,,,,,,,,5.33,312.345,121.0191,13.01,4.2,0,,,,,,TRAIN
2024-04-01,1.0792726278305054,1.0801469087600708,1.0731571912765503,1.0792726278305054,0.0,1.2638230323791504,1.2643823623657229,1.2540757656097412,1.2637271881103516,0.0,2235.699951171875,2264.199951171875,2230.0,2236.5,400.0,83.13999938964844,84.48999786376953,82.5999984741211,83.70999908447266,321059.0,5.33,313.023,121.5151,13.65,4.33,0,,,,,,TRAIN
2024-04-02,1.0737217664718628,1.0778765678405762,1.072535514831543,1.0737217664718628,0.0,1.2547523975372314,1.257861614227295,1.2540757656097412,1.2545477151870728,0.0,2252.0,2279.199951171875,2247.60009765625,2261.0,435.0,84.04000091552734,85.5,83.8499984741211,85.1500015258789,344040.0,5.33,313.023,121.3035,14.61,4.36,0,,,,,,TRAIN
2024-04-03,1.076855182647705,1.0831888914108276,1.0764726400375366,1.076855182647705,0.0,1.2576559782028198,1.2635515928268433,1.2563602924346924,1.2576876878738403,0.0,2281.699951171875,2298.800048828125,2267.89990234375,2294.39990234375,285.0,85.45999908447266,86.19999694824219,84.8499984741211,85.43000030517578,322549.0,5.33,313.023,121.0198,14.33,4.36,0,,,,,,TRAIN
2024-04-04,1.0838346481323242,1.087583065032959,1.0835057497024536,1.0838346481323242,0.0,1.265390396118164,1.268166422843933,1.2645422220230105,1.2651821374893188,0.0,2301.699951171875,2302.89990234375,2280.0,2288.800048828125,251.0,85.66000366210938,87.22000122070312,84.63999938964844,86.58999633789062,359534.0,5.33,313.023,120.7613,16.35,4.31,0,,,,,,TRAIN
2024-04-05,1.0837054252624512,1.084845781326294,1.079167723655701,1.0837054252624512,0.0,1.2639667987823486,1.265006184577942,1.257576823234558,1.26401948928833,0.0,2289.199951171875,2328.39990234375,2267.39990234375,2325.699951171875,344.0,86.86000061035156,87.62999725341797,86.31999969482422,86.91000366210938,353206.0,5.33,313.023,120.9646,16.03,4.39,0,,,,,,TRAIN
2024-04-08,1.0830481052398682,1.085835337638855,1.0821573734283447,1.0830481052398682,0.0,1.26262629032135,1.26558256149292,1.2613521814346311,1.2625305652618408,0.0,2325.60009765625,2341.800048828125,2319.0,2331.699951171875,202.0,86.0999984741211,87.0999984741211,84.69000244140625,86.43000030517578,393734.0,5.33,313.023,120.7359,15.19,4.42,0,,,,,,TRAIN
2024-04-09,1.0863661766052246,1.0888501405715942,1.0849870443344116,1.0863661766052246,0.0,1.265982985496521,1.2709063291549685,1.2650221586227417,1.2658709287643433,0.0,2337.800048828125,2364.699951171875,2337.800048828125,2343.5,211.0,86.58999633789062,86.9800033569336,85.08999633789062,85.2300033569336,314994.0,5.33,313.023,120.7048,14.98,4.36,0,,,,,,TRAIN
2024-04-10,1.0859296321868896,1.0868383646011353,1.073375940322876,1.0859296321868896,0.0,1.2677693367004397,1.2705351114273071,1.2534940242767334,1.2677645683288574,0.0,2346.60009765625,2358.10009765625,2327.699951171875,2329.60009765625,377.0,85.33999633789062,86.37999725341797,84.55000305175781,86.20999908447266,373939.0,5.33,313.023,121.5727,15.8,4.55,0,,,,,,TRAIN
2024-04-11,1.074171543121338,1.0755810737609863,1.0700452327728271,1.074171543121338,0.0,1.2536983489990234,1.2577667236328125,1.2511699199676514,1.2537612915039062,0.0,2341.5,2376.300048828125,2330.60009765625,2354.800048828125,283.0,86.31999969482422,86.62999725341797,84.83999633789062,85.0199966430664,388128.0,5.33,313.023,121.6081,14.91,4.56,0,,,,,,TRAIN
2024-04-12,1.0726851224899292,1.072961449623108,1.062371850013733,1.0726851224899292,0.0,1.2556346654891968,1.2558870315551758,1.2428845167160034,1.2554770708084106,0.0,2377.300048828125,2429.0,2334.300048828125,2356.199951171875,584.0,85.5999984741211,87.66999816894531,85.23999786376953,85.66000366210938,369958.0,5.33,313.023,122.2885,17.31,4.5,0,,,,,,TRAIN
2024-04-15,1.0649627447128296,1.0665528774261477,1.0623606443405151,1.0649627447128296,0.0,1.246012806892395,1.249843716621399,1.2443537712097168,1.2461835145950315,0.0,2362.10009765625,2384.699951171875,2326.0,2365.800048828125,1801.0,85.93000030517578,86.11000061035156,84.05000305175781,85.41000366210938,343894.0,5.33,313.023,122.425,19.23,4.63,0,,,,,,TRAIN
2024-04-16,1.0625749826431274,1.065405249595642,1.0604116916656494,1.0625749826431274,0.0,1.244694471359253,1.2473493814468384,1.2411398887634275,1.2447409629821775,0.0,2384.0,2390.800048828125,2371.39990234375,2390.800048828125,41.0,85.69999694824219,86.18000030517578,84.75,85.36000061035156,241343.0,5.33,313.023,123.1234,18.4,4.67,0,,,,,,TRAIN
2024-04-17,1.0621461868286133,1.0652689933776855,1.0608166456222534,1.0621461868286133,0.0,1.2431007623672483,1.2481745481491089,1.241773247718811,1.2431007623672483,0.0,2384.199951171875,2391.39990234375,2369.300048828125,2371.699951171875,37.0,85.36000061035156,85.51000213623047,82.55000305175781,82.69000244140625,259540.0,5.33,313.023,123.0207,18.21,4.59,0,,,,,,TRAIN
2024-04-18,1.0669398307800293,1.0691757202148438,1.0647813081741333,1.0669398307800293,0.0,1.2453609704971311,1.248455047607422,1.2437810897827148,1.2453765869140625,0.0,2368.39990234375,2384.39990234375,2368.39990234375,2382.300048828125,128.0,82.79000091552734,83.47000122070312,81.55999755859375,82.7300033569336,84468.0,5.33,313.023,123.0017,18.0,4.64,0,,,,,,TRAIN
2024-04-19,1.0644185543060305,1.0680338144302368,1.061176896095276,1.0644185543060305,0.0,1.2436264753341677,1.2468827962875366,1.2392034530639648,1.2437657117843628,0.0,2379.300048828125,2399.800048828125,2377.300048828125,2398.39990234375,160.0,82.62000274658203,86.27999877929688,81.80000305175781,83.13999938964844,76901.0,5.33,313.023,123.1075,18.71,4.62,0,,,,,,TRAIN
2024-04-22,1.0657799243927002,1.067121982574463,1.0625072717666626,1.065825343132019,0.0,1.237623691558838,1.2392648458480835,1.2301182746887207,1.2375777959823608,0.0,2383.300048828125,2383.300048828125,2326.89990234375,2332.199951171875,53.0,83.05000305175781,83.3499984741211,81.8499984741211,82.8499984741211,313914.0,5.33,313.023,123.0609,16.94,4.62,0,,,,,,TRAIN
2024-04-23,1.065405249595642,1.0709964036941528,1.0639317035675049,1.065405249595642,0.0,1.235010027885437,1.245795488357544,1.2333345413208008,1.2350252866744995,0.0,2327.699951171875,2330.800048828125,2294.199951171875,2327.699951171875,171.0,82.12999725341797,83.43000030517578,80.87999725341797,83.36000061035156,355814.0,5.33,313.023,122.7227,15.69,4.61,0,,,,,,TRAIN
2024-04-24,1.0704345703125,1.0715816020965576,1.0679197311401367,1.0704345703125,0.0,1.2455006837844849,1.2467273473739624,1.2423903942108154,1.2453300952911377,0.0,2321.300048828125,2328.699951171875,2314.60009765625,2324.5,95.0,83.4000015258789,83.70999908447266,82.44000244140625,82.80999755859375,329077.0,5.33,313.023,122.89,15.97,4.65,0,,,,,,TRAIN
2024-04-25,1.0699878931045532,1.0731916427612305,1.0678740739822388,1.0699878931045532,0.0,1.2459661960601809,1.2523481845855713,1.2455781698226929,1.2459505796432495,0.0,2315.0,2329.800048828125,2305.0,2329.800048828125,1024.0,82.83000183105469,83.83000183105469,81.98999786376953,83.56999969482422,314116.0,5.33,313.023,122.8384,15.37,4.7,0,,,,,,TRAIN
2024-04-26,1.072961449623108,1.0752919912338257,1.0675548315048218,1.072961449623108,0.0,1.2507973909378052,1.2541544437408447,1.2450664043426514,1.2509069442749023,0.0,2347.89990234375,2347.89990234375,2332.800048828125,2334.800048828125,717.0,83.80999755859375,84.45999908447266,83.3499984741211,83.8499984741211,244090.0,5.33,313.023,122.9471,15.03,4.67,0,,,,,,TRAIN
2024-04-29,1.0706866979599,1.0735372304916382,1.0690956115722656,1.0706866979599,0.0,1.2510946989059448,1.2554926872253418,1.2508443593978882,1.2510477304458618,0.0,2334.800048828125,2345.5,2327.89990234375,2345.39990234375,405.0,83.69000244140625,83.91000366210938,82.4000015258789,82.62999725341797,336984.0,5.33,313.023,122.5449,14.67,4.63,0,,,,,,TRAIN
2024-04-30,1.0715701580047607,1.0736525058746338,1.068433165550232,1.0715701580047607,0.0,1.2559974193572998,1.2562813758850098,1.2505627870559692,1.2559815645217896,0.0,2322.5,2322.5,2291.39990234375,2291.39990234375,113.0,82.76000213623047,83.30000305175781,80.94999694824219,81.93000030517578,400680.0,5.33,313.023,122.9853,15.65,4.69,0,,,,,,TRAIN
2024-05-01,1.0666552782058716,1.0688670873641968,1.0650080442428589,1.0666552782058716,0.0,1.2489384412765503,1.249843716621399,1.2468206882476809,1.2490164041519165,0.0,2287.699951171875,2327.300048828125,2283.800048828125,2299.89990234375,42.0,81.4800033569336,81.56999969482422,78.83000183105469,79.0,441978.0,5.33,313.175,123.0168,15.39,4.63,0,,,,,,TRAIN
2024-05-02,1.0721560716629028,1.0730764865875244,1.0675777196884155,1.0721560716629028,0.0,1.253714084625244,1.2547051906585691,1.2472871541976929,1.2539342641830444,0.0,2321.699951171875,2324.699951171875,2292.300048828125,2299.199951171875,56.0,79.1500015258789,79.9000015258789,78.41000366210938,78.94999694824219,359652.0,5.33,313.175,122.4384,14.68,4.58,0,,,,,,TRAIN
2024-05-03,1.073306918144226,1.080940842628479,1.0725010633468628,1.073306918144226,0.0,1.2539970874786377,1.2629451751708984,1.2529915571212769,1.2540600299835205,0.0,2300.0,2301.0,2277.60009765625,2299.0,194.0,79.06999969482422,79.62999725341797,77.95999908447266,78.11000061035156,324438.0,5.33,313.175,122.1375,13.49,4.5,0,,,,,,TRAIN
2024-05-06,1.0758124589920044,1.079214334487915,1.0756388902664185,1.0758124589920044,0.0,1.2541072368621826,1.2594300508499146,1.2539499998092651,1.2541072368621826,0.0,2322.800048828125,2325.5,2314.199951171875,2321.60009765625,9.0,78.16000366210938,79.08999633789062,77.91000366210938,78.4800033569336,297369.0,5.33,313.175,121.8913,13.49,4.49,0,,,,,,TRAIN
2024-05-07,1.0767507553100586,1.0789813995361328,1.0755810737609863,1.0767507553100586,0.0,1.2559974193572998,1.257023572921753,1.2531641721725464,1.2559815645217896,0.0,2324.300048828125,2324.300048828125,2315.199951171875,2315.199951171875,25.0,78.72000122070312,79.16999816894531,77.55000305175781,78.37999725341797,327593.0,5.33,313.175,122.093,13.23,4.47,0,,,,,,TRAIN
2024-05-08,1.0750491619110107,1.0758472681045532,1.0735719203948977,1.0750491619110107,0.0,1.2503281831741333,1.2505627870559692,1.2467273473739624,1.25014066696167,0.0,2313.60009765625,2313.60009765625,2313.60009765625,2313.60009765625,4.0,78.33999633789062,79.2699966430664,76.88999938964844,78.98999786376953,355449.0,5.33,313.175,122.1926,13.0,4.48,0,,,,,,TRAIN
2024-05-09,1.0746910572052002,1.078283429145813,1.0725126266479492,1.0746910572052002,0.0,1.2493597269058228,1.252065896987915,1.2449114322662354,1.2493284940719604,0.0,2310.699951171875,2339.5,2310.699951171875,2332.10009765625,5.0,79.2300033569336,79.80000305175781,78.91000366210938,79.26000213623047,272712.0,5.33,313.175,122.1634,12.69,4.45,0,,,,,,TRAIN
2024-05-10,1.078515887260437,1.0793308019638062,1.0762062072753906,1.078515887260437,0.0,1.252536416053772,1.2541544437408447,1.2503907680511477,1.2525677680969238,0.0,2367.300048828125,2367.300048828125,2367.300048828125,2367.300048828125,126.0,79.58999633789062,79.95999908447266,78.13999938964844,78.26000213623047,281169.0,5.33,313.175,122.014,12.55,4.5,0,,,,,,TRAIN
2024-05-13,1.077040672302246,1.0807305574417114,1.0766464471817017,1.077040672302246,0.0,1.2523481845855713,1.2569130659103394,1.2518621683120728,1.2522854804992676,0.0,2358.300048828125,2358.300048828125,2336.10009765625,2336.10009765625,14.0,78.18000030517578,79.48999786376953,77.77999877929688,79.12000274658203,287701.0,5.33,313.175,122.0261,13.6,4.48,0,,,,,,TRAIN
2024-05-14,1.079354166984558,1.0828369855880735,1.0776442289352417,1.079354166984558,0.0,1.2559658288955688,1.259303092956543,1.2511730194091797,1.2561867237091064,0.0,2336.0,2358.0,2336.0,2353.39990234375,6.0,79.2300033569336,79.37999725341797,77.68000030517578,78.0199966430664,307410.0,5.33,313.175,121.9256,13.42,4.45,0,,,,,,TRAIN
2024-05-15,1.0814552307128906,1.0874292850494385,1.0813616514205933,1.0814552307128906,0.0,1.2584631443023682,1.2671059370040894,1.2584631443023682,1.2585265636444092,0.0,2361.60009765625,2388.699951171875,2356.0,2388.699951171875,29.0,78.44000244140625,78.91999816894531,76.69999694824219,78.62999725341797,321267.0,5.33,313.175,121.3543,12.45,4.36,0,,,,,,TRAIN
2024-05-16,1.0889805555343628,1.089680790901184,1.0855170488357544,1.0889805555343628,0.0,1.2689228057861328,1.270050883293152,1.2645422220230105,1.2690032720565796,0.0,2389.5,2392.199951171875,2380.0,2380.0,7.0,78.83999633789062,79.8499984741211,78.19999694824219,79.2300033569336,230277.0,5.33,313.175,121.2236,12.42,4.38,0,,,,,,TRAIN
2024-05-17,1.0867793560028076,1.087890625,1.0836349725723269,1.0867793560028076,0.0,1.2672665119171145,1.2708579301834106,1.2645422220230105,1.2672007083892822,0.0,2380.699951171875,2415.800048828125,2380.699951171875,2412.199951171875,213.0,79.37999725341797,80.13999938964844,79.0,80.05999755859375,94152.0,5.33,313.175,121.2354,11.99,4.42,0,,,,,,TRAIN
2024-05-20,1.0875475406646729,1.0884946584701538,1.0855052471160889,1.0875475406646729,0.0,1.270793318748474,1.2712942361831665,1.2691482305526731,1.2706480026245115,0.0,2415.800048828125,2435.800048828125,2409.699951171875,2433.89990234375,40.0,80.01000213623047,80.5999984741211,79.16999816894531,79.80000305175781,85072.0,5.33,313.175,121.2289,12.15,4.44,0,,,,,,TRAIN
2024-05-21,1.086082935333252,1.0875475406646729,1.0845986604690552,1.086082935333252,0.0,1.2710517644882202,1.27273428440094,1.269293189048767,1.2710840702056885,0.0,2429.5,2429.5,2421.0,2421.699951171875,6.0,79.69999694824219,79.72000122070312,78.08000183105469,79.26000213623047,371672.0,5.33,313.175,121.3793,11.86,4.41,0,,,,,,TRAIN
2024-05-22,1.0855170488357544,1.0864840745925903,1.0822510719299316,1.0855170488357544,0.0,1.2710356712341309,1.2761287689208984,1.270099401473999,1.2711325883865356,0.0,2417.5,2417.60009765625,2375.800048828125,2389.199951171875,180.0,78.20999908447266,78.41000366210938,77.25,77.56999969482422,314145.0,5.33,313.175,121.5462,12.29,4.43,0,,,,,,TRAIN
2024-05-23,1.0825204849243164,1.086130142211914,1.0813032388687134,1.0825204849243164,0.0,1.2720866203308103,1.2746973037719729,1.2706156969070437,1.2721028327941897,0.0,2371.199951171875,2371.199951171875,2335.0,2335.0,365.0,77.29000091552734,78.66000366210938,76.43000030517578,76.87000274658203,330273.0,5.33,313.175,121.7477,12.77,4.47,0,,,,,,TRAIN
2024-05-24,1.0812681913375854,1.0856584310531616,1.0806137323379517,1.0812681913375854,0.0,1.2693737745285034,1.275136113166809,1.2682790756225586,1.2694060802459717,0.0,2342.60009765625,2345.39990234375,2332.5,2332.5,25.0,77.04000091552734,78.05000305175781,76.1500015258789,77.72000122070312,299075.0,5.33,313.175,121.6172,11.93,4.46,0,,,,,,TRAIN
2024-05-27,1.0847634077072144,1.08672034740448,1.0841753482818604,1.0847634077072144,0.0,1.2734473943710327,1.2778997421264648,1.2734473943710327,1.2736095190048218,0.0,,,,,,,,,,,5.33,313.175,121.6172,12.36,4.46,0,,,,,,TRAIN
2024-05-28,1.0861891508102417,1.0889450311660769,1.0859060287475586,1.0861891508102417,0.0,1.277269721031189,1.279983639717102,1.2763078212738037,1.2772371768951416,0.0,2336.89990234375,2359.699951171875,2336.89990234375,2355.199951171875,26.0,77.80999755859375,80.29000091552734,77.69000244140625,79.83000183105469,334074.0,5.33,313.175,121.43,12.92,4.54,0,,,,,,TRAIN
2024-05-29,1.0851871967315674,1.085894227027893,1.080952525138855,1.0851871967315674,0.0,1.2760001420974731,1.2771717309951782,1.2707126140594482,1.275835633277893,0.0,2340.300048828125,2340.300048828125,2340.300048828125,2340.300048828125,119317.0,80.26000213623047,80.62000274658203,78.98999786376953,79.2300033569336,259594.0,5.33,313.175,122.1641,14.28,4.61,0,,,,,,TRAIN
2024-05-30,1.0801819562911987,1.0845986604690552,1.0788999795913696,1.0801819562911987,0.0,1.2698252201080322,1.2747622728347778,1.268182635307312,1.2697993516921997,0.0,2336.89990234375,2349.5,2320.800048828125,2342.89990234375,32587.0,79.27999877929688,79.41999816894531,77.62999725341797,77.91000366210938,373779.0,5.33,313.175,121.9601,14.47,4.55,0,,,,,,TRAIN
2024-05-31,1.0835410356521606,1.0882576704025269,1.081162929534912,1.0835410356521606,0.0,1.2730258703231812,1.2765523195266724,1.270163893699646,1.27304208278656,0.0,2344.10009765625,2354.0,2319.0,2322.89990234375,941.0,77.91000366210938,78.62000274658203,76.66999816894531,76.98999786376953,345120.0,5.33,313.175,122.098,12.92,4.51,0,,,,,,TRAIN
2024-06-03,1.0853049755096436,1.0890873670578003,1.0828019380569458,1.0853049755096436,0.0,1.2744048833847046,1.279394030570984,1.269551157951355,1.2743724584579468,0.0,2322.60009765625,2347.5,2312.0,2346.60009765625,781.0,76.97000122070312,77.5199966430664,73.9800033569336,74.22000122070312,443271.0,5.33,313.044,122.3509,13.11,4.41,0,,,,,,TRAIN
2024-06-04,1.0907385349273682,1.0918222665786743,1.0860711336135864,1.0907385349273682,0.0,1.2810165882110596,1.2817226648330688,1.2744373083114624,1.2810165882110596,0.0,2347.5,2347.699951171875,2313.89990234375,2325.5,890.0,74.0199966430664,74.12999725341797,72.4800033569336,73.25,408721.0,5.33,313.044,122.7256,13.16,4.33,0,,,,,,TRAIN
2024-06-05,1.0881866216659546,1.088992476463318,1.0860947370529177,1.0881866216659546,0.0,1.277302384376526,1.2795250415802002,1.2757705450057983,1.277302384376526,0.0,2326.39990234375,2354.300048828125,2326.199951171875,2354.10009765625,295.0,72.9000015258789,74.33000183105469,72.81999969482422,74.06999969482422,307701.0,5.33,313.044,122.5339,12.63,4.29,0,,,,,,TRAIN
2024-06-06,1.087453007698059,1.0898706912994385,1.0863661766052246,1.087453007698059,0.0,1.279394030570984,1.281065821647644,1.2765523195266724,1.2794759273529053,0.0,2355.0,2375.800048828125,2355.0,2370.300048828125,179.0,74.30000305175781,75.79000091552734,74.05999755859375,75.55000305175781,291082.0,5.33,313.044,122.3713,12.58,4.28,0,,,,,,TRAIN
2024-06-07,1.0894432067871094,1.090179681777954,1.0804970264434814,1.0894432067871094,0.0,1.2794268131256104,1.281082272529602,1.2717468738555908,1.2793285846710205,0.0,2379.89990234375,2385.10009765625,2285.39990234375,2305.199951171875,269.0,75.66999816894531,76.25,75.20999908447266,75.52999877929688,280253.0,5.33,313.044,123.549,12.22,4.43,0,,,,,,TRAIN
2024-06-10,1.077888250350952,1.078283429145813,1.073364496231079,1.077888250350952,0.0,1.2728703022003174,1.273236632347107,1.2689067125320437,1.2729448080062866,0.0,2290.60009765625,2309.300048828125,2290.5,2307.699951171875,69.0,75.3499984741211,78.29000091552734,75.2300033569336,77.73999786376953,317031.0,5.33,313.044,123.9125,12.74,4.47,0,,,,,,TRAIN
2024-06-11,1.0764262676239014,1.0773539543151855,1.0721101760864258,1.0764262676239014,0.0,1.2725884914398191,1.274941086769104,1.270761013031006,1.2726370096206665,0.0,2300.0,2314.10009765625,2300.0,2307.5,871.0,78.12000274658203,78.36000061035156,77.22000122070312,77.9000015258789,314874.0,5.33,313.044,124.0349,12.85,4.39,0,,,,,,TRAIN
2024-06-12,1.07403302192688,1.085175395011902,1.073502779006958,1.07403302192688,0.0,1.273836612701416,1.2860082387924194,1.273359775543213,1.274047613143921,0.0,2314.89990234375,2338.699951171875,2310.300048828125,2336.0,132.0,78.22000122070312,79.31999969482422,77.87999725341797,78.5,322285.0,5.33,313.044,123.8295,12.04,4.31,0,,,,,,TRAIN
2024-06-13,1.0813149213790894,1.0817828178405762,1.075384497642517,1.0813149213790894,0.0,1.2796725034713743,1.2806065082550049,1.2752825021743774,1.27962327003479,0.0,2309.39990234375,2317.699951171875,2296.199951171875,2300.199951171875,298.0,78.37000274658203,78.88999938964844,77.66999816894531,78.62000274658203,307638.0,5.33,313.044,124.0235,11.94,4.24,0,,,,,,TRAIN
2024-06-14,1.0738831758499146,1.0745755434036257,1.0668145418167114,1.0738831758499146,0.0,1.2754452228546145,1.276487112045288,1.265806794166565,1.2755101919174194,0.0,2307.0,2331.39990234375,2305.800048828125,2331.39990234375,948.0,77.95999908447266,79.1500015258789,77.7300033569336,78.44999694824219,245827.0,5.33,313.044,124.1694,12.66,4.2,0,,,,,,TRAIN
2024-06-17,1.0702168941497805,1.0726161003112793,1.068764328956604,1.0702168941497805,0.0,1.268391728401184,1.269083857536316,1.265982985496521,1.2683112621307373,0.0,2320.199951171875,2320.199951171875,2309.60009765625,2312.39990234375,110.0,78.4800033569336,80.66000366210938,77.9800033569336,80.33000183105469,126733.0,5.33,313.044,124.239,12.75,4.28,0,,,,,,TRAIN
2024-06-18,1.0740677118301392,1.0761250257492063,1.071111083030701,1.0740677118301392,0.0,1.2714234590530396,1.2720379829406738,1.2669453620910645,1.2715997695922852,0.0,2311.800048828125,2330.39990234375,2311.800048828125,2330.39990234375,43.0,80.43000030517578,81.66999816894531,79.7699966430664,81.56999969482422,140709.0,5.33,313.044,123.9776,12.3,4.22,0,,,,,,TRAIN
2024-06-19,1.0742292404174805,1.075326681137085,1.0726275444030762,1.0742292404174805,0.0,1.270825743675232,1.2739989757537842,1.270244598388672,1.2707449197769165,0.0,,,,,,,,,,,5.33,313.044,123.9776,12.48,4.22,0,,,,,,TRAIN
2024-06-20,1.0751532316207886,1.0750375986099243,1.0707554817199707,1.0751532316207886,0.0,1.2720866203308103,1.2720866203308103,1.2667046785354614,1.2721998691558838,0.0,2328.89990234375,2354.0,2328.300048828125,2353.800048828125,183.0,81.5199966430664,82.41000366210938,81.12999725341797,82.16999816894531,420499.0,5.33,313.044,124.192,13.28,4.25,0,,,,,,TRAIN
2024-06-21,1.0706409215927124,1.0722709894180298,1.0671902894973757,1.0706409215927124,0.0,1.266047120094299,1.2669775485992432,1.2625625133514404,1.266047120094299,0.0,2331.199951171875,2331.199951171875,2316.39990234375,2316.39990234375,76.0,81.2699966430664,81.79000091552734,80.3499984741211,80.7300033569336,290500.0,5.33,313.044,124.1086,13.2,4.25,0,,,,,,TRAIN
2024-06-24,1.0687757730484009,1.074702501296997,1.0684444904327393,1.0687757730484009,0.0,1.2639667987823486,1.269841194152832,1.2633600234985352,1.2639029026031494,0.0,2323.300048828125,2332.89990234375,2322.699951171875,2330.0,99.0,80.44999694824219,81.77999877929688,80.2300033569336,81.62999725341797,271745.0,5.33,313.044,123.7125,13.33,4.25,0,,,,,,TRAIN
2024-06-25,1.0732723474502563,1.0745755434036257,1.0692213773727417,1.0732723474502563,0.0,1.2683112621307373,1.270244598388672,1.267154097557068,1.268343448638916,0.0,2324.39990234375,2333.0,2316.60009765625,2316.60009765625,105.0,81.69999694824219,81.9000015258789,80.55000305175781,80.83000183105469,286038.0,5.33,313.044,123.9417,12.84,4.23,0,,,,,,TRAIN
2024-06-26,1.0709619522094729,1.072041153907776,1.0667691230773926,1.0709619522094729,0.0,1.2684721946716309,1.269196629524231,1.2620844841003418,1.268399715423584,0.0,2307.89990234375,2314.39990234375,2298.0,2299.199951171875,986.0,80.72000122070312,81.62999725341797,80.18000030517578,80.9000015258789,308410.0,5.33,313.044,124.26,12.55,4.32,0,,,,,,TRAIN
2024-06-27,1.068010926246643,1.0726161003112793,1.0677828788757324,1.068010926246643,0.0,1.262148141860962,1.2669453620910645,1.2613521814346311,1.262179970741272,0.0,2296.800048828125,2329.0,2295.0,2324.5,1532.0,80.86000061035156,82.04000091552734,80.51000213623047,81.73999786376953,306342.0,5.33,313.044,124.3379,12.24,4.29,0,,,,,,TRAIN
2024-06-28,1.0708472728729248,1.0720986127853394,1.0686043500900269,1.0708472728729248,0.0,1.2643823623657229,1.266175389289856,1.2620208263397217,1.26457417011261,0.0,2325.39990234375,2338.300048828125,2319.0,2327.699951171875,92.0,81.86000061035156,82.72000122070312,80.97000122070312,81.54000091552734,260252.0,5.33,313.044,124.2103,12.44,4.36,0,,,,,,TRAIN
2024-07-01,1.0735257863998413,1.077818512916565,1.072075605392456,1.0735257863998413,0.0,1.2650221586227417,1.269534945487976,1.2637431621551514,1.2648621797561646,0.0,2323.800048828125,2329.699951171875,2321.699951171875,2327.60009765625,237.0,81.44999694824219,83.63999938964844,81.37999725341797,83.37999725341797,345780.0,5.33,313.569,124.4667,12.22,4.48,0,,,,,,TRAIN
2024-07-02,1.0737102031707764,1.0746102333068848,1.0710651874542236,1.0737102031707764,0.0,1.2646220922470093,1.2685364484786987,1.261638641357422,1.26457417011261,0.0,2330.699951171875,2334.60009765625,2323.0,2323.0,30.0,83.43000030517578,84.37999725341797,82.72000122070312,82.80999755859375,367787.0,5.33,313.569,124.2917,12.03,4.43,0,,,,,,TRAIN
2024-07-03,1.0748412609100342,1.081560492515564,1.0737102031707764,1.0748412609100342,0.0,1.268810153007507,1.2777103185653689,1.267909288406372,1.269035577774048,0.0,2330.89990234375,2361.60009765625,2330.89990234375,2359.800048828125,59.0,83.19999694824219,83.93000030517578,82.45999908447266,83.87999725341797,289685.0,5.33,313.569,123.7768,12.09,4.36,0,,,,,,TRAIN
2024-07-04,1.0793308019638062,1.0816657543182373,1.0784229040145874,1.0793308019638062,0.0,1.2747784852981567,1.2767316102981567,1.274047613143921,1.2747784852981567,0.0,,,,,,,,,,,5.33,313.569,123.7768,12.26,4.36,0,,,,,,TRAIN
2024-07-05,1.0810693502426147,1.0838346481323242,1.0810693502426147,1.0810693502426147,0.0,1.2756078243255615,1.2813777923583984,1.2756078243255615,1.2755752801895142,0.0,2354.89990234375,2388.5,2354.89990234375,2388.5,72.0,83.5999984741211,84.5199966430664,83.0199966430664,83.16000366210938,361357.0,5.33,313.569,123.4762,12.48,4.28,0,,,,,,TRAIN
2024-07-08,1.082602620124817,1.0847163200378418,1.0815136432647705,1.082602620124817,0.0,1.2807377576828003,1.28468656539917,1.2802459001541138,1.2806508541107178,0.0,2381.699951171875,2383.800048828125,2352.800048828125,2355.199951171875,64.0,83.1500015258789,83.31999969482422,82.08000183105469,82.33000183105469,251774.0,5.33,313.569,123.3576,12.37,4.28,0,,,,,,TRAIN
2024-07-09,1.0830950736999512,1.0834236145019531,1.0806254148483276,1.0830950736999512,0.0,1.281469702720642,1.2824623584747314,1.2779226303100586,1.281558394432068,0.0,2363.10009765625,2363.699951171875,2360.10009765625,2360.10009765625,9.0,82.22000122070312,82.4800033569336,81.25,81.41000366210938,297325.0,5.33,313.569,123.4071,12.51,4.3,0,,,,,,TRAIN
2024-07-10,1.0814785957336426,1.0828721523284912,1.081186294555664,1.0814785957336426,0.0,1.2788705825805664,1.2847524881362915,1.2785271406173706,1.2787723541259766,0.0,2366.300048828125,2377.0,2365.800048828125,2372.199951171875,19.0,81.80999755859375,82.66000366210938,80.80999755859375,82.0999984741211,334380.0,5.33,313.569,123.1895,12.85,4.28,0,,,,,,TRAIN
2024-07-11,1.083329677581787,1.0898351669311523,1.0832945108413696,1.083329677581787,0.0,1.2854297161102295,1.2948671579360962,1.2850496768951416,1.285264492034912,0.0,2378.699951171875,2416.699951171875,2378.699951171875,2415.0,72.0,82.4000015258789,83.12999725341797,81.62999725341797,82.62000274658203,324170.0,5.33,313.569,122.769,12.92,4.2,0,,,,,,TRAIN
2024-07-12,1.0872756242752075,1.091119408607483,1.086307168006897,1.0872756242752075,0.0,1.2925240993499756,1.2992074489593506,1.2903226613998413,1.292373776435852,0.0,2399.800048828125,2414.0,2391.300048828125,2414.0,355.0,82.86000061035156,83.73999786376953,82.0999984741211,82.20999908447266,370062.0,5.33,313.569,122.4404,12.46,4.18,0,,,,,,TRAIN
2024-07-15,1.0885539054870603,1.0921919345855713,1.088435411453247,1.0885539054870603,0.0,1.2967814207077026,1.299545168876648,1.2962770462036133,1.2966804504394531,0.0,2430.0,2436.0,2422.89990234375,2422.89990234375,540.0,82.16000366210938,82.58000183105469,81.47000122070312,81.91000366210938,296520.0,5.33,313.569,122.6347,13.12,4.23,0,,,,,,TRAIN
2024-07-16,1.0901559591293335,1.0906314849853516,1.0872164964675903,1.0901559591293335,0.0,1.2970000505447388,1.2980270385742188,1.2940125465393066,1.2970000505447388,0.0,2427.39990234375,2462.39990234375,2427.39990234375,2462.39990234375,93.0,81.91999816894531,81.93000030517578,80.22000122070312,80.76000213623047,308186.0,5.33,313.569,122.7264,13.19,4.17,0,,,,,,TRAIN
2024-07-17,1.0902509689331057,1.0947147607803345,1.089633226394653,1.0902509689331057,0.0,1.297808051109314,1.3044612407684326,1.2966804504394531,1.29776930809021,0.0,2472.89990234375,2473.10009765625,2454.800048828125,2454.800048828125,10.0,80.8499984741211,83.0999984741211,80.44999694824219,82.8499984741211,257437.0,5.33,313.569,122.518,14.48,4.16,0,,,,,,TRAIN
2024-07-18,1.094020128250122,1.0942115783691406,1.0905362367630005,1.094020128250122,0.0,1.3008638620376587,1.3012869358062744,1.2969664335250854,1.3007453680038452,0.0,2466.0,2466.0,2451.800048828125,2451.800048828125,2.0,83.11000061035156,83.81999969482422,82.04000091552734,82.81999969482422,95704.0,5.33,313.569,122.7909,15.93,4.2,0,,,,,,TRAIN
2024-07-19,1.0901559591293335,1.0901559591293335,1.0877368450164795,1.0901559591293335,0.0,1.294967770576477,1.294967770576477,1.2901561260223389,1.2951691150665283,0.0,2418.800048828125,2419.199951171875,2395.5,2395.5,15.0,82.47000122070312,82.87999725341797,80.06999969482422,80.12999725341797,83795.0,5.33,313.569,123.147,16.52,4.25,0,,,,,,TRAIN
2024-07-22,1.0899182558059692,1.0901559591293335,1.0873701572418213,1.0899182558059692,0.0,1.2932428121566772,1.2941465377807615,1.2906723022460938,1.2933096885681152,0.0,2402.10009765625,2402.10009765625,2392.0,2392.0,18.0,80.38999938964844,80.69000244140625,79.16999816894531,79.77999877929688,345235.0,5.33,313.569,123.2172,14.91,4.26,0,,,,,,TRAIN
2024-07-23,1.0889805555343628,1.0900371074676514,1.084445834159851,1.0889805555343628,0.0,1.293326497077942,1.2934937477111816,1.2888591289520264,1.2932428121566772,0.0,2395.800048828125,2404.60009765625,2388.699951171875,2404.60009765625,41.0,78.2699966430664,78.7300033569336,76.4000015258789,76.95999908447266,417941.0,5.33,313.569,123.3843,14.72,4.25,0,,,,,,TRAIN
2024-07-24,1.0850694179534912,1.0866494178771973,1.0826728343963623,1.0850694179534912,0.0,1.2903226613998413,1.2938284873962402,1.2878466844558716,1.2901561260223389,0.0,2421.0,2421.0,2411.60009765625,2413.300048828125,6.0,77.44999694824219,78.19000244140625,76.9800033569336,77.58999633789062,355971.0,5.33,313.569,123.5575,18.04,4.28,0,,,,,,TRAIN
2024-07-25,1.0839520692825315,1.0864368677139282,1.0829308032989502,1.0839520692825315,0.0,1.2898398637771606,1.2913390398025513,1.2862894535064695,1.289989709854126,0.0,2365.5,2365.5,2351.89990234375,2351.89990234375,31.0,77.5,78.47000122070312,76.04000091552734,78.27999877929688,457288.0,5.33,313.569,123.5286,18.46,4.27,0,,,,,,TRAIN
2024-07-26,1.0851283073425293,1.0868501663208008,1.084269404411316,1.0851283073425293,0.0,1.2855618000030518,1.2874983549118042,1.2850496768951416,1.2856775522232056,0.0,2368.699951171875,2386.89990234375,2368.699951171875,2380.0,95.0,78.3499984741211,78.5999984741211,76.19000244140625,77.16000366210938,365121.0,5.33,313.569,123.672,16.39,4.2,0,,,,,,TRAIN
2024-07-29,1.0853756666183472,1.0871928930282593,1.0803102254867554,1.0853756666183472,0.0,1.286719799041748,1.2888425588607788,1.2807048559188845,1.2868356704711914,0.0,2377.300048828125,2377.300048828125,2377.300048828125,2377.300048828125,126409.0,77.30000305175781,77.69000244140625,75.3499984741211,75.80999755859375,362635.0,5.33,313.569,124.1392,16.6,4.17,0,,,,,,TRAIN
2024-07-30,1.081946611404419,1.0837758779525757,1.0799952745437622,1.081946611404419,0.0,1.2857933044433594,1.2865046262741089,1.2821005582809448,1.286041259765625,0.0,2380.89990234375,2409.300048828125,2373.800048828125,2405.0,25944.0,75.91000366210938,75.97000122070312,74.58999633789062,74.7300033569336,419478.0,5.33,313.569,124.2855,17.69,4.15,0,,,,,,TRAIN
2024-07-31,1.081607222557068,1.0851871967315674,1.0808707475662231,1.081607222557068,0.0,1.283812403678894,1.2854461669921875,1.282248616218567,1.2836971282958984,0.0,2407.10009765625,2447.60009765625,2402.800048828125,2426.5,1313.0,75.23999786376953,78.66000366210938,75.18000030517578,77.91000366210938,460315.0,5.33,313.569,123.6373,16.36,4.09,0,,,,,,TRAIN
2024-08-01,1.082391619682312,1.0837758779525757,1.0778300762176514,1.082391619682312,0.0,1.2853471040725708,1.286173701286316,1.2756078243255615,1.2853139638900757,0.0,2446.699951171875,2455.10009765625,2430.39990234375,2435.0,690.0,78.58999633789062,78.87999725341797,76.23999786376953,76.30999755859375,383014.0,5.33,314.062,123.8693,18.59,3.99,0,,,,,,TRAIN
2024-08-02,1.078760266304016,1.0926215648651123,1.0782949924468994,1.078760266304016,0.0,1.2728476524353027,1.2840267419815063,1.2708903551101685,1.27289617061615,0.0,2444.0,2477.0,2416.0,2425.699951171875,550.0,76.87000274658203,77.29000091552734,72.97000122070312,73.5199966430664,467786.0,5.33,314.062,123.4681,23.39,3.8,0,,,,,,TRAIN
2024-08-05,1.0910836458206177,1.1007397174835205,1.089372158050537,1.0910836458206177,0.0,1.278821349143982,1.2816240787506104,1.2711488008499146,1.278788685798645,0.0,2442.0,2449.800048828125,2367.39990234375,2401.699951171875,334.0,74.20999908447266,74.45999908447266,71.66999816894531,72.94000244140625,500151.0,5.33,314.062,123.5787,38.57,3.78,0,,,,,,TRAIN
2024-08-06,1.0950982570648191,1.09631085395813,1.0904649496078491,1.0950982570648191,0.0,1.278788685798645,1.2801638841629028,1.2673146724700928,1.2788705825805664,0.0,2414.5,2421.800048828125,2380.0,2389.10009765625,163.0,73.86000061035156,74.55999755859375,72.19999694824219,73.19999694824219,352250.0,5.33,314.062,123.6532,27.71,3.9,0,,,,,,TRAIN
2024-08-07,1.0926215648651123,1.093637228012085,1.0906909704208374,1.0926215648651123,0.0,1.2683273553848269,1.273577094078064,1.2683273553848269,1.2684721946716309,0.0,2392.199951171875,2401.0,2384.5,2390.5,130.0,72.83999633789062,75.83999633789062,72.58000183105469,75.2300033569336,427995.0,5.33,314.062,123.5698,27.85,3.96,0,,,,,,TRAIN
2024-08-08,1.0928125381469729,1.0946906805038452,1.0882340669631958,1.0928125381469729,0.0,1.2684882879257202,1.274209976196289,1.2666244506835938,1.2680377960205078,0.0,2384.300048828125,2422.800048828125,2384.300048828125,2422.199951171875,201.0,75.47000122070312,76.5199966430664,74.5999984741211,76.19000244140625,327301.0,5.33,314.062,123.4466,23.79,3.99,0,,,,,,TRAIN
2024-08-09,1.0915720462799072,1.093135118484497,1.0909645557403564,1.0915720462799072,0.0,1.27459979057312,1.2774165868759155,1.272718071937561,1.2747459411621094,0.0,2422.300048828125,2432.10009765625,2418.5,2432.10009765625,611.0,76.0199966430664,77.08999633789062,75.8499984741211,76.83999633789062,263007.0,5.33,314.062,122.9276,20.37,3.94,0,,,,,,TRAIN
2024-08-12,1.091381311416626,1.0939722061157229,1.0913337469100952,1.091381311416626,0.0,1.2749898433685305,1.2794595956802368,1.2748922109603882,1.2750385999679563,0.0,2432.699951171875,2469.800048828125,2432.0,2462.39990234375,566.0,76.98999786376953,80.16000366210938,76.69999694824219,80.05999755859375,376747.0,5.33,314.062,123.2204,20.71,3.9,0,,,,,,TRAIN
2024-08-13,1.0936251878738403,1.0962508916854858,1.0915720462799072,1.0936251878738403,0.0,1.2772371768951416,1.2836146354675293,1.276519775390625,1.2771228551864624,0.0,2461.0,2470.0,2456.5,2466.699951171875,510.0,79.73999786376953,80.1500015258789,78.16000366210938,78.3499984741211,370763.0,5.33,314.062,123.0146,18.12,3.85,0,,,,,,TRAIN
2024-08-14,1.0996986627578735,1.1048502922058103,1.098828673362732,1.0996986627578735,0.0,1.2866203784942627,1.286885380744934,1.2823965549468994,1.2866700887680054,0.0,2468.0,2472.10009765625,2439.39990234375,2439.39990234375,274.0,78.7300033569336,79.0999984741211,76.83000183105469,76.9800033569336,357636.0,5.33,314.062,122.4297,16.19,3.83,0,,,,,,TRAIN
2024-08-15,1.101321578025818,1.1016855239868164,1.09505033493042,1.101321578025818,0.0,1.2825281620025637,1.2870675325393677,1.279983639717102,1.2828736305236816,0.0,2451.800048828125,2467.699951171875,2431.199951171875,2453.10009765625,285.0,77.5199966430664,78.5999984741211,76.93000030517578,78.16000366210938,195122.0,5.33,314.062,122.5844,15.23,3.92,0,,,,,,TRAIN
2024-08-16,1.0972732305526731,1.1004369258880615,1.0973695516586304,1.0972732305526731,0.0,1.2859750986099243,1.2914557456970217,1.2858428955078125,1.2859420776367188,0.0,2453.5,2508.0,2451.39990234375,2498.60009765625,197.0,78.16000366210938,78.16000366210938,75.54000091552734,76.6500015258789,100810.0,5.33,314.062,122.3972,14.8,3.89,0,,,,,,TRAIN
2024-08-19,1.1024993658065796,1.1072603464126587,1.1023900508880615,1.1024993658065796,0.0,1.2948336601257324,1.2997479438781738,1.2941633462905884,1.294716238975525,0.0,2508.5,2508.5,2487.199951171875,2501.800048828125,88.0,76.58000183105469,76.87000274658203,74.16999816894531,74.37000274658203,118172.0,5.33,314.062,121.8788,14.65,3.86,0,,,,,,TRAIN
2024-08-20,1.1086474657058716,1.1117286682128906,1.107248067855835,1.1086474657058716,0.0,1.29902184009552,1.3044441938400269,1.297555446624756,1.299038648605347,0.0,2503.5,2527.300048828125,2500.699951171875,2511.300048828125,187.0,74.33999633789062,75.02999877929688,73.5,74.04000091552734,329276.0,5.33,314.062,121.7728,15.88,3.82,0,,,,,,TRAIN
2024-08-21,1.112792730331421,1.1148271560668943,1.11055588722229,1.112792730331421,0.0,1.303508996963501,1.3078734874725342,1.301168441772461,1.3035430908203125,0.0,2511.0,2515.39990234375,2503.89990234375,2508.39990234375,96.0,73.12000274658203,74.16000366210938,71.45999908447266,71.93000030517578,390527.0,5.33,314.062,121.8535,16.27,3.79,0,,,,,,TRAIN
2024-08-22,1.115536093711853,1.1157476902008057,1.1099271774291992,1.115536093711853,0.0,1.3092947006225586,1.3129045963287354,1.308215618133545,1.309346079826355,0.0,2504.10009765625,2504.10009765625,2471.10009765625,2478.89990234375,210.0,71.93000030517578,73.5199966430664,71.58000183105469,73.01000213623047,334117.0,5.33,314.062,122.3626,17.55,3.86,0,,,,,,TRAIN
2024-08-23,1.111716389656067,1.1195951700210571,1.110679268836975,1.111716389656067,0.0,1.3097577095031738,1.3229963779449463,1.3092775344848633,1.3097747564315796,0.0,2486.5,2508.39990234375,2486.5,2508.39990234375,94.0,72.95999908447266,75.06999969482422,72.83000183105469,74.83000183105469,313764.0,5.33,314.062,121.4597,15.86,3.81,0,,,,,,TRAIN
2024-08-26,1.118793487548828,1.1201093196868896,1.1152873039245603,1.118793487548828,0.0,1.3214752674102783,1.3222440481185913,1.318252444267273,1.3212658166885376,0.0,2509.89990234375,2523.10009765625,2509.10009765625,2517.699951171875,290.0,75.0999984741211,77.5999984741211,75.04000091552734,77.41999816894531,409675.0,5.33,314.062,121.6943,16.15,3.82,0,,,,,,TRAIN
2024-08-27,1.1164700984954834,1.117955446243286,1.11512553691864,1.1164700984954834,0.0,1.3192107677459717,1.324591040611267,1.3180805444717407,1.3191741704940796,0.0,2515.199951171875,2523.10009765625,2506.89990234375,2516.0,100.0,77.19999694824219,77.4800033569336,75.4000015258789,75.52999877929688,331162.0,5.33,314.062,121.8672,15.43,3.83,0,,,,,,TRAIN
2024-08-28,1.117793083190918,1.1181930303573608,1.1105434894561768,1.117793083190918,0.0,1.325644612312317,1.326259970664978,1.3192611932754517,1.3257501125335691,0.0,2501.0,2501.0,2501.0,2501.0,2353.0,75.75,75.94999694824219,73.81999969482422,74.5199966430664,337361.0,5.33,314.062,121.8943,17.11,3.84,0,,,,,,TRAIN
2024-08-29,1.1124955415725708,1.1140199899673462,1.1056320667266846,1.1124955415725708,0.0,1.3194527626037598,1.3227006196975708,1.3146650791168213,1.319365620613098,0.0,2504.10009765625,2525.699951171875,2503.89990234375,2525.699951171875,3966.0,74.41999816894531,76.91000366210938,74.05000305175781,75.91000366210938,408147.0,5.33,314.062,122.2333,15.65,3.87,0,,,,,,TRAIN
2024-08-30,1.10804545879364,1.109570026397705,1.1053999662399292,1.10804545879364,0.0,1.316516995429993,1.32013201713562,1.3126460313796997,1.3166210651397705,0.0,2519.5,2525.39990234375,2493.800048828125,2493.800048828125,208.0,75.87000274658203,76.58999633789062,73.36000061035156,73.55000305175781,427273.0,5.33,314.062,122.3262,15.0,3.91,0,,,,,,TRAIN
2024-09-02,1.1044842004776,1.1077632904052734,1.1042524576187134,1.1044842004776,0.0,1.3130769729614258,1.3154432773590088,1.3120776414871216,1.3128528594970703,0.0,,,,,,,,,,,5.13,314.732,122.3262,15.55,3.91,0,,,,,,TRAIN
2024-09-03,1.1067456007003784,1.107051968574524,1.1033751964569092,1.1067456007003784,0.0,1.3141123056411743,1.3147515058517456,1.3090033531188965,1.314198613166809,0.0,2501.60009765625,2501.800048828125,2476.300048828125,2489.89990234375,206.0,73.52999877929688,74.41000366210938,70.0999984741211,70.33999633789062,546617.0,5.13,314.732,122.7811,20.72,3.84,0,,,,,,TRAIN
2024-09-04,1.1048868894577026,1.1093976497650146,1.1040817499160769,1.1048868894577026,0.0,1.3113549947738647,1.317488431930542,1.3102381229400637,1.3114066123962402,0.0,2490.89990234375,2493.39990234375,2483.5,2493.39990234375,470.0,70.27999877929688,71.45999908447266,68.81999969482422,69.19999694824219,482025.0,5.13,314.732,122.5144,21.32,3.77,0,,,,,,TRAIN
2024-09-05,1.10804545879364,1.112112045288086,1.1075178384780884,1.10804545879364,0.0,1.3144749402999878,1.3188087940216064,1.3138878345489502,1.3144749402999878,0.0,2493.699951171875,2513.300048828125,2493.39990234375,2511.39990234375,54.0,69.2699966430664,70.81999969482422,68.75,69.1500015258789,405596.0,5.13,314.732,122.4533,19.9,3.73,0,,,,,,TRAIN
2024-09-06,1.1111111640930176,1.1149640083312988,1.1067211627960205,1.1111111640930176,0.0,1.3177313804626465,1.3234341144561768,1.3129907846450806,1.317748785018921,0.0,2510.300048828125,2517.89990234375,2483.699951171875,2493.5,96.0,69.33000183105469,70.12999725341797,67.16999816894531,67.66999816894531,351074.0,5.13,314.732,122.4991,22.38,3.72,0,,,,,,TRAIN
2024-09-09,1.1087212562561035,1.109139323234558,1.10349702835083,1.1087212562561035,0.0,1.313232183456421,1.314388632774353,1.3071553707122805,1.3133355379104614,0.0,2491.300048828125,2504.699951171875,2491.300048828125,2501.800048828125,96.0,68.12999725341797,68.95999908447266,67.30999755859375,68.70999908447266,351074.0,5.13,314.732,122.7156,19.45,3.7,0,,,,,,TRAIN
2024-09-10,1.1037527322769165,1.1050333976745603,1.101624846458435,1.1037527322769165,0.0,1.3069844245910645,1.310753345489502,1.304988980293274,1.307138204574585,0.0,2512.300048828125,2512.300048828125,2512.300048828125,2512.300048828125,5.0,68.77999877929688,69.08000183105469,65.2699966430664,65.75,442855.0,5.13,314.732,123.0071,19.08,3.65,0,,,,,,TRAIN
2024-09-11,1.1020983457565308,1.1054977178573608,1.100279450416565,1.1020983457565308,0.0,1.308215618133545,1.3111659288406372,1.3003225326538086,1.3080273866653442,0.0,2525.800048828125,2525.800048828125,2502.300048828125,2512.10009765625,90.0,66.27999877929688,67.97000122070312,65.62999725341797,67.30999755859375,393311.0,5.13,314.732,122.7754,17.69,3.65,0,,,,,,TRAIN
2024-09-12,1.1010911464691162,1.1047526597976685,1.1006548404693604,1.1010911464691162,0.0,1.3039170503616333,1.3083868026733398,1.3032711744308472,1.3039510250091553,0.0,2529.10009765625,2557.0,2523.39990234375,2551.199951171875,132.0,67.38999938964844,69.80999755859375,67.23999786376953,68.97000122070312,351976.0,5.13,314.732,122.4423,17.07,3.68,0,,,,,,TRAIN
2024-09-13,1.1077877283096311,1.1102476119995115,1.1073951721191406,1.1077877283096311,0.0,1.313318371772766,1.3156856298446655,1.3116475343704224,1.313232183456421,0.0,2568.800048828125,2581.800048828125,2565.0,2581.300048828125,31.0,69.30999755859375,70.31999969482422,68.47000122070312,68.6500015258789,308983.0,5.13,314.732,121.6551,16.56,3.66,0,,,,,,TRAIN
2024-09-16,1.1088441610336304,1.1135361194610596,1.1087088584899902,1.1088441610336304,0.0,1.3135944604873655,1.3213878870010376,1.3135944604873655,1.3137997388839722,0.0,2580.39990234375,2580.39990234375,2580.39990234375,2580.39990234375,28.0,69.16000366210938,70.69999694824219,68.6500015258789,70.08999633789062,295176.0,5.13,314.732,121.4976,17.14,3.63,0,,,,,,TRAIN
2024-09-17,1.1129536628723145,1.1146159172058103,1.1113086938858032,1.1129536628723145,0.0,1.3210737705230713,1.323031306266785,1.3159972429275513,1.3210737705230713,0.0,2581.199951171875,2581.800048828125,2564.300048828125,2564.300048828125,22.0,70.5,71.91999816894531,69.61000061035156,71.19000244140625,251629.0,5.13,314.732,121.6031,17.61,3.65,0,,,,,,TRAIN
2024-09-18,1.1123099327087402,1.1140819787979126,1.110913634300232,1.1123099327087402,0.0,1.316759705543518,1.3252933025360107,1.3156163692474363,1.3167423009872437,0.0,2570.699951171875,2570.699951171875,2549.199951171875,2570.699951171875,25.0,71.13999938964844,71.4800033569336,69.7300033569336,70.91000366210938,102907.0,5.13,314.732,121.5618,18.23,3.7,1,FED,Fed cuts rates 50 bps (first cut of the cycle),HIGH,"EURUSD,GBPUSD,GOLD,OIL",TRAIN,TRAIN
2024-09-19,1.1114816665649414,1.118067979812622,1.107051968574524,1.1114816665649414,0.0,1.3203411102294922,1.3311856985092163,1.3155124187469482,1.3201146125793457,0.0,2566.0,2588.0,2566.0,2588.0,99.0,70.12999725341797,72.48999786376953,70.12999725341797,71.94999694824219,86630.0,5.13,314.732,121.3059,16.33,3.73,0,,,,,,TRAIN
2024-09-20,1.1161960363388062,1.1181679964065552,1.1137346029281616,1.1161960363388062,0.0,1.328303575515747,1.334133863449097,1.3270519971847534,1.328179955482483,0.0,2590.39990234375,2621.800048828125,2590.39990234375,2619.89990234375,17.0,72.0999984741211,72.4000015258789,71.36000061035156,71.91999816894531,306997.0,5.13,314.732,121.4052,16.15,3.73,0,,,,,,TRAIN
2024-09-23,1.1160838603973389,1.1168192625045776,1.1084877252578735,1.1160838603973389,0.0,1.3312742710113523,1.336023211479187,1.3251352310180664,1.331398367881775,0.0,2626.5,2626.5,2626.5,2626.5,9.0,71.30999755859375,71.80999755859375,69.48999786376953,70.37000274658203,338267.0,5.13,314.732,121.4303,15.89,3.75,0,,,,,,TRAIN
2024-09-24,1.111172795295715,1.1163455247879028,1.1103955507278442,1.111172795295715,0.0,1.3349709510803225,1.339925765991211,1.3333333730697632,1.334988713264465,0.0,2636.800048828125,2662.300048828125,2625.5,2651.199951171875,35.0,70.76000213623047,72.4000015258789,70.44000244140625,71.55999755859375,318516.0,5.13,314.732,121.1291,15.39,3.74,0,,,,,,TRAIN
2024-09-25,1.1191190481185913,1.1212396621704102,1.1141688823699951,1.1191190481185913,0.0,1.3427324295043943,1.3429667949676514,1.3336889743804932,1.3427324295043943,0.0,2656.300048828125,2664.199951171875,2649.300048828125,2659.199951171875,175.0,71.54000091552734,71.72000122070312,69.2300033569336,69.69000244140625,476237.0,5.13,314.732,121.4447,15.41,3.79,0,,,,,,TRAIN
2024-09-26,1.1131023168563845,1.118956208229065,1.112681269645691,1.1131023168563845,0.0,1.331487059593201,1.3432915210723877,1.331416130065918,1.3315792083740234,0.0,2662.300048828125,2669.89990234375,2660.800048828125,2669.89990234375,17216.0,69.88999938964844,70.01000213623047,66.94999694824219,67.66999816894531,478069.0,5.13,314.732,121.0785,15.37,3.79,0,,,,,,TRAIN
2024-09-27,1.117717981338501,1.1199839115142822,1.1126564741134644,1.117717981338501,0.0,1.3412017822265625,1.342822551727295,1.3361660242080688,1.341381549835205,0.0,2670.0,2672.10009765625,2641.699951171875,2644.300048828125,4228.0,67.44999694824219,68.6500015258789,67.05999755859375,68.18000030517578,341133.0,5.13,314.732,121.1111,16.96,3.75,0,,,,,,TRAIN
2024-09-30,1.1169815063476562,1.1208375692367554,1.1136106252670288,1.1169815063476562,0.0,1.338329792022705,1.3424620628356934,1.336308836936951,1.338329792022705,0.0,2660.89990234375,2662.10009765625,2623.199951171875,2636.10009765625,973.0,68.62999725341797,69.31999969482422,67.56999969482422,68.16999816894531,350115.0,5.13,314.732,121.2864,16.73,3.81,0,,,,,,TRAIN
2024-10-01,1.113660216331482,1.1145787239074707,1.1061090230941772,1.113660216331482,0.0,1.3377926349639893,1.339046597480774,1.326470971107483,1.3376137018203735,0.0,2631.39990234375,2670.89990234375,2631.39990234375,2667.300048828125,153.0,68.41000366210938,71.94000244140625,66.33000183105469,69.83000183105469,668216.0,4.83,315.631,121.6881,19.26,3.74,0,,,,,,TRAIN
2024-10-02,1.1063904762268066,1.108217477798462,1.1034117937088013,1.1063904762268066,0.0,1.3274747133255005,1.3305480480194092,1.3248717784881592,1.327404260635376,0.0,2650.60009765625,2657.199951171875,2640.0,2647.10009765625,72.0,70.80000305175781,72.48999786376953,69.87000274658203,70.0999984741211,429225.0,4.83,315.631,121.5724,18.9,3.79,0,,,,,,TRAIN
2024-10-03,1.1048502922058103,1.1048502922058103,1.1009578704833984,1.1048502922058103,0.0,1.3263479471206665,1.3265414237976074,1.309431791305542,1.326611876487732,0.0,2642.800048828125,2657.10009765625,2640.0,2657.10009765625,354.0,70.9800033569336,74.08999633789062,70.5199966430664,73.70999908447266,460554.0,4.83,315.631,122.1197,20.49,3.85,0,,,,,,TRAIN
2024-10-04,1.103557825088501,1.103996515274048,1.095614314079285,1.103557825088501,0.0,1.313042402267456,1.3175230026245115,1.3073091506958008,1.3130252361297607,0.0,2656.0,2667.0,2639.0,2645.800048828125,114.0,73.94999694824219,75.56999969482422,73.45999908447266,74.37999725341797,428815.0,4.83,315.631,122.2197,19.21,3.98,0,,,,,,TRAIN
2024-10-07,1.0974539518356323,1.0985027551651,1.095554232597351,1.0974539518356323,0.0,1.312404751777649,1.313404560089111,1.3060115575790403,1.3125253915786743,0.0,2648.699951171875,2657.39990234375,2639.0,2644.800048828125,284.0,74.4000015258789,77.4000015258789,73.62000274658203,77.13999938964844,419018.0,4.83,315.631,122.4241,22.64,4.03,0,,,,,,TRAIN
2024-10-08,1.0975743532180786,1.0997470617294312,1.096166729927063,1.0975743532180786,0.0,1.3086093664169312,1.31137216091156,1.3065404891967771,1.3084723949432373,0.0,2639.0,2639.0,2609.300048828125,2615.0,687.0,77.33000183105469,78.45999908447266,72.69000244140625,73.56999969482422,496760.0,4.83,315.631,122.6625,21.42,4.04,0,,,,,,TRAIN
2024-10-09,1.0975743532180786,1.098056435585022,1.094067931175232,1.0975743532180786,0.0,1.309414625167847,1.3103755712509155,1.305841088294983,1.309483289718628,0.0,2603.0,2607.699951171875,2603.0,2606.0,152.0,73.83999633789062,74.44999694824219,71.52999877929688,73.23999786376953,401159.0,4.83,315.631,122.8821,20.86,4.06,0,,,,,,TRAIN
2024-10-10,1.0943313837051392,1.095446228981018,1.091405153274536,1.0943313837051392,0.0,1.306711196899414,1.309346079826355,1.3027619123458862,1.306830883026123,0.0,2602.5,2628.300048828125,2602.5,2620.60009765625,320.0,73.38999938964844,76.23999786376953,73.26000213623047,75.8499984741211,321453.0,4.83,315.631,123.0951,20.93,4.09,0,,,,,,TRAIN
2024-10-11,1.0933860540390017,1.0954222679138184,1.0927408933639526,1.0933860540390017,0.0,1.306165099143982,1.308215618133545,1.3043251037597656,1.3062163591384888,0.0,2638.300048828125,2658.10009765625,2638.199951171875,2657.60009765625,12.0,75.73999786376953,76.04000091552734,74.52999877929688,75.55999755859375,315302.0,4.83,315.631,122.9805,20.46,4.08,0,,,,,,TRAIN
2024-10-14,1.0925379991531372,1.0939722061157229,1.0905719995498655,1.0925379991531372,0.0,1.3049379587173462,1.3072236776351929,1.303152322769165,1.3049037456512451,0.0,2655.0,2655.300048828125,2647.800048828125,2647.800048828125,40.0,75.05000305175781,75.08000183105469,71.80999755859375,73.83000183105469,273455.0,4.83,315.631,122.9805,19.7,4.08,0,,,,,,TRAIN
2024-10-15,1.0909169912338257,1.0918222665786743,1.0885775089263916,1.0909169912338257,0.0,1.3068478107452393,1.310186743736267,1.3036279678344729,1.3067454099655151,0.0,2661.39990234375,2661.39990234375,2661.39990234375,2661.39990234375,39.0,71.51000213623047,72.12000274658203,69.70999908447266,70.58000183105469,328738.0,4.83,315.631,123.5124,20.64,4.03,0,,,,,,TRAIN
2024-10-16,1.0884116888046265,1.0901559591293335,1.0868147611618042,1.0884116888046265,0.0,1.306557536125183,1.3077365159988403,1.2983640432357788,1.3065917491912842,0.0,2674.0,2674.0,2674.0,2674.0,6.0,70.98999786376953,71.30999755859375,69.63999938964844,70.38999938964844,222437.0,4.83,315.631,123.9235,19.58,4.02,0,,,,,,TRAIN
2024-10-17,1.0862481594085691,1.0869920253753662,1.0813850164413452,1.0862481594085691,0.0,1.2991737127304075,1.302032470703125,1.2975890636444092,1.29902184009552,0.0,2677.39990234375,2691.699951171875,2677.199951171875,2691.0,30.0,70.68000030517578,71.11000061035156,69.44000244140625,70.66999816894531,188161.0,4.83,315.631,124.1122,19.11,4.09,0,,,,,,TRAIN
2024-10-18,1.0829542875289917,1.0863661766052246,1.0828253030776978,1.0829542875289917,0.0,1.301608681678772,1.3068649768829346,1.301236271858215,1.301574945449829,0.0,2713.699951171875,2719.60009765625,2713.699951171875,2713.699951171875,29.0,70.75,71.2300033569336,68.69000244140625,69.22000122070312,95768.0,4.83,315.631,123.9185,18.03,4.08,0,,,,,,TRAIN
2024-10-21,1.0868619680404663,1.08695650100708,1.0821105241775513,1.0868619680404663,0.0,1.3051422834396362,1.3053126335144043,1.2979763746261597,1.3052616119384766,0.0,2721.89990234375,2738.39990234375,2719.5,2723.10009765625,52.0,69.45999908447266,71.02999877929688,69.0,70.55999755859375,92584.0,4.83,315.631,124.4757,18.37,4.19,0,,,,,,TRAIN
2024-10-22,1.0817828178405762,1.0837758779525757,1.0801936388015747,1.0817828178405762,0.0,1.2983134984970093,1.3015241622924805,1.2946492433547974,1.298296570777893,0.0,2731.699951171875,2746.0,2728.60009765625,2744.199951171875,93.0,70.48999786376953,72.66000366210938,70.05000305175781,72.08999633789062,330456.0,4.83,315.631,124.4107,18.2,4.2,0,,,,,,TRAIN
2024-10-23,1.079727053642273,1.0808473825454712,1.0762641429901123,1.079727053642273,0.0,1.2981956005096436,1.2996126413345337,1.2937614917755127,1.2982797622680664,0.0,2742.5,2742.5,2714.199951171875,2714.39990234375,18.0,71.3499984741211,71.72000122070312,70.12999725341797,70.7699966430664,293835.0,4.83,315.631,124.6931,19.24,4.24,0,,,,,,TRAIN
2024-10-24,1.0780508518218994,1.0810226202011108,1.0771567821502686,1.0780508518218994,0.0,1.29163920879364,1.2986844778060913,1.2912222146987915,1.291372299194336,0.0,2729.0,2736.10009765625,2729.0,2734.89990234375,27.0,71.0199966430664,72.33999633789062,69.7699966430664,70.19000244140625,286571.0,4.83,315.631,124.5127,19.08,4.21,0,,,,,,TRAIN
2024-10-25,1.0824151039123535,1.0842459201812744,1.081186294555664,1.0824151039123535,0.0,1.2974039316177368,1.2999167442321775,1.295706033706665,1.2973365783691406,0.0,2725.5,2742.39990234375,2725.5,2740.89990234375,29.0,70.33000183105469,71.91999816894531,69.95999908447266,71.77999877929688,287189.0,4.83,315.631,124.6105,20.33,4.25,0,,,,,,TRAIN
2024-10-28,1.0796570777893066,1.082719802856445,1.078271746635437,1.0796570777893066,0.0,1.295823574066162,1.3000857830047607,1.294062852859497,1.295823574066162,0.0,2736.10009765625,2742.89990234375,2729.5,2742.89990234375,56.0,68.9800033569336,69.0,66.91999816894531,67.37999725341797,419623.0,4.83,315.631,124.8076,19.8,4.28,0,,,,,,TRAIN
2024-10-29,1.0816774368286133,1.0826259851455688,1.077040672302246,1.0816774368286133,0.0,1.297555446624756,1.3007622957229614,1.2958402633666992,1.2974711656570437,0.0,2768.39990234375,2768.39990234375,2768.39990234375,2768.39990234375,848.0,68.0199966430664,68.5199966430664,66.72000122070312,67.20999908447266,291929.0,4.83,315.631,124.8612,19.34,4.28,0,,,,,,TRAIN
2024-10-30,1.0820636749267578,1.0866730213165283,1.0809992551803589,1.0820636749267578,0.0,1.301168441772461,1.3039339780807495,1.2939456701278689,1.3014055490493774,0.0,2774.60009765625,2789.0,2774.60009765625,2788.5,231.0,67.47000122070312,69.16999816894531,67.27999877929688,68.61000061035156,284795.0,4.83,315.631,124.8153,20.35,4.29,0,,,,,,TRAIN
2024-10-31,1.085917830467224,1.0888383388519287,1.0845046043395996,1.085917830467224,0.0,1.295873999595642,1.2998830080032349,1.2847524881362915,1.2959579229354858,0.0,2787.39990234375,2787.5,2733.5,2738.300048828125,849.0,69.0999984741211,70.80999755859375,68.30000305175781,69.26000213623047,311055.0,4.83,315.631,124.7988,23.16,4.28,0,,,,,,TRAIN
2024-11-01,1.0886130332946775,1.0904054641723633,1.084845781326294,1.0886130332946775,0.0,1.2894740104675293,1.2979259490966797,1.2885435819625854,1.2897733449935913,0.0,2745.5,2756.0,2734.199951171875,2738.60009765625,109.0,70.44000244140625,71.44999694824219,69.31999969482422,69.48999786376953,320572.0,4.64,316.528,124.8076,21.88,4.37,0,,,,,,TRAIN
2024-11-04,1.087453007698059,1.0915838479995728,1.0870392322540283,1.087453007698059,0.0,1.295303225517273,1.3000519275665283,1.2936275005340576,1.2953401803970337,0.0,2736.5,2737.10009765625,2736.10009765625,2736.10009765625,16.0,70.29000091552734,71.80999755859375,70.25,71.47000122070312,286947.0,4.64,316.528,124.5903,21.98,4.31,0,,,,,,TRAIN
2024-11-05,1.0874056816101074,1.0921800136566162,1.0873347520828247,1.0874056816101074,0.0,1.2953367233276367,1.3021341562271118,1.2948838472366333,1.2954542636871338,0.0,2743.0,2743.89990234375,2740.300048828125,2740.300048828125,23.0,71.62000274658203,72.66999816894531,71.29000091552734,71.98999786376953,247311.0,4.64,316.528,124.5532,20.49,4.26,0,,,,,,TRAIN
2024-11-06,1.093445897102356,1.0933382511138916,1.068376064300537,1.093445897102356,0.0,1.3040530681610107,1.3043761253356934,1.2836312055587769,1.3043591976165771,0.0,2734.5,2734.5,2659.39990234375,2667.60009765625,427.0,72.0199966430664,72.62999725341797,69.73999786376953,71.69000244140625,388265.0,4.64,316.528,125.7035,16.27,4.42,0,,,,,,TRAIN
2024-11-07,1.073306918144226,1.082602620124817,1.0714094638824463,1.073306918144226,0.0,1.2883278131484983,1.3009145259857178,1.287747144699097,1.2883278131484983,0.0,2662.5,2699.10009765625,2662.5,2698.39990234375,676.0,71.87000274658203,72.87999725341797,70.66000366210938,72.36000061035156,353595.0,4.64,316.528,124.775,15.2,4.31,0,,,,,,TRAIN
2024-11-08,1.0795172452926636,1.0797386169433594,1.07104229927063,1.0795172452926636,0.0,1.2983640432357788,1.2985326051712036,1.2903226613998413,1.2982292175292969,0.0,2688.5,2694.60009765625,2682.89990234375,2687.5,1038.0,72.20999908447266,72.25,69.98999786376953,70.37999725341797,362038.0,4.64,316.528,125.5811,14.94,4.3,0,,,,,,TRAIN
2024-11-11,1.0714898109436035,1.072846293449402,1.0628799200057983,1.0714898109436035,0.0,1.2915725708007812,1.292657732963562,1.2856611013412476,1.2917059659957886,0.0,2671.699951171875,2671.699951171875,2611.199951171875,2611.199951171875,20.0,70.25,70.55999755859375,67.91999816894531,68.04000091552734,364506.0,4.64,316.528,125.5811,14.97,4.3,0,,,,,,TRAIN
2024-11-12,1.066439151763916,1.0663481950759888,1.059703707695007,1.066439151763916,0.0,1.2874155044555664,1.2874155044555664,1.273123025894165,1.2874983549118042,0.0,2605.5,2605.5,2592.800048828125,2600.0,118.0,68.1500015258789,69.12999725341797,67.75,68.12000274658203,286926.0,4.64,316.528,126.7762,14.71,4.43,0,,,,,,TRAIN
2024-11-13,1.061672568321228,1.0649060010910034,1.0559773445129397,1.061672568321228,0.0,1.273739218711853,1.276242733001709,1.2689549922943115,1.2739177942276,0.0,2611.10009765625,2611.800048828125,2580.800048828125,2580.800048828125,53.0,67.9800033569336,68.86000061035156,66.94000244140625,68.43000030517578,386027.0,4.64,316.528,126.9572,14.02,4.44,0,,,,,,TRAIN
2024-11-14,1.0564124584197998,1.0580891370773315,1.0499238967895508,1.0564124584197998,0.0,1.2707772254943848,1.2720379829406738,1.2631398439407349,1.27068030834198,0.0,2555.10009765625,2576.199951171875,2554.199951171875,2568.199951171875,27.0,68.12999725341797,69.38999938964844,67.91999816894531,68.69999694824219,232270.0,4.64,316.528,127.0015,14.31,4.43,0,,,,,,TRAIN
2024-11-15,1.0530084371566772,1.0591648817062378,1.052443265914917,1.0530084371566772,0.0,1.266640543937683,1.269841194152832,1.2616068124771118,1.266784906387329,0.0,2565.699951171875,2565.699951171875,2565.699951171875,2565.699951171875,20.0,68.62000274658203,68.69000244140625,66.81999969482422,67.0199966430664,205235.0,4.64,316.528,126.8848,16.14,4.43,0,,,,,,TRAIN
2024-11-18,1.0533745288848877,1.0586491823196411,1.0531193017959597,1.0533745288848877,0.0,1.2619729042053225,1.2662235498428345,1.2614953517913818,1.261765956878662,0.0,2591.699951171875,2610.699951171875,2589.39990234375,2610.60009765625,136.0,66.86000061035156,69.38999938964844,66.61000061035156,69.16000366210938,110375.0,4.64,316.528,126.6045,15.58,4.42,0,,,,,,TRAIN
2024-11-19,1.059490442276001,1.0601080656051636,1.052853226661682,1.059490442276001,0.0,1.2679253816604614,1.2688745260238647,1.261479377746582,1.2679253816604614,0.0,2621.89990234375,2627.699951171875,2619.300048828125,2627.10009765625,87.0,69.01000213623047,69.69000244140625,68.44999694824219,69.38999938964844,89360.0,4.64,316.528,126.3994,16.35,4.39,0,,,,,,TRAIN
2024-11-20,1.0607603788375854,1.0612331628799438,1.0508506298065186,1.0607603788375854,0.0,1.2694865465164185,1.2714558839797974,1.2633121013641355,1.2694543600082395,0.0,2638.5,2648.199951171875,2638.5,2648.199951171875,27.0,69.55000305175781,70.1500015258789,68.75,68.87000274658203,235637.0,4.64,316.528,126.88,17.16,4.41,0,,,,,,TRAIN
2024-11-21,1.0546187162399292,1.0557432174682615,1.0469120740890503,1.0546187162399292,0.0,1.2655985355377195,1.2661433219909668,1.2581623792648315,1.2655344009399414,0.0,2659.300048828125,2672.10009765625,2655.699951171875,2672.10009765625,33.0,69.04000091552734,70.37999725341797,68.86000061035156,70.0999984741211,283850.0,4.64,316.528,127.1047,16.87,4.43,0,,,,,,TRAIN
2024-11-22,1.0469341278076172,1.0498688220977783,1.0339871644973757,1.0469341278076172,0.0,1.25854229927063,1.2594457864761353,1.248860478401184,1.2584789991378784,0.0,2687.5,2710.5,2685.60009765625,2709.89990234375,41.0,70.18000030517578,71.51000213623047,69.29000091552734,71.23999786376953,408207.0,4.64,316.528,127.4712,15.24,4.41,0,,,,,,TRAIN
2024-11-25,1.0479873418807983,1.0529640913009644,1.0449539422988892,1.0479873418807983,0.0,1.2589067220687866,1.2612725496292114,1.2542331218719482,1.2593823671340942,0.0,2689.39990234375,2689.39990234375,2616.800048828125,2616.800048828125,94.0,71.44000244140625,71.4800033569336,68.73999786376953,68.94000244140625,380922.0,4.64,316.528,126.9948,14.6,4.27,0,,,,,,TRAIN
2024-11-26,1.0444300174713137,1.0543851852416992,1.0427310466766355,1.0444300174713137,0.0,1.25305438041687,1.261654496192932,1.2508755922317505,1.2533055543899536,0.0,2625.60009765625,2625.60009765625,2620.300048828125,2620.300048828125,177858.0,69.08000183105469,70.30000305175781,68.05000305175781,68.7699966430664,292138.0,4.64,316.528,127.4301,14.1,4.3,0,,,,,,TRAIN
2024-11-27,1.0491198301315308,1.0583466291427612,1.0475481748580933,1.0491198301315308,0.0,1.2575452327728271,1.269293189048767,1.2567708492279053,1.2573871612548828,0.0,2633.5,2657.89990234375,2627.199951171875,2639.89990234375,61653.0,68.91000366210938,69.37000274658203,68.18000030517578,68.72000122070312,227215.0,4.64,316.528,126.8205,14.1,4.25,0,,,,,,TRAIN
2024-11-28,1.0562450885772705,1.0565240383148191,1.0529197454452517,1.0562450885772705,0.0,1.2674914598464966,1.2691482305526731,1.26457417011261,1.2677645683288574,0.0,,,,,,,,,,,4.64,316.528,126.8205,13.9,4.25,0,,,,,,TRAIN
2024-11-29,1.0563008785247805,1.0595465898513794,1.0542962551116943,1.0563008785247805,0.0,1.2696478366851809,1.2748761177062988,1.2673628330230713,1.2696800231933594,0.0,2636.39990234375,2664.300048828125,2620.699951171875,2657.0,3861.0,68.7699966430664,69.69000244140625,67.87000274658203,68.0,291408.0,4.64,316.528,126.5798,13.51,4.18,0,,,,,,TRAIN
2024-12-02,1.0545742511749268,1.0545742511749268,1.0462220907211304,1.0545074939727783,0.0,1.2705672979354858,1.2722160816192627,1.2619411945343018,1.270163893699646,0.0,2649.0,2649.800048828125,2621.699951171875,2634.89990234375,695.0,68.0,69.11000061035156,67.70999908447266,68.0999984741211,264883.0,4.48,317.604,127.1272,13.34,4.19,0,,,,,,TRAIN
2024-12-03,1.0501223802566528,1.0530306100845337,1.048185110092163,1.0501223802566528,0.0,1.265806794166565,1.2696800231933594,1.264030694961548,1.265854835510254,0.0,2639.0,2654.699951171875,2636.0,2644.699951171875,1062.0,68.16000366210938,70.2300033569336,67.91000366210938,69.94000244140625,303752.0,4.48,317.604,126.9565,13.3,4.23,0,,,,,,TRAIN
2024-12-04,1.0510826110839844,1.0540074110031128,1.047394633293152,1.0510826110839844,0.0,1.2674272060394287,1.2717468738555908,1.2635835409164429,1.2674272060394287,0.0,2639.199951171875,2658.300048828125,2637.0,2653.800048828125,249.0,70.0199966430664,70.51000213623047,68.48999786376953,68.54000091552734,325636.0,4.48,317.604,126.7574,13.45,4.19,0,,,,,,TRAIN
2024-12-05,1.051414132118225,1.0588284730911257,1.050894856452942,1.051414132118225,0.0,1.2701315879821775,1.2770249843597412,1.269357681274414,1.2701154947280884,0.0,2652.39990234375,2655.0,2625.699951171875,2626.60009765625,573.0,68.73999786376953,69.16000366210938,67.9800033569336,68.30000305175781,286701.0,4.48,317.604,126.4286,13.54,4.17,0,,,,,,TRAIN
2024-12-06,1.058559536933899,1.0626428127288818,1.0546075105667114,1.058559536933899,0.0,1.2759333848953247,1.2809674739837646,1.2731555700302124,1.2759333848953247,0.0,2620.199951171875,2643.10009765625,2617.5,2638.60009765625,571.0,68.44000244140625,68.48999786376953,66.9800033569336,67.19999694824219,341593.0,4.48,317.604,126.688,12.77,4.15,0,,,,,,TRAIN
2024-12-09,1.056546330451965,1.0592771768569946,1.0533078908920288,1.056546330451965,0.0,1.2746647596359253,1.2798033952713013,1.271779179573059,1.2749296426773071,0.0,2632.10009765625,2677.10009765625,2630.800048828125,2664.89990234375,935.0,67.1500015258789,68.87999725341797,67.08000183105469,68.37000274658203,297085.0,4.48,317.604,126.5981,14.19,4.2,0,,,,,,TRAIN
2024-12-10,1.0555204153060913,1.056747317314148,1.0500340461730957,1.0555204153060913,0.0,1.274843454360962,1.276650071144104,1.2725237607955933,1.2749085426330566,0.0,2662.300048828125,2698.199951171875,2661.0,2697.60009765625,437.0,68.19000244140625,69.05999755859375,67.72000122070312,68.58999633789062,286003.0,4.48,317.604,126.957,14.18,4.22,0,,,,,,TRAIN
2024-12-11,1.0532968044281006,1.054073929786682,1.0481630563735962,1.0532968044281006,0.0,1.2780369520187378,1.2782166004180908,1.2714719772338867,1.2780042886734009,0.0,2701.800048828125,2733.800048828125,2693.10009765625,2733.800048828125,3387.0,68.5,70.52999877929688,68.44000244140625,70.29000091552734,335892.0,4.48,317.604,126.8483,13.58,4.26,0,,,,,,TRAIN
2024-12-12,1.0506850481033323,1.052997350692749,1.0464848279953003,1.0506850481033323,0.0,1.276650071144104,1.2787723541259766,1.267330765724182,1.2766337394714355,0.0,2725.10009765625,2725.10009765625,2677.39990234375,2687.5,2365.0,70.43000030517578,70.72000122070312,69.13999938964844,70.0199966430664,326046.0,4.48,317.604,126.9556,13.92,4.32,0,,,,,,TRAIN
2024-12-13,1.0474056005477903,1.0522992610931396,1.045434594154358,1.0474056005477903,0.0,1.2675557136535645,1.2679253816604614,1.2609069347381592,1.2677323818206787,0.0,2688.199951171875,2689.300048828125,2647.89990234375,2656.0,1125.0,70.05999755859375,71.41999816894531,69.87000274658203,71.29000091552734,230429.0,4.48,317.604,127.3096,13.81,4.4,0,,,,,,TRAIN
2024-12-16,1.051005244255066,1.0524100065231323,1.0475043058395386,1.051005244255066,0.0,1.2629451751708984,1.2696800231933594,1.262817621231079,1.2627378702163696,0.0,2658.300048828125,2663.300048828125,2651.0,2651.39990234375,877.0,71.44000244140625,71.44000244140625,70.37000274658203,70.70999908447266,204296.0,4.48,317.604,127.2687,14.69,4.39,0,,,,,,TRAIN
2024-12-17,1.0517348051071167,1.0532857179641724,1.047998309135437,1.0517348051071167,0.0,1.2695188522338867,1.2720541954040527,1.2667688131332395,1.269035577774048,0.0,2651.800048828125,2652.300048828125,2632.5,2644.39990234375,705.0,70.61000061035156,70.91999816894531,69.18000030517578,70.08000183105469,99604.0,4.48,317.604,127.5043,15.87,4.4,0,,,,,,TRAIN
2024-12-18,1.0495051145553589,1.0515247583389282,1.0467805862426758,1.0495051145553589,0.0,1.2708903551101685,1.2723132371902466,1.2680377960205078,1.2710840702056885,0.0,2644.300048828125,2647.10009765625,2590.199951171875,2636.5,566.0,70.22000122070312,71.37999725341797,69.98999786376953,70.58000183105469,99386.0,4.48,317.604,127.6418,27.62,4.5,0,,,,,,TRAIN
2024-12-19,1.0350252389907837,1.0422203540802002,1.0352503061294556,1.0350252389907837,0.0,1.2570394277572632,1.2666244506835938,1.2526618242263794,1.2567708492279053,0.0,2582.10009765625,2610.300048828125,2582.10009765625,2592.199951171875,238.0,70.13999938964844,71.26000213623047,69.69999694824219,69.91000366210938,291660.0,4.48,317.604,128.6366,24.09,4.57,0,,,,,,TRAIN
2024-12-20,1.0364949703216553,1.0433076620101929,1.0344257354736328,1.0364949703216553,0.0,1.249750018119812,1.25911283493042,1.2476201057434082,1.2497968673706057,0.0,2605.300048828125,2631.60009765625,2604.89990234375,2628.699951171875,592.0,69.2300033569336,69.8499984741211,68.41999816894531,69.45999908447266,231592.0,4.48,317.604,127.893,18.36,4.52,0,,,,,,TRAIN
2024-12-23,1.0433076620101929,1.0448229312896729,1.038594126701355,1.0433076620101929,0.0,1.2571974992752075,1.2588117122650146,1.2510946989059448,1.256991982460022,0.0,2620.0,2627.699951171875,2611.10009765625,2612.300048828125,451.0,69.4000015258789,69.94000244140625,68.58999633789062,69.23999786376953,188843.0,4.48,317.604,128.3021,16.78,4.59,0,,,,,,TRAIN
2024-12-24,1.0405826568603516,1.04112446308136,1.0387451648712158,1.0405826568603516,0.0,1.2533683776855469,1.257403016090393,1.2524266242980957,1.2534469366073608,0.0,2613.0,2620.0,2609.5,2620.0,35.0,69.55999755859375,70.43000030517578,69.36000061035156,70.0999984741211,122602.0,4.48,317.604,128.3377,14.27,4.59,0,,,,,,TRAIN
2024-12-25,1.0402579307556152,1.0432968139648438,1.040149807929993,1.0402579307556152,0.0,1.2536041736602783,1.2813055515289309,1.240999698638916,1.2536041736602783,0.0,,,,,,,,,,,4.48,317.604,128.3377,14.27,4.59,0,,,,,,TRAIN
2024-12-26,1.0399551391601562,1.042535424232483,1.0391446352005005,1.0399551391601562,0.0,1.2543903589248655,1.2549996376037598,1.2502655982971191,1.254374623298645,0.0,2628.5,2638.800048828125,2627.89990234375,2638.800048828125,84.0,70.19999694824219,70.75,69.33000183105469,69.62000274658203,144877.0,4.48,317.604,128.3329,14.73,4.58,0,,,,,,TRAIN
2024-12-27,1.0423181056976318,1.0444954633712769,1.0406694412231443,1.0423181056976318,0.0,1.2529443502426147,1.2591445446014404,1.2506722211837769,1.2529758214950562,0.0,2617.699951171875,2617.699951171875,2616.39990234375,2617.199951171875,642.0,69.68000030517578,70.75,69.44000244140625,70.5999984741211,172641.0,4.48,317.604,128.45,15.95,4.62,0,,,,,,TRAIN
2024-12-30,1.0429377555847168,1.0458500385284424,1.037419676780701,1.0429377555847168,0.0,1.257956624031067,1.2607479095458984,1.2508130073547363,1.257880687713623,0.0,2620.699951171875,2626.89990234375,2597.0,2606.10009765625,794.0,70.41999816894531,71.55999755859375,70.12000274658203,70.98999786376953,199296.0,4.48,317.604,128.8205,17.4,4.55,0,,,,,,TRAIN
2024-12-31,1.040615200996399,1.042426824569702,1.0348539352416992,1.040615200996399,0.0,1.254900336265564,1.256818175315857,1.2514861822128296,1.254909873008728,0.0,2608.39990234375,2629.199951171875,2604.89990234375,2629.199951171875,401.0,71.1500015258789,72.0199966430664,70.87000274658203,71.72000122070312,151155.0,4.48,317.604,129.2775,17.35,4.58,0,,,,,,TRAIN
2025-01-02,1.0351860523223877,1.0375596284866333,1.0231853723526,1.0351860523223877,0.0,1.2521003484725952,1.2540757656097412,1.2360633611679075,1.2519248723983765,0.0,2633.0,2663.10009765625,2633.0,2658.89990234375,1728.0,71.8499984741211,73.7300033569336,71.79000091552734,73.12999725341797,306498.0,4.33,318.961,129.4598,17.93,4.57,0,,,,,,TEST
2025-01-03,1.0268205404281616,1.030534744262695,1.0265464782714844,1.0268205404281616,0.0,1.2380222082138062,1.2419891357421875,1.237884283065796,1.2380222082138062,0.0,2658.699951171875,2658.699951171875,2641.800048828125,2645.0,591.0,73.12999725341797,74.3499984741211,72.69999694824219,73.95999908447266,296040.0,4.33,318.961,129.4535,16.13,4.6,0,,,,,,TEST
2025-01-06,1.030534744262695,1.0435036420822144,1.029632806777954,1.030534744262695,0.0,1.24251389503479,1.2550673484802246,1.241896629333496,1.2426837682724,0.0,2645.5,2647.0,2617.300048828125,2638.39990234375,960.0,74.05000305175781,74.98999786376953,73.19999694824219,73.55999755859375,306042.0,4.33,318.961,128.538,16.04,4.62,0,,,,,,TEST
2025-01-07,1.0386372804641724,1.043623447418213,1.035947322845459,1.0386372804641724,0.0,1.2510634660720823,1.2576401233673096,1.2485017776489258,1.2510946989059448,0.0,2653.39990234375,2657.5,2653.0,2656.699951171875,643.0,73.44000244140625,74.52999877929688,73.11000061035156,74.25,277328.0,4.33,318.961,128.613,17.82,4.67,0,,,,,,TEST
2025-01-08,1.034554123878479,1.0358400344848633,1.0276752710342407,1.034554123878479,0.0,1.2476606369018557,1.2494065761566162,1.2322555780410769,1.247785210609436,0.0,2655.5,2676.89990234375,2653.5,2664.5,999.0,74.5199966430664,75.29000091552734,73.16000366210938,73.31999969482422,328617.0,4.33,318.961,129.0785,17.7,4.67,0,,,,,,TEST
2025-01-09,1.0314701795578003,1.0323113203048706,1.0286160707473757,1.0314701795578003,0.0,1.2359411716461182,1.236644268035889,1.224589705467224,1.2359870672225952,0.0,2669.699951171875,2686.300048828125,2667.89990234375,2683.800048828125,1139.0,73.31999969482422,74.31999969482422,72.83999633789062,73.91999816894531,213421.0,4.33,318.961,129.2827,18.07,4.68,0,,,,,,TEST
2025-01-10,1.0297601222991943,1.0311936140060425,1.0221186876296997,1.0297601222991943,0.0,1.229906439781189,1.2321947813034058,1.2196757793426514,1.2299367189407349,0.0,2686.10009765625,2720.10009765625,2683.699951171875,2708.5,403.0,74.29000091552734,77.86000061035156,74.0199966430664,76.56999969482422,478432.0,4.33,318.961,129.8664,19.54,4.77,0,,,,,,TEST
2025-01-13,1.0244431495666504,1.025020718574524,1.0183818340301514,1.0244431495666504,0.0,1.2204201221466064,1.2207627296447754,1.2101263999938965,1.220494508743286,0.0,2711.10009765625,2711.199951171875,2673.5,2673.5,765.0,76.54000091552734,79.2699966430664,76.54000091552734,78.81999969482422,460942.0,4.33,318.961,130.0413,19.19,4.79,0,,,,,,TEST
2025-01-14,1.026525378227234,1.0303966999053955,1.0239711999893188,1.026525378227234,0.0,1.2231218814849854,1.224289894104004,1.2141668796539309,1.2233314514160156,0.0,2673.60009765625,2688.300048828125,2670.800048828125,2677.5,794.0,78.81999969482422,79.08999633789062,77.41000366210938,77.5,326729.0,4.33,318.961,129.3812,18.71,4.78,0,,,,,,TEST
2025-01-15,1.030683517456055,1.0350252389907837,1.0270631313323977,1.030683517456055,0.0,1.2210757732391355,1.2306934595108032,1.216944694519043,1.221344232559204,0.0,2690.800048828125,2712.5,2690.800048828125,2712.5,930.0,78.02999877929688,80.7699966430664,77.23999786376953,80.04000091552734,321422.0,4.33,318.961,129.2092,16.12,4.66,0,,,,,,TEST
2025-01-16,1.0295268297195437,1.0311510562896729,1.0263779163360596,1.0295268297195437,0.0,1.2243348360061646,1.2248448133468628,1.217700481414795,1.2243348360061646,0.0,2731.699951171875,2749.800048828125,2731.699951171875,2746.39990234375,1721.0,80.4000015258789,80.58999633789062,77.87000274658203,78.68000030517578,159948.0,4.33,318.961,129.436,16.6,4.61,0,,,,,,TEST
2025-01-17,1.0301949977874756,1.0329724550247192,1.0266518592834473,1.0301949977874756,0.0,1.223466157913208,1.2244248390197754,1.2162491083145142,1.223690629005432,0.0,2736.0,2751.60009765625,2725.5,2744.300048828125,1214.0,78.75,79.44000244140625,77.76000213623047,77.87999725341797,112409.0,4.33,318.961,129.4859,15.97,4.61,0,,,,,,TEST
2025-01-20,1.0277386903762815,1.0427310466766355,1.0279394388198853,1.0277386903762815,0.0,1.2175670862197876,1.232392191886902,1.216663479804993,1.2171002626419067,0.0,,,,,,,,,,,4.33,318.961,129.4859,15.81,4.61,0,,,,,,TEST
2025-01-21,1.0420682430267334,1.0434056520462036,1.034457802772522,1.0420682430267334,0.0,1.2333194017410278,1.2345222234725952,1.2231967449188232,1.233136773109436,0.0,2746.0,2755.0,2724.800048828125,2755.0,1439.0,78.19000244140625,78.47000122070312,75.48999786376953,75.88999938964844,568807.0,4.33,318.961,128.4151,15.06,4.57,0,,,,,,TEST
2025-01-22,1.040593504905701,1.0458062887191772,1.0400739908218384,1.040593504905701,0.0,1.234126091003418,1.2375471591949463,1.23093581199646,1.2335399389266968,0.0,2754.5,2768.800048828125,2753.5,2767.60009765625,2079.0,75.87999725341797,76.44999694824219,75.27999877929688,75.44000244140625,315333.0,4.33,318.961,128.3402,15.1,4.6,0,,,,,,TEST
2025-01-23,1.0410159826278689,1.042546272277832,1.0385618209838867,1.0410159826278689,0.0,1.231569528579712,1.235803723335266,1.2294225692749023,1.231420874595642,0.0,2760.0,2765.0,2745.39990234375,2763.10009765625,2201.0,75.38999938964844,76.0,74.13999938964844,74.62000274658203,350688.0,4.33,318.961,128.2162,15.02,4.65,0,,,,,,TEST
2025-01-24,1.041601538658142,1.051934003829956,1.0413196086883545,1.041601538658142,0.0,1.235467791557312,1.2495627403259275,1.2350252866744995,1.2353914976119995,0.0,2759.800048828125,2792.0,2759.800048828125,2777.300048828125,1593.0,74.30000305175781,75.20999908447266,74.01000213623047,74.66000366210938,319679.0,4.33,318.961,127.4611,14.85,4.63,0,,,,,,TEST
2025-01-27,1.0467586517333984,1.0533745288848877,1.045434594154358,1.0467586517333984,0.0,1.2459661960601809,1.2523951530456543,1.242714524269104,1.2459352016448977,0.0,2761.10009765625,2762.199951171875,2737.5,2737.5,984.0,74.54000091552734,75.1500015258789,72.37999725341797,73.16999816894531,334418.0,4.33,318.961,128.0912,17.9,4.53,0,,,,,,TEST
2025-01-28,1.0445064306259155,1.0455766916275024,1.0415256023406982,1.0445064306259155,0.0,1.2454074621200562,1.2465718984603882,1.2416189908981323,1.2460592985153198,0.0,2738.0,2766.800048828125,2738.0,2766.800048828125,2307.0,73.1500015258789,74.30999755859375,72.93000030517578,73.7699966430664,326075.0,4.33,318.961,128.2817,16.41,4.55,0,,,,,,TEST
2025-01-29,1.04290509223938,1.0444954633712769,1.0383461713790894,1.04290509223938,0.0,1.2442607879638672,1.2462767362594604,1.2394338846206665,1.244168043136597,0.0,2769.10009765625,2769.10009765625,2769.10009765625,2769.10009765625,125692.0,73.94999694824219,74.08000183105469,72.33000183105469,72.62000274658203,312733.0,4.33,318.961,128.3418,16.56,4.55,1,FED,FOMC rate decision (hold),MEDIUM,"EURUSD,GBPUSD,GOLD,OIL",TEST,TEST
2025-01-30,1.0425245761871338,1.0465506315231323,1.0391337871551514,1.0425245761871338,0.0,1.2455161809921265,1.2475829124450684,1.2425910234451294,1.245530128479004,0.0,2772.5,2829.5,2770.0,2823.0,40141.0,73.0,73.83999633789062,72.0199966430664,72.7300033569336,336475.0,4.33,318.961,128.1004,15.84,4.52,0,,,,,,TEST
2025-01-31,1.0397279262542725,1.0412328243255615,1.0362050533294678,1.0397279262542725,0.0,1.2422515153884888,1.2455471754074097,1.2388964891433716,1.2423903942108154,0.0,2829.0,2838.0,2804.0,2812.5,3443.0,73.19999694824219,73.83999633789062,71.94000244140625,72.52999877929688,376335.0,4.33,318.961,128.4828,16.43,4.58,0,,,,,,TEST
2025-02-03,1.024779200553894,1.032652497291565,1.0213043689727783,1.024779200553894,0.0,1.229135513305664,1.2435336112976074,1.225039839744568,1.2291958332061768,0.0,2818.199951171875,2848.39990234375,2780.89990234375,2833.89990234375,2649.0,74.13999938964844,75.18000030517578,72.05000305175781,73.16000366210938,517853.0,4.33,319.679,129.109,18.62,4.54,1,TARIFF,"Trump announces IEEPA tariffs on Canada, Mexico and China",HIGH,"EURUSD,GBPUSD,GOLD,OIL",TEST,TEST
2025-02-04,1.0327378511428833,1.0386804342269895,1.0276541709899902,1.0327378511428833,0.0,1.2435646057128906,1.2493128776550293,1.2382980585098269,1.2431780099868774,0.0,2827.60009765625,2853.300048828125,2816.10009765625,2853.300048828125,2187.0,72.3499984741211,73.3499984741211,70.66999816894531,72.69999694824219,452961.0,4.33,319.679,128.1083,17.21,4.52,1,TARIFF,10% tariffs on Chinese imports take effect,HIGH,"EURUSD,GBPUSD,GOLD,OIL",TEST,TEST
2025-02-05,1.0372798442840576,1.043645262718201,1.037043213844299,1.0372798442840576,0.0,1.2477540969848633,1.2548468112945557,1.246463179588318,1.2478163242340088,0.0,2850.0,2880.5,2848.0,2871.60009765625,4519.0,72.76000213623047,72.97000122070312,70.95999908447266,71.02999877929688,289902.0,4.33,319.679,127.9751,15.77,4.43,0,,,,,,TEST
2025-02-06,1.0400848388671875,1.040528655052185,1.0354539155960083,1.0400848388671875,0.0,1.2502344846725464,1.2509851455688477,1.236858367919922,1.2504063844680786,0.0,2865.199951171875,2871.699951171875,2836.300048828125,2856.0,3116.0,71.18000030517578,71.8499984741211,70.43000030517578,70.61000061035156,299037.0,4.33,319.679,128.2017,15.5,4.45,0,,,,,,TEST
2025-02-07,1.0385725498199463,1.040593504905701,1.0324605703353882,1.0385725498199463,0.0,1.243579983711243,1.2490476369857788,1.2389885187149048,1.2437502145767212,0.0,2859.89990234375,2889.5,2857.800048828125,2867.300048828125,1822.0,70.55999755859375,71.41000366210938,70.47000122070312,71.0,273766.0,4.33,319.679,128.4292,16.54,4.49,0,,,,,,TEST
2025-02-10,1.0311616659164429,1.0336023569107056,1.0299509763717651,1.0311616659164429,0.0,1.2390345335006714,1.2421588897705078,1.237317442893982,1.2391574382781982,0.0,2864.199951171875,2916.10009765625,2863.800048828125,2914.300048828125,2237.0,71.0,72.54000091552734,70.83999633789062,72.31999969482422,255941.0,4.33,319.679,128.6382,15.81,4.51,0,,,,,,TEST
2025-02-11,1.0301525592803955,1.0351966619491575,1.0292725563049316,1.0301525592803955,0.0,1.2361550331115725,1.2425756454467771,1.233456254005432,1.2360633611679075,0.0,2925.5,2945.39990234375,2890.0,2912.5,2554.0,72.48999786376953,73.68000030517578,72.30999755859375,73.31999969482422,266819.0,4.33,319.679,128.4322,16.02,4.54,0,,,,,,TEST
2025-02-12,1.0364949703216553,1.039565920829773,1.031821370124817,1.0364949703216553,0.0,1.24525249004364,1.2464165687561035,1.237930178642273,1.245159387588501,0.0,2902.0,2912.300048828125,2868.60009765625,2909.0,2504.0,73.19999694824219,73.22000122070312,71.16999816894531,71.37000274658203,318123.0,4.33,319.679,128.3288,15.89,4.62,0,,,,,,TEST
2025-02-13,1.039198637008667,1.044571876525879,1.0379257202148438,1.039198637008667,0.0,1.2452058792114258,1.254028558731079,1.2444467544555664,1.2450664043426514,0.0,2911.300048828125,2937.699951171875,2910.60009765625,2925.89990234375,4670.0,71.23999786376953,71.5999984741211,70.22000122070312,71.29000091552734,278197.0,4.33,319.679,127.8931,15.1,4.52,1,TARIFF,Trump orders reciprocal-tariff plan (memorandum),MEDIUM,"EURUSD,GBPUSD,GOLD,OIL",TEST,TEST
2025-02-14,1.0461673736572266,1.0513699054718018,1.0448119640350342,1.0461673736572266,0.0,1.2567076683044434,1.263024926185608,1.2550673484802246,1.2563445568084717,0.0,2937.300048828125,2944.39990234375,2874.800048828125,2883.60009765625,1992.0,71.5199966430664,72.0199966430664,70.5199966430664,70.73999786376953,207719.0,4.33,319.679,127.1491,14.77,4.47,0,,,,,,TEST
2025-02-17,1.0489217042922974,1.0507071018218994,1.0467368364334106,1.0489217042922974,0.0,1.2584631443023682,1.2613998651504517,1.2581149339675903,1.2584155797958374,0.0,,,,,,,,,,,4.33,319.679,127.1491,15.37,4.47,0,,,,,,TEST
2025-02-18,1.048536777496338,1.0486466884613037,1.044277310371399,1.048536777496338,0.0,1.2621641159057615,1.2623871564865112,1.2583681344985962,1.262148141860962,0.0,2879.199951171875,2936.39990234375,2873.800048828125,2931.60009765625,4010.0,70.69999694824219,72.06999969482422,70.12000274658203,71.8499984741211,130937.0,4.33,319.679,127.2906,15.35,4.55,0,,,,,,TEST
2025-02-19,1.044833779335022,1.0462440252304075,1.0405069589614868,1.044833779335022,0.0,1.26262629032135,1.2639029026031494,1.2571184635162354,1.2625784873962402,0.0,2938.699951171875,2946.0,2917.10009765625,2919.39990234375,2630.0,71.77999877929688,73.04000091552734,71.70999908447266,72.25,69012.0,4.33,319.679,127.7317,15.27,4.53,0,,,,,,TEST
2025-02-20,1.0421009063720703,1.047877550125122,1.0419706106185913,1.0421009063720703,0.0,1.2583839893341064,1.2648781538009644,1.2581465244293213,1.2584155797958374,0.0,2949.10009765625,2955.800048828125,2924.199951171875,2940.0,656.0,72.18000030517578,73.25,71.8499984741211,72.56999969482422,240060.0,4.33,319.679,127.1126,15.66,4.5,0,,,,,,TEST
2025-02-21,1.050056219100952,1.0507513284683228,1.0449975728988647,1.050056219100952,0.0,1.2670094966888428,1.2678771018981934,1.2631845474243164,1.267040133476257,0.0,2938.800048828125,2940.0,2917.300048828125,2937.60009765625,570.0,72.58000183105469,72.7699966430664,70.16999816894531,70.4000015258789,268470.0,4.33,319.679,127.1408,18.21,4.42,0,,,,,,TEST
2025-02-24,1.0474823713302612,1.0528643131256104,1.045434594154358,1.0474823713302612,0.0,1.2649260759353638,1.269196629524231,1.2614158391952517,1.2649900913238523,0.0,2933.10009765625,2957.89990234375,2933.10009765625,2947.89990234375,415.0,69.80000305175781,70.94000244140625,69.80000305175781,70.69999694824219,205468.0,4.33,319.679,127.1921,18.98,4.4,0,,,,,,TEST
2025-02-25,1.0461344718933103,1.0518454313278198,1.0457953214645386,1.0461344718933103,0.0,1.2618932723999023,1.267812728881836,1.2609069347381592,1.261781930923462,0.0,2938.699951171875,2943.199951171875,2890.0,2904.5,1854.0,70.91999816894531,71.26000213623047,68.68000030517578,68.93000030517578,267310.0,4.33,319.679,127.3752,19.43,4.3,0,,,,,,TEST
2025-02-26,1.0524100065231323,1.0527424812316897,1.0476469993591309,1.0524100065231323,0.0,1.2673468589782717,1.270793318748474,1.2636793851852417,1.2674431800842283,0.0,2913.5,2917.0,2913.0,2916.800048828125,2050.0,69.11000061035156,69.27999877929688,68.36000061035156,68.62000274658203,255601.0,4.33,319.679,127.2822,19.1,4.25,0,,,,,,TEST
2025-02-27,1.0488777160644531,1.0489877462387085,1.0404852628707886,1.0488777160644531,0.0,1.2681005001068115,1.268890619277954,1.261702299118042,1.2682307958602903,0.0,2918.5,2922.800048828125,2870.39990234375,2883.199951171875,3215.0,68.81999969482422,70.54000091552734,68.61000061035156,70.3499984741211,265933.0,4.33,319.679,127.9704,21.13,4.29,0,,,,,,TEST
2025-02-28,1.039511799812317,1.0421009063720703,1.038184404373169,1.039511799812317,0.0,1.25979483127594,1.2622597217559814,1.2575136423110962,1.259890079498291,0.0,2877.10009765625,2877.10009765625,2834.10009765625,2836.800048828125,990.0,70.16999816894531,70.29000091552734,69.13999938964844,69.76000213623047,250074.0,4.33,319.679,128.2805,19.63,4.24,0,,,,,,TEST
2025-03-03,1.0413846969604492,1.050023078918457,1.039047360420227,1.0413846969604492,0.0,1.260159969329834,1.2711325883865356,1.258447289466858,1.260398268699646,0.0,2872.699951171875,2891.800048828125,2863.39990234375,2890.199951171875,423.0,69.94999694824219,70.5999984741211,67.88999938964844,68.37000274658203,332751.0,4.33,319.785,127.75,22.78,4.16,0,,,,,,TEST
2025-03-04,1.0485037565231323,1.0559550523757937,1.0471752882003784,1.0485037565231323,0.0,1.270244598388672,1.2753963470458984,1.2679204940795898,1.270147681236267,0.0,2886.10009765625,2927.89990234375,2886.10009765625,2909.60009765625,885.0,68.45999908447266,68.55999755859375,66.7699966430664,68.26000213623047,386750.0,4.33,319.785,127.9966,23.51,4.22,1,TARIFF,25% Canada/Mexico tariffs take effect; China raised to 20%,HIGH,"EURUSD,GBPUSD,GOLD,OIL",TEST,TEST
2025-03-05,1.062699317932129,1.0785857439041138,1.0602879524230957,1.062699317932129,0.0,1.2795741558074951,1.287813425064087,1.2768783569335938,1.2794268131256104,0.0,2916.699951171875,2922.0,2893.0,2915.300048828125,551.0,68.08000183105469,68.0999984741211,65.22000122070312,66.30999755859375,382493.0,4.33,319.785,126.504,21.93,4.28,0,,,,,,TEST
2025-03-06,1.0794938802719116,1.0851047039031982,1.0782485008239746,1.0794938802719116,0.0,1.2889920473098757,1.292306900024414,1.286852240562439,1.2891913652420044,0.0,2904.0,2918.60009765625,2903.800048828125,2916.60009765625,870.0,66.38999938964844,67.08999633789062,65.58999633789062,66.36000061035156,341632.0,4.33,319.785,126.1099,24.87,4.29,0,,,,,,TEST
2025-03-07,1.0787951946258545,1.088565707206726,1.0782135725021362,1.0787951946258545,0.0,1.2883775234222412,1.2944984436035156,1.287697434425354,1.288530349731445,0.0,2900.89990234375,2927.300048828125,2900.5,2904.699951171875,531.0,66.33999633789062,68.22000122070312,66.12000274658203,67.04000091552734,329710.0,4.33,319.785,125.9814,23.37,4.32,0,,,,,,TEST
2025-03-10,1.086059331893921,1.0873465538024902,1.0806254148483276,1.086059331893921,0.0,1.293326497077942,1.2946324348449707,1.2876144647598269,1.2932428121566772,0.0,2910.10009765625,2915.10009765625,2880.199951171875,2891.0,55.0,67.11000061035156,67.5999984741211,65.80000305175781,66.02999877929688,249633.0,4.33,319.785,126.268,27.86,4.22,0,,,,,,TEST
2025-03-11,1.0839403867721558,1.0930275917053225,1.0836819410324097,1.0839403867721558,0.0,1.287597894668579,1.2955213785171509,1.2873326539993286,1.2875481843948364,0.0,2884.39990234375,2916.699951171875,2880.39990234375,2912.89990234375,197.0,65.94999694824219,67.16999816894531,65.29000091552734,66.25,222511.0,4.33,319.785,126.0457,26.92,4.28,0,,,,,,TEST
2025-03-12,1.0914170742034912,1.093457818031311,1.087725043296814,1.0914170742034912,0.0,1.294481635093689,1.2988194227218628,1.2914507389068604,1.294481635093689,0.0,2912.0,2939.10009765625,2910.0,2939.10009765625,213.0,66.62000274658203,67.87999725341797,66.1500015258789,67.68000030517578,246675.0,4.33,319.785,125.8664,24.23,4.32,1,TARIFF,25% tariffs on steel and aluminum take effect,HIGH,"EURUSD,GBPUSD,GOLD,OIL",TEST,TEST
2025-03-13,1.0886249542236328,1.0899182558059692,1.082297921180725,1.0886249542236328,0.0,1.2964956760406494,1.2973533868789673,1.2922234535217283,1.2964283227920532,0.0,2937.10009765625,2988.0,2935.199951171875,2984.300048828125,2366.0,67.69000244140625,67.94000244140625,66.37000274658203,66.55000305175781,268590.0,4.33,319.785,126.0031,24.66,4.27,0,,,,,,TEST
2025-03-14,1.085564136505127,1.0910122394561768,1.0831302404403689,1.085564136505127,0.0,1.2956725358963013,1.2959076166152954,1.2912389039993286,1.2958402633666992,0.0,2994.39990234375,3004.800048828125,2986.0,2994.5,1800.0,66.77999877929688,67.4800033569336,66.58999633789062,67.18000030517578,180495.0,4.33,319.785,125.6942,21.77,4.31,0,,,,,,TEST
2025-03-17,1.0881274938583374,1.0928961038589478,1.0869210958480835,1.0881274938583374,0.0,1.2927913665771484,1.2994775772094729,1.2927913665771484,1.2930588722229004,0.0,2991.0,3001.5,2989.0,3000.0,214.0,67.3499984741211,68.37000274658203,67.25,67.58000183105469,161298.0,4.33,319.785,125.3688,20.51,4.31,0,,,,,,TEST
2025-03-18,1.091917634010315,1.095446228981018,1.0897043943405151,1.091917634010315,0.0,1.2986000776290894,1.3006099462509155,1.2954374551773071,1.2985326051712036,0.0,3006.39990234375,3039.199951171875,3004.39990234375,3035.10009765625,428.0,67.4000015258789,68.72000122070312,66.55999755859375,66.9000015258789,110338.0,4.33,319.785,125.488,21.7,4.29,0,,,,,,TEST
2025-03-19,1.093948245048523,1.094570875167847,1.0875948667526243,1.093948245048523,0.0,1.3000519275665283,1.3003731966018677,1.2955548763275146,1.3000519275665283,0.0,3035.199951171875,3050.89990234375,3030.89990234375,3035.89990234375,175.0,66.72000122070312,67.62999725341797,66.20999908447266,67.16000366210938,73077.0,4.33,319.785,125.8006,19.9,4.25,1,FED,FOMC rate decision (hold),MEDIUM,"EURUSD,GBPUSD,GOLD,OIL",TEST,TEST
2025-03-20,1.0911908149719238,1.0917507410049438,1.0818296670913696,1.0911908149719238,0.0,1.3010668754577637,1.3015241622924805,1.2937448024749756,1.3010668754577637,0.0,3047.300048828125,3047.300048828125,3034.39990234375,3040.0,185.0,67.29000091552734,68.47000122070312,66.87999725341797,68.26000213623047,283376.0,4.33,319.785,125.985,19.8,4.24,0,,,,,,TEST
2025-03-21,1.0856702327728271,1.086130142211914,1.0805671215057373,1.0856702327728271,0.0,1.2966468334197998,1.297117829322815,1.2891415357589722,1.2967981100082395,0.0,3034.5,3037.5,3000.89990234375,3018.199951171875,151.0,68.3499984741211,68.6500015258789,67.6500015258789,68.27999877929688,198964.0,4.33,319.785,126.2679,19.28,4.25,0,,,,,,TEST
2025-03-24,1.083576202392578,1.0856938362121582,1.079074501991272,1.083576202392578,0.0,1.2925240993499756,1.2972356081008911,1.290988802909851,1.2924572229385376,0.0,3024.300048828125,3024.300048828125,3006.0,3013.10009765625,137.0,68.3499984741211,69.33000183105469,67.94999694824219,69.11000061035156,247024.0,4.33,319.785,126.1956,17.48,4.34,1,SANCTION,US threatens secondary tariffs on buyers of Venezuelan oil,MEDIUM,"EURUSD,GBPUSD,GOLD,OIL",TEST,TEST
2025-03-25,1.0803569555282593,1.0830715894699097,1.0778650045394895,1.0803569555282593,0.0,1.292290210723877,1.2960922718048096,1.2904558181762695,1.2924238443374634,0.0,3026.39990234375,3028.800048828125,3023.699951171875,3023.699951171875,74.0,69.16000366210938,69.68000030517578,68.5199966430664,69.0,258411.0,4.33,319.785,126.0535,17.15,4.31,0,,,,,,TEST
2025-03-26,1.0787487030029297,1.080228567123413,1.076878309249878,1.0787487030029297,0.0,1.2945318222045898,1.294732928276062,1.2876144647598269,1.2943308353424072,0.0,3033.199951171875,3033.199951171875,3019.5,3020.89990234375,83.0,69.16000366210938,70.22000122070312,69.05999755859375,69.6500015258789,262413.0,4.33,319.785,126.2364,18.33,4.35,1,TARIFF,25% tariff on imported automobiles announced,HIGH,"EURUSD,GBPUSD,GOLD,OIL",TEST,TEST
2025-03-27,1.0742061138153076,1.0818763971328735,1.0742061138153076,1.0742061138153076,0.0,1.2877304553985596,1.2992243766784668,1.2877304553985596,1.2877637147903442,0.0,3025.5,3065.0,3025.5,3060.199951171875,124359.0,69.95999908447266,69.97000122070312,69.12000274658203,69.91999816894531,211825.0,4.33,319.785,126.3626,18.69,4.38,0,,,,,,TEST
2025-03-28,1.080100178718567,1.0845280885696411,1.07658851146698,1.080100178718567,0.0,1.2951186895370483,1.2968822717666626,1.2923569679260254,1.295202612876892,0.0,3069.699951171875,3094.89990234375,3066.800048828125,3086.5,31206.0,69.91000366210938,70.08999633789062,68.87000274658203,69.36000061035156,246650.0,4.33,319.785,126.4187,21.65,4.27,0,,,,,,TEST
2025-03-31,1.082391619682312,1.084845781326294,1.0785740613937378,1.082391619682312,0.0,1.2939958572387695,1.2972524166107178,1.2890751361846924,1.2938284873962402,0.0,3091.0,3132.5,3086.0,3122.800048828125,3438.0,69.43000030517578,71.83000183105469,68.80999755859375,71.4800033569336,313087.0,4.33,319.785,126.7075,22.28,4.23,0,,,,,,TEST
2025-04-01,1.0818880796432495,1.0830715894699097,1.0779578685760498,1.0818880796432495,0.0,1.2919896841049194,1.2940963506698608,1.2880107164382937,1.292089819908142,0.0,3129.699951171875,3149.5,3104.0,3118.89990234375,1721.0,71.38999938964844,72.0999984741211,71.02999877929688,71.19999694824219,272832.0,4.33,320.302,126.4338,21.77,4.17,0,,,,,,TEST
2025-04-02,1.0795987844467163,1.087263822555542,1.0782020092010498,1.0795987844467163,0.0,1.292240023612976,1.2979763746261597,1.2903059720993042,1.292306900024414,0.0,3120.699951171875,3168.60009765625,3117.39990234375,3139.89990234375,5946.0,71.19999694824219,72.27999877929688,70.58999633789062,71.70999908447266,286501.0,4.33,320.302,126.3811,21.51,4.2,1,TARIFF,Liberation Day: reciprocal tariffs; national emergency (EO 14257),SEVERE,"EURUSD,GBPUSD,GOLD,OIL",TEST,TEST
2025-04-03,1.090869426727295,1.1133378744125366,1.088245868682861,1.090869426727295,0.0,1.3044782876968384,1.3204457759857178,1.3028467893600464,1.3046314716339111,0.0,3150.0,3166.89990234375,3052.0,3097.0,5516.0,70.37999725341797,70.41000366210938,65.9800033569336,66.94999694824219,459238.0,4.33,320.302,124.7316,30.02,4.06,0,,,,,,TEST
2025-04-04,1.1043744087219238,1.1107531785964966,1.0964791774749756,1.1043744087219238,0.0,1.3090033531188965,1.3112174272537231,1.291555881500244,1.308866262435913,0.0,3110.5,3127.699951171875,3011.0,3012.0,3247.0,66.63999938964844,66.9000015258789,60.45000076293945,61.9900016784668,559638.0,4.33,320.302,125.8129,45.31,4.01,0,,,,,,TEST
2025-04-07,1.098454475402832,1.1049845218658447,1.0903223752975464,1.098454475402832,0.0,1.2912389039993286,1.293359875679016,1.2722808122634888,1.2910722494125366,0.0,3016.39990234375,3050.800048828125,2949.699951171875,2951.300048828125,4424.0,61.119998931884766,63.900001525878906,58.95000076293945,60.70000076293945,597617.0,4.33,320.302,126.8282,46.98,4.15,1,TARIFF,Baseline 10% tariff on all imports takes effect,HIGH,"EURUSD,GBPUSD,GOLD,OIL",TEST,TEST
2025-04-08,1.0915361642837524,1.0991909503936768,1.0891940593719482,1.0915361642837524,0.0,1.2738852500915527,1.2795906066894531,1.2726532220840454,1.2734960317611694,0.0,2994.0,3014.5,2968.39990234375,2968.39990234375,3213.0,61.02999877929688,61.75,57.880001068115234,59.58000183105469,557655.0,4.33,320.302,126.8668,52.33,4.26,0,,,,,,TEST
2025-04-09,1.0980443954467771,1.10948383808136,1.0972250699996948,1.0980443954467771,0.0,1.278756022453308,1.2860578298568726,1.2753963470458984,1.2790995836257937,0.0,2965.800048828125,3090.39990234375,2965.800048828125,3056.5,2175.0,58.31999969482422,62.93000030517578,55.119998931884766,62.34999847412109,592250.0,4.33,320.302,126.628,33.62,4.34,1,TARIFF,Higher reciprocal tariffs take effect then paused 90 days; China raised,SEVERE,"EURUSD,GBPUSD,GOLD,OIL",TEST,TEST
2025-04-10,1.0952062606811523,1.122536063194275,1.0953142642974854,1.0952062606811523,0.0,1.2826762199401855,1.2978248596191406,1.2824294567108154,1.2825446128845217,0.0,3073.89990234375,3167.0,3072.10009765625,3155.199951171875,3456.0,62.709999084472656,63.34000015258789,58.7599983215332,60.06999969482422,391826.0,4.33,320.302,125.089,40.72,4.4,0,,,,,,TEST
2025-04-11,1.1257838010787964,1.1471836566925049,1.1250872611999512,1.1257838010787964,0.0,1.2994269132614136,1.3142850399017334,1.298751950263977,1.2992074489593506,0.0,3182.10009765625,3235.0,3182.10009765625,3222.199951171875,862.0,60.20000076293945,61.869998931884766,59.43000030517578,61.5,306231.0,4.33,320.302,124.0163,37.56,4.48,1,TARIFF,"US-China tariff escalation (US to 145%, China to 125%)",SEVERE,"EURUSD,GBPUSD,GOLD,OIL",TEST,TEST
2025-04-14,1.1343141794204712,1.1424784660339355,1.1299690008163452,1.1343141794204712,0.0,1.309088945388794,1.320166826248169,1.3085750341415403,1.3085237741470337,0.0,3215.5,3228.800048828125,3194.5,3204.800048828125,263.0,61.70000076293945,62.68000030517578,60.59000015258789,61.52999877929688,238068.0,4.33,320.302,123.6598,30.89,4.38,0,,,,,,TEST
2025-04-15,1.1339668035507202,1.1377859115600586,1.1285662651062012,1.1339668035507202,0.0,1.3173494338989258,1.3251878023147583,1.3166210651397705,1.3174536228179932,0.0,3216.0,3218.699951171875,3214.0,3218.699951171875,390.0,61.58000183105469,62.060001373291016,60.880001068115234,61.33000183105469,197404.0,4.33,320.302,123.776,30.12,4.35,0,,,,,,TEST
2025-04-16,1.1292672157287598,1.1390169858932495,1.129420280456543,1.1292672157287598,0.0,1.3231889009475708,1.329256892204285,1.3228038549423218,1.323101282119751,0.0,3238.300048828125,3334.89990234375,3238.300048828125,3326.60009765625,1874.0,61.540000915527344,62.97999954223633,60.43999862670898,62.470001220703125,213194.0,4.33,320.302,123.2724,32.64,4.29,0,,,,,,TEST
2025-04-17,1.1396790742874146,1.1396400928497314,1.13413405418396,1.1396790742874146,0.0,1.323328971862793,1.327351450920105,1.3205852508544922,1.3233989477157593,0.0,3345.0,3345.0,3287.800048828125,3308.699951171875,824.0,62.630001068115234,64.86000061035156,62.61000061035156,64.68000030517578,111479.0,4.33,320.302,123.1298,29.65,4.34,0,,,,,,TEST
2025-04-21,,,,,,,,,,,3342.199951171875,3418.5,3342.199951171875,3406.199951171875,78.0,64.30000305175781,64.41999816894531,62.45000076293945,63.08000183105469,82671.0,4.33,320.302,122.3145,33.82,4.42,0,,,,,,TEST
2025-04-22,1.1512778997421265,1.1546543836593628,1.145396709442139,1.1512778997421265,0.0,1.3381506204605105,1.34217369556427,1.3358268737792969,1.3379716873168943,0.0,3422.199951171875,3485.60009765625,3361.699951171875,3400.800048828125,785.0,63.43000030517578,65.08999633789062,63.43000030517578,64.30999755859375,297928.0,4.33,320.302,122.4175,30.57,4.41,0,,,,,,TEST
2025-04-23,1.1351252794265747,1.144007682800293,1.13379967212677,1.1351252794265747,0.0,1.327316164970398,1.3339202404022217,1.3253458738327026,1.327316164970398,0.0,3321.199951171875,3370.300048828125,3256.199951171875,3276.300048828125,331.0,64.0,64.87000274658203,61.52999877929688,62.27000045776367,397841.0,4.33,320.302,123.0252,28.45,4.4,0,,,,,,TEST
2025-04-24,1.132733702659607,1.1394323110580444,1.132233500480652,1.132733702659607,0.0,1.3265414237976074,1.3330844640731812,1.3261016607284546,1.326453447341919,0.0,3305.39990234375,3353.89990234375,3304.89990234375,3332.0,560.0,62.34000015258789,63.310001373291016,61.9900016784668,62.790000915527344,264908.0,4.33,320.302,122.9251,26.47,4.32,0,,,,,,TEST
2025-04-25,1.1371906995773315,1.1384334564208984,1.1316184997558594,1.1371906995773315,0.0,1.332746982574463,1.3330134153366089,1.327492356300354,1.3326226472854614,0.0,3355.5,3355.5,3266.10009765625,3282.39990234375,162.0,62.86000061035156,63.40999984741211,61.79999923706055,63.02000045776367,283758.0,4.33,320.302,122.8858,24.84,4.29,0,,,,,,TEST
2025-04-28,1.1343141794204712,1.140823245048523,1.133105993270874,1.1343141794204712,0.0,1.3290096521377563,1.3419395685195925,1.3281270265579224,1.3290096521377563,0.0,3284.5,3332.5,3284.5,3332.5,1300.0,63.4900016784668,63.91999816894531,61.47999954223633,62.04999923706055,276116.0,4.33,320.302,122.7176,25.15,4.23,0,,,,,,TEST
2025-04-29,1.1409143209457395,1.1419566869735718,1.1371389627456665,1.1409143209457395,0.0,1.343508243560791,1.3442305326461792,1.3381506204605105,1.3436164855957031,0.0,3340.0,3340.0,3299.89990234375,3318.800048828125,1278.0,61.869998931884766,62.06999969482422,60.119998931884766,60.41999816894531,312373.0,4.33,320.302,122.5944,24.17,4.19,0,,,,,,TEST
2025-04-30,1.1389262676239014,1.1398869752883911,1.1327080726623535,1.1389262676239014,0.0,1.3412736654281616,1.3414356708526611,1.331061601638794,1.3410794734954834,0.0,3318.699951171875,3318.699951171875,3268.0,3305.0,207.0,60.15999984741211,60.43000030517578,57.90999984741211,58.209999084472656,419549.0,4.33,320.302,122.5921,24.7,4.17,0,,,,,,TEST
2025-05-01,1.1324899196624756,1.1340954303741455,1.126697063446045,1.1324899196624756,0.0,1.3321610689163208,1.3345255851745603,1.3265942335128784,1.3323917388916016,0.0,3272.89990234375,3275.0,3198.60009765625,3210.0,2131.0,58.15999984741211,59.5,56.38999938964844,59.2400016784668,364216.0,4.33,320.62,123.1405,24.6,4.25,0,,,,,,TEST
2025-05-02,1.1296498775482178,1.1378635168075562,1.1275228261947632,1.1296498775482178,0.0,1.3286564350128174,1.333066701889038,1.3267878293991089,1.328638792037964,0.0,3239.89990234375,3257.0,3225.0,3231.89990234375,1349.0,58.9900016784668,59.869998931884766,57.7400016784668,58.290000915527344,322096.0,4.33,320.62,122.4962,22.68,4.33,0,,,,,,TEST
2025-05-05,1.1323232650756836,1.1364539861679075,1.1312856674194336,1.1323232650756836,0.0,1.327087163925171,1.3336178064346311,1.3262423276901243,1.3271929025650024,0.0,3242.699951171875,3315.699951171875,3239.699951171875,3311.300048828125,244.0,56.7599983215332,57.70000076293945,55.29999923706055,57.130001068115234,308387.0,4.33,320.62,122.2613,23.64,4.36,0,,,,,,TEST
2025-05-06,1.1313369274139404,1.1361182928085327,1.1281206607818604,1.1313369274139404,0.0,1.32902729511261,1.3400514125823977,1.3262248039245603,1.329256892204285,0.0,3365.5,3430.89990234375,3356.800048828125,3411.39990234375,2357.0,57.25,59.84000015258789,57.02999877929688,59.09000015258789,343893.0,4.33,320.62,122.0417,24.76,4.3,0,,,,,,TEST
2025-05-07,1.1342755556106567,1.1377729177474976,1.1327080726623535,1.1342755556106567,0.0,1.335309624671936,1.3377031087875366,1.3324273824691772,1.335594892501831,0.0,3418.699951171875,3418.699951171875,3364.699951171875,3381.39990234375,1080.0,58.97999954223633,60.2599983215332,57.810001373291016,58.06999969482422,295238.0,4.33,320.62,122.117,23.55,4.26,1,FED,FOMC rate decision (hold),MEDIUM,"EURUSD,GBPUSD,GOLD,OIL",TEST,TEST
2025-05-08,1.1306205987930298,1.1336711645126345,1.123608112335205,1.1306205987930298,0.0,1.3291332721710205,1.3357020616531372,1.3251526355743408,1.3294159173965454,0.0,3390.0,3390.0,3288.699951171875,3296.60009765625,200.0,57.93000030517578,60.290000915527344,57.7400016784668,59.90999984741211,281000.0,4.33,320.62,122.7568,22.48,4.37,0,,,,,,TEST
2025-05-09,1.122422695159912,1.129114270210266,1.1199839115142822,1.122422695159912,0.0,1.324082374572754,1.331788420677185,1.3213530778884888,1.323539137840271,0.0,3299.0,3335.5,3299.0,3335.39990234375,216.0,60.25,61.45000076293945,59.88999938964844,61.02000045776367,239640.0,4.33,320.62,122.5191,21.9,4.37,0,,,,,,TEST
2025-05-12,1.12296462059021,1.1242902278900146,1.1075055599212646,1.12296462059021,0.0,1.328479886054993,1.3299640417099,1.314198613166809,1.3289036750793457,0.0,3300.699951171875,3300.699951171875,3205.0,3220.0,886.0,61.38999938964844,63.61000061035156,61.02000045776367,61.95000076293945,325865.0,4.33,320.62,123.4863,18.39,4.45,1,TRADE_DEAL,US-China agree temporary tariff reduction (Geneva),HIGH,"EURUSD,GBPUSD,GOLD,OIL",TEST,TEST
2025-05-13,1.1095577478408811,1.1177430152893066,1.109668493270874,1.1095577478408811,0.0,1.317835569381714,1.3281270265579224,1.317540407180786,1.3177834749221802,0.0,3232.0,3251.39990234375,3223.5,3240.300048828125,2424.0,62.0,63.900001525878906,61.650001525878906,63.66999816894531,258795.0,4.33,320.62,122.9583,18.22,4.49,0,,,,,,TEST
2025-05-14,1.1185556650161743,1.1264559030532837,1.1182429790496826,1.1185556650161743,0.0,1.3304595947265625,1.3360588550567627,1.3287447690963743,1.3304418325424194,0.0,3233.0,3233.0,3171.699951171875,3181.39990234375,3518.0,63.619998931884766,63.68000030517578,62.75,63.150001525878906,225626.0,4.33,320.62,122.6746,18.62,4.53,0,,,,,,TEST
2025-05-15,1.1181930303573608,1.1227755546569824,1.117480754852295,1.1181930303573608,0.0,1.326435923576355,1.3318772315979004,1.326066493988037,1.3263479471206665,0.0,3151.0,3228.10009765625,3125.0,3220.699951171875,652.0,62.880001068115234,62.90999984741211,60.470001220703125,61.619998931884766,258404.0,4.33,320.62,122.8174,17.83,4.45,0,,,,,,TEST
2025-05-16,1.1192693710327148,1.1219944953918457,1.1141440868377686,1.1192693710327148,0.0,1.3303179740905762,1.333191156387329,1.325468897819519,1.3306896686553955,0.0,3227.699951171875,3228.10009765625,3173.89990234375,3182.0,199.0,61.70000076293945,62.709999084472656,61.25,62.4900016784668,121556.0,4.33,320.62,123.0737,17.24,4.43,0,,,,,,TEST
2025-05-19,1.1187559366226196,1.128604531288147,1.1173559427261353,1.1187559366226196,0.0,1.3305658102035522,1.3403388261795044,1.329186201095581,1.3305498361587524,0.0,3234.39990234375,3241.0,3228.300048828125,3228.89990234375,266.0,62.75,63.400001525878906,61.56999969482422,62.68999862670898,95570.0,4.33,320.62,122.4186,18.14,4.46,0,,,,,,TEST
2025-05-20,1.123342990875244,1.1277261972427368,1.12186861038208,1.123342990875244,0.0,1.3359695672988892,1.339620590209961,1.3335466384887695,1.3360053300857544,0.0,3219.0,3293.199951171875,3207.5,3280.300048828125,356.0,62.68000030517578,63.16999816894531,62.18999862670898,62.560001373291016,250414.0,4.33,320.62,122.3199,18.09,4.48,0,,,,,,TEST
2025-05-21,1.128795504570007,1.1362345218658447,1.1287446022033691,1.128795504570007,0.0,1.3398540019989014,1.3468012809753418,1.3389748334884644,1.3397821187973022,0.0,3293.39990234375,3317.5,3290.199951171875,3309.300048828125,979.0,62.27000045776367,64.19000244140625,61.27999877929688,61.56999969482422,302702.0,4.33,320.62,121.7496,20.87,4.58,0,,,,,,TEST
2025-05-22,1.133118748664856,1.134455680847168,1.1267098188400269,1.133118748664856,0.0,1.3422459363937378,1.3441040515899658,1.3392080068588257,1.3419036865234375,0.0,3327.300048828125,3328.0,3282.699951171875,3292.300048828125,1210.0,61.33000183105469,61.75,60.25,61.20000076293945,258549.0,4.33,320.62,122.0429,20.28,4.54,0,,,,,,TEST
2025-05-23,1.1281843185424805,1.1376564502716064,1.1279934644699097,1.1281843185424805,0.0,1.3421378135681152,1.3533447980880735,1.3419395685195925,1.3419216871261597,0.0,3328.0,3363.60009765625,3323.5,3363.60009765625,47.0,60.810001373291016,61.880001068115234,60.02000045776367,61.52999877929688,273392.0,4.33,320.62,121.3837,22.29,4.51,0,,,,,,TEST
2025-05-26,1.1372811794281006,1.1418914794921875,1.136932134628296,1.1372811794281006,0.0,1.3537845611572266,1.3592866659164429,1.3537662029266355,1.3535828590393066,0.0,,,,,,,,,,,4.33,320.62,121.3837,20.57,4.51,0,,,,,,TEST
2025-05-27,1.1388484239578247,1.1409013271331787,1.1325156688690186,1.1388484239578247,0.0,1.3566679954528809,1.3587141036987305,1.3501471281051636,1.3565207719802856,0.0,3332.5,3341.0,3296.300048828125,3299.10009765625,189.0,61.70000076293945,62.13999938964844,60.2599983215332,60.88999938964844,291317.0,4.33,320.62,121.6099,18.96,4.43,0,,,,,,TEST
2025-05-28,1.1337097883224487,1.1345586776733398,1.128426194190979,1.1337097883224487,0.0,1.351515769958496,1.3522467613220217,1.3451164960861206,1.3513330221176147,0.0,3293.60009765625,3293.60009765625,3293.60009765625,3293.60009765625,127758.0,61.040000915527344,62.540000915527344,60.84999847412109,61.84000015258789,260374.0,4.33,320.62,121.9888,19.31,4.47,1,COURT_RULING,US Court of International Trade rules IEEPA tariffs unlawful,HIGH,"EURUSD,GBPUSD,GOLD,OIL",TEST,TEST
2025-05-29,1.123368263244629,1.1369450092315674,1.12271249294281,1.123368263244629,0.0,1.3426964282989502,1.3507490158081057,1.3421016931533811,1.3431472778320312,0.0,3283.699951171875,3328.800048828125,3242.39990234375,3317.10009765625,24370.0,61.83000183105469,63.06999969482422,60.54999923706055,60.93999862670898,299859.0,4.33,320.62,121.5617,19.18,4.43,0,,,,,,TEST
2025-05-30,1.1378376483917236,1.1390429735183716,1.1314393281936646,1.1378376483917236,0.0,1.3499648571014404,1.3511505126953125,1.3450984954833984,1.3498992919921875,0.0,3315.10009765625,3318.0,3270.89990234375,3288.89990234375,2213.0,60.93999862670898,61.720001220703125,59.7400016784668,60.790000915527344,384927.0,4.33,320.62,121.7674,18.57,4.41,0,,,,,,TEST
2025-06-02,1.1353315114974976,1.1449114084243774,1.135589361190796,1.1353315114974976,0.0,1.3469464778900146,1.355968952178955,1.3469464778900146,1.346728801727295,0.0,3296.89990234375,3380.800048828125,3296.89990234375,3370.60009765625,976.0,61.11000061035156,63.880001068115234,61.060001373291016,62.52000045776367,403580.0,4.33,321.435,121.1881,18.36,4.46,0,,,,,,TEST
2025-06-03,1.1453442573547363,1.145514726638794,1.1367640495300293,1.1453442573547363,0.0,1.355730056762695,1.355821967124939,1.3494731187820437,1.3556748628616333,0.0,3385.10009765625,3390.0,3331.300048828125,3350.199951171875,6410.0,63.02000045776367,63.88999938964844,62.400001525878906,63.40999984741211,291260.0,4.33,321.435,121.4592,17.69,4.46,0,,,,,,TEST
2025-06-04,1.1384464502334597,1.143458366394043,1.1359375715255735,1.1384464502334597,0.0,1.3531616926193235,1.358105182647705,1.3502565622329712,1.353143334388733,0.0,3355.0,3380.0,3344.0,3373.5,207.0,63.36000061035156,63.959999084472656,62.16999816894531,62.84999847412109,321128.0,4.33,321.435,121.0539,17.61,4.37,1,TARIFF,US doubles Section 232 steel and aluminum tariffs to 50%,HIGH,"EURUSD,GBPUSD,GOLD,OIL",TEST,TEST
2025-06-05,1.1422044038772583,1.1494252681732178,1.1406149864196775,1.1422044038772583,0.0,1.3551788330078125,1.3617299795150757,1.354132890701294,1.355215549468994,0.0,3371.5,3400.0,3343.699951171875,3350.699951171875,731.0,62.7599983215332,63.97999954223633,62.5,63.369998931884766,232423.0,4.33,321.435,120.9596,18.48,4.4,0,,,,,,TEST
2025-06-06,1.1453834772109983,1.1458691358566284,1.137229561805725,1.1453834772109983,0.0,1.357994556427002,1.358540654182434,1.3508037328720093,1.3579576015472412,0.0,3364.300048828125,3364.300048828125,3306.0,3322.699951171875,81.0,63.33000183105469,64.80000305175781,62.81999969482422,64.58000183105469,310133.0,4.33,321.435,121.161,16.77,4.51,0,,,,,,TEST
2025-06-09,1.1407841444015503,1.1440337896347046,1.138757586479187,1.1407841444015503,0.0,1.3537296056747437,1.3581604957580566,1.3524478673934937,1.3538211584091189,0.0,3315.60009765625,3334.60009765625,3290.0,3332.10009765625,1887.0,64.80000305175781,65.43000030517578,64.19999694824219,65.29000091552734,235900.0,4.33,321.435,120.9103,17.16,4.49,0,,,,,,TEST
2025-06-10,1.1428048610687256,1.1448328495025637,1.1374623775482178,1.1428048610687256,0.0,1.355380892753601,1.3564839363098145,1.3458950519561768,1.3556748628616333,0.0,3302.0,3344.300048828125,3302.0,3320.89990234375,65.0,65.45999908447266,66.27999877929688,64.56999969482422,64.9800033569336,279021.0,4.33,321.435,121.0485,16.95,4.47,0,,,,,,TEST
2025-06-11,1.143746018409729,1.149095058441162,1.1406019926071167,1.143746018409729,0.0,1.350858449935913,1.355730056762695,1.3464748859405518,1.3508219718933103,0.0,3328.0,3356.0,3321.300048828125,3321.300048828125,2106.0,64.76000213623047,68.37000274658203,64.5999984741211,68.1500015258789,378473.0,4.33,321.435,120.587,17.26,4.41,0,,,,,,TEST
2025-06-12,1.1509333848953247,1.1628718376159668,1.1502846479415894,1.1509333848953247,0.0,1.3568705320358276,1.3623607158660889,1.3526124954223633,1.3567416667938232,0.0,3363.0,3395.89990234375,3353.39990234375,3380.89990234375,1818.0,69.02999877929688,69.29000091552734,66.72000122070312,68.04000091552734,379394.0,4.33,321.435,120.1723,18.02,4.36,0,,,,,,TEST
2025-06-13,1.1600254774093628,1.1612108945846558,1.1492931842803955,1.1600254774093628,0.0,1.36306631565094,1.3632521629333496,1.3517167568206787,1.3627691268920898,0.0,3407.300048828125,3444.0,3407.300048828125,3431.199951171875,499.0,68.9000015258789,77.62000274658203,68.48999786376953,72.9800033569336,715652.0,4.33,321.435,120.3245,20.82,4.41,0,,,,,,TEST
2025-06-16,1.1556684970855713,1.1614806652069092,1.1524852514266968,1.1556684970855713,0.0,1.3547013998031616,1.362323522567749,1.3536012172698977,1.3557006120681765,0.0,3442.0,3442.0,3385.39990234375,3396.39990234375,480.0,76.54000091552734,77.48999786376953,69.37999725341797,71.7699966430664,367312.0,4.33,321.435,120.1565,19.11,4.46,0,,,,,,TEST
2025-06-17,1.1551345586776731,1.1574074029922483,1.1512514352798462,1.1551345586776731,0.0,1.3568521738052368,1.3580129146575928,1.3497644662857056,1.3565576076507568,0.0,3398.300048828125,3398.300048828125,3376.10009765625,3386.60009765625,1477.0,71.11000061035156,75.54000091552734,71.0,74.83999633789062,154264.0,4.33,321.435,120.5048,21.6,4.39,0,,,,,,TEST
2025-06-18,1.1482638120651243,1.1530035734176636,1.1482374668121338,1.1482638120651243,0.0,1.343075156211853,1.3477089405059814,1.3427865505218506,1.3430029153823853,0.0,3385.300048828125,3391.89990234375,3365.10009765625,3389.800048828125,0.0,75.61000061035156,76.06999969482422,72.94000244140625,75.13999938964844,0.0,4.33,321.435,120.7305,20.14,4.38,1,FED,FOMC rate decision (hold),MEDIUM,"EURUSD,GBPUSD,GOLD,OIL",TEST,TEST
2025-06-19,1.1477497816085815,1.1486859321594238,1.1448458433151243,1.1477497816085815,0.0,1.3415075540542605,1.3450080156326294,1.3383835554122925,1.3416515588760376,0.0,,,,,,,,,,,4.33,321.435,120.7305,22.17,4.38,0,,,,,,TEST
2025-06-20,1.1512778997421265,1.1534557342529297,1.1496102809906006,1.1512778997421265,0.0,1.3478723764419556,1.3511322736740112,1.3456052541732788,1.3476725816726685,0.0,3350.0,3372.89990234375,3341.0,3368.10009765625,709.0,74.5999984741211,77.58000183105469,74.30000305175781,74.93000030517578,678377.0,4.33,321.435,121.0408,20.62,4.38,0,,,,,,TEST
2025-06-23,1.1500862836837769,1.1551746129989624,1.1455540657043457,1.1500862836837769,0.0,1.3436886072158811,1.350530028343201,1.3373453617095947,1.3435983657836914,0.0,3365.89990234375,3387.89990234375,3350.0,3377.699951171875,30.0,78.0,78.4000015258789,66.5999984741211,68.51000213623047,728868.0,4.33,321.435,121.1694,19.83,4.34,0,,,,,,TEST
2025-06-24,1.1599044799804688,1.1635890007019043,1.1582921743392944,1.1599044799804688,0.0,1.3546464443206787,1.3646661043167114,1.353747844696045,1.3545364141464231,0.0,3358.0,3358.0,3301.0,3317.39990234375,538.0,67.73999786376953,67.83000183105469,64.0,64.37000274658203,541475.0,4.33,321.435,120.3645,17.48,4.3,0,,,,,,TEST
2025-06-25,1.161224365234375,1.1631423234939575,1.1590977907180786,1.161224365234375,0.0,1.361488938331604,1.3634381294250488,1.359249711036682,1.361488938331604,0.0,3321.60009765625,3331.199951171875,3310.60009765625,3327.10009765625,373.0,65.12000274658203,66.02999877929688,64.51000213623047,64.91999816894531,278504.0,4.33,321.435,120.3336,16.76,4.29,0,,,,,,TEST
2025-06-26,1.1683744192123413,1.1743428707122805,1.1668611764907837,1.1683744192123413,0.0,1.369131565093994,1.3764814138412476,1.3678767681121826,1.369187831878662,0.0,3332.39990234375,3333.5,3332.39990234375,3333.5,2058.0,64.9800033569336,66.41999816894531,64.66000366210938,65.23999786376953,233771.0,4.33,321.435,119.6451,16.59,4.26,0,,,,,,TEST
2025-06-27,1.1692214012145996,1.1750881671905518,1.1684290170669556,1.1692214012145996,0.0,1.3726835250854492,1.3751753568649292,1.3705388307571411,1.37247633934021,0.0,3318.699951171875,3318.699951171875,3253.800048828125,3273.699951171875,284.0,65.30000305175781,66.08999633789062,64.80000305175781,65.5199966430664,236284.0,4.33,321.435,119.659,16.32,4.29,0,,,,,,TEST
2025-06-30,1.1727453470230105,1.177163004875183,1.170905351638794,1.1727453470230105,0.0,1.372062087059021,1.3741360902786257,1.3676148653030396,1.3719680309295654,0.0,3265.89990234375,3306.89990234375,3262.0,3294.39990234375,1242.0,65.1500015258789,65.81999969482422,64.5,65.11000061035156,193289.0,4.33,321.435,119.4088,16.73,4.24,0,,,,,,TEST
2025-07-01,1.178717017173767,1.1830259561538696,1.1767750978469849,1.178717017173767,0.0,1.373437762260437,1.378872990608215,1.3705388307571411,1.3730605840682983,0.0,3310.10009765625,3354.10009765625,3310.10009765625,3336.699951171875,371.0,64.95999908447266,65.9800033569336,64.66999816894531,65.44999694824219,193162.0,4.33,322.169,119.3436,16.83,4.26,0,,,,,,TEST
2025-07-02,1.180553913116455,1.1810001134872437,1.1749224662780762,1.180553913116455,0.0,1.374721646308899,1.3753266334533691,1.356760025024414,1.374721646308899,0.0,3329.0,3357.5,3329.0,3348.0,39.0,65.55999755859375,67.58000183105469,65.2300033569336,67.44999694824219,265200.0,4.33,322.169,119.3037,16.64,4.3,0,,,,,,TEST
2025-07-03,1.18002450466156,1.1813349723815918,1.1720856428146362,1.18002450466156,0.0,1.3651504516601562,1.3675214052200315,1.359194278717041,1.3650014400482178,0.0,3362.0,3362.0,3322.300048828125,3331.60009765625,0.0,67.5,67.58000183105469,66.52999877929688,67.0,0.0,4.33,322.169,119.2382,16.38,4.35,0,,,,,,TEST
2025-07-04,1.1771491765975952,1.1786893606185913,1.1756683588027954,1.1771491765975952,0.0,1.3666430711746216,1.3681762218475342,1.3635309934616089,1.366829752922058,0.0,3342.0,3342.0,3332.5,3332.5,0.0,67.12999725341797,67.18000030517578,66.04000091552734,66.5,0.0,4.33,322.169,119.2382,17.48,4.35,0,,,,,,TEST
2025-07-07,1.178078293800354,1.179008960723877,1.1719070672988892,1.178078293800354,0.0,1.365075945854187,1.3657844066619873,1.3575890064239502,1.3651504516601562,0.0,3305.5,3333.300048828125,3299.199951171875,3332.199951171875,254.0,65.69999694824219,68.31999969482422,65.4000015258789,67.93000030517578,332949.0,4.33,322.169,119.6201,17.79,4.4,0,,,,,,TEST
2025-07-08,1.1736538410186768,1.17648446559906,1.168470025062561,1.1736538410186768,0.0,1.3625463247299194,1.3646661043167114,1.3528138399124146,1.3623607158660889,0.0,3330.39990234375,3334.5,3287.60009765625,3307.0,909.0,67.95999908447266,68.91000366210938,67.33000183105469,68.33000183105469,219882.0,4.33,322.169,119.8371,16.81,4.42,0,,,,,,TEST
2025-07-09,1.1724566221237185,1.1728830337524414,1.1690847873687744,1.1724566221237185,0.0,1.358529567718506,1.3618227243423462,1.3566128015518188,1.358529567718506,0.0,3289.39990234375,3314.0,3282.0,3311.60009765625,114.0,68.18000030517578,68.94000244140625,67.69999694824219,68.37999725341797,223945.0,4.33,322.169,119.7311,15.94,4.34,0,,,,,,TEST
2025-07-10,1.17311692237854,1.1750881671905518,1.166575312614441,1.17311692237854,0.0,1.3597116470336914,1.3620266914367676,1.3534363508224487,1.3593051433563232,0.0,3323.60009765625,3330.5,3311.60009765625,3317.39990234375,209.0,68.29000091552734,68.6500015258789,66.44999694824219,66.56999969482422,258654.0,4.33,322.169,119.8343,15.78,4.35,0,,,,,,TEST
2025-07-11,1.1702749729156494,1.1713716983795166,1.1665889024734497,1.1702749729156494,0.0,1.3580313920974731,1.3581236600875854,1.348381280899048,1.3579576015472412,0.0,3330.5,3370.0,3330.5,3356.0,776.0,66.8499984741211,68.7699966430664,66.5,68.44999694824219,226297.0,4.33,322.169,119.9214,16.4,4.43,0,,,,,,TEST
2025-07-14,1.1682106256484983,1.169864296913147,1.1656641960144043,1.1682106256484983,0.0,1.3497098684310913,1.3504753112792969,1.343273639678955,1.3493820428848269,0.0,3367.0,3375.5,3350.0,3351.5,583.0,68.68000030517578,69.6500015258789,66.80000305175781,66.9800033569336,263877.0,4.33,322.169,120.2209,17.2,4.43,0,,,,,,TEST
2025-07-15,1.1666297912597656,1.1692078113555908,1.1602139472961426,1.1666297912597656,0.0,1.3427324295043943,1.3466562032699585,1.3382043838500977,1.3428045511245728,0.0,3341.0,3341.0,3329.800048828125,3329.800048828125,210.0,66.86000061035156,67.12999725341797,66.22000122070312,66.5199966430664,252724.0,4.33,322.169,120.5105,17.38,4.5,0,,,,,,TEST
2025-07-16,1.160739183425903,1.1716736555099487,1.1564035415649414,1.160739183425903,0.0,1.3394231796264648,1.3477270603179932,1.3367375135421753,1.3393335342407229,0.0,3341.199951171875,3352.89990234375,3329.5,3352.5,10.0,66.7300033569336,67.01000213623047,65.41999816894531,66.37999725341797,248346.0,4.33,322.169,120.4175,17.16,4.46,0,,,,,,TEST
2025-07-17,1.1635754108428955,1.1635754108428955,1.1569386720657349,1.1635754108428955,0.0,1.341075778007507,1.3418675661087036,1.337595820426941,1.3411099910736084,0.0,3313.800048828125,3340.800048828125,3313.800048828125,3340.10009765625,667.0,66.5999984741211,67.69000244140625,66.29000091552734,67.54000091552734,188802.0,4.33,322.169,120.6384,16.52,4.47,0,,,,,,TEST
2025-07-18,1.161548137664795,1.1669564247131348,1.1612648963928225,1.161548137664795,0.0,1.3431472778320312,1.347490906715393,1.3411656618118286,1.3432555198669434,0.0,3338.199951171875,3353.0,3338.199951171875,3353.0,602.0,67.5999984741211,68.95999908447266,67.19999694824219,67.33999633789062,107628.0,4.33,322.169,120.356,16.41,4.44,0,,,,,,TEST
2025-07-21,1.163074612617493,1.1716736555099487,1.1614941358566284,1.163074612617493,0.0,1.3416335582733154,1.3510043621063232,1.3403208255767822,1.341597557067871,0.0,3350.300048828125,3411.699951171875,3350.300048828125,3401.89990234375,53.0,67.31999969482422,67.76000213623047,66.45999908447266,67.19999694824219,81194.0,4.33,322.169,119.9961,16.65,4.38,0,,,,,,TEST
2025-07-22,1.1694538593292236,1.174936294555664,1.1680059432983398,1.1694538593292236,0.0,1.348945140838623,1.3520090579986572,1.3463118076324463,1.348945140838623,0.0,3411.0,3441.0,3395.60009765625,3439.199951171875,39.0,67.12000274658203,67.12999725341797,65.98999786376953,66.20999908447266,269991.0,4.33,322.169,119.681,16.5,4.35,0,,,,,,TEST
2025-07-23,1.1739156246185305,1.1752538681030271,1.1712344884872437,1.1739156246185305,0.0,1.3521736860275269,1.3575890064239502,1.3517167568206787,1.352155327796936,0.0,3430.300048828125,3433.89990234375,3388.10009765625,3394.10009765625,63.0,65.48999786376953,65.77999877929688,64.70999908447266,65.25,251825.0,4.33,322.169,119.5697,15.37,4.4,0,,,,,,TEST
2025-07-24,1.1774264574050903,1.17875874042511,1.1733232736587524,1.1774264574050903,0.0,1.3579576015472412,1.3588987588882446,1.3523746728897097,1.3579576015472412,0.0,3367.0,3371.0,3367.0,3371.0,1175.0,65.41999816894531,66.38999938964844,65.33000183105469,66.02999877929688,281209.0,4.33,322.169,119.5664,15.39,4.43,0,,,,,,TEST
2025-07-25,1.1756131649017334,1.1760693788528442,1.170740842819214,1.1756131649017334,0.0,1.3509862422943115,1.3512235879898071,1.341813564300537,1.3510043621063232,0.0,3344.0,3345.0,3326.5,3334.0,67.0,66.1500015258789,66.73999786376953,65.0,65.16000366210938,234283.0,4.33,322.169,119.9857,14.93,4.4,0,,,,,,TEST
2025-07-28,1.1756821870803833,1.1770660877227783,1.1609952449798584,1.1756821870803833,0.0,1.3439956903457642,1.3453338146209717,1.3392258882522583,1.344085931777954,0.0,3326.60009765625,3326.800048828125,3309.10009765625,3309.10009765625,533.0,65.1500015258789,67.13999938964844,65.05000305175781,66.70999908447266,262038.0,4.33,322.169,120.6149,15.03,4.42,0,,,,,,TEST
2025-07-29,1.1596757173538208,1.160092830657959,1.1519941091537476,1.1596757173538208,0.0,1.3358447551727295,1.3362016677856443,1.330866813659668,1.336023211479187,0.0,3323.39990234375,3323.39990234375,3323.39990234375,3323.39990234375,113144.0,67.04000091552734,69.76000213623047,66.52999877929688,69.20999908447266,329112.0,4.33,322.169,120.9674,15.98,4.34,0,,,,,,TEST
2025-07-30,1.1550945043563845,1.157273530960083,1.1459347009658811,1.1550945043563845,0.0,1.3356127738952637,1.3385447263717651,1.3272985219955444,1.3353630304336548,0.0,3325.800048828125,3331.800048828125,3263.89990234375,3295.800048828125,19252.0,69.33999633789062,70.51000213623047,68.44999694824219,70.0,345336.0,4.33,322.169,121.4042,15.48,4.38,1,FED,FOMC rate decision,MEDIUM,"EURUSD,GBPUSD,GOLD,OIL",TEST,TEST
2025-07-31,1.1429355144500732,1.1460267305374146,1.1406540870666504,1.1429355144500732,0.0,1.325556755065918,1.32821524143219,1.3188261985778809,1.3257676362991333,0.0,3272.89990234375,3312.0,3272.89990234375,3293.199951171875,3704.0,70.30000305175781,70.41000366210938,68.55999755859375,69.26000213623047,247031.0,4.33,322.169,121.721,16.72,4.37,0,,,,,,TEST
2025-08-01,1.142374038696289,1.1582921743392944,1.1394582986831665,1.142374038696289,0.0,1.3207422494888306,1.3305480480194092,1.314405918121338,1.32098650932312,0.0,3286.199951171875,3360.60009765625,3281.0,3347.699951171875,3420.0,69.3499984741211,69.58000183105469,67.05000305175781,67.33000183105469,355819.0,4.33,323.291,121.2122,20.38,4.23,1,TARIFF,New reciprocal tariff rates take effect,HIGH,"EURUSD,GBPUSD,GOLD,OIL",TEST,TEST
2025-08-04,1.158668041229248,1.1588828563690186,1.1550945043563845,1.158668041229248,0.0,1.3292216062545776,1.3330844640731812,1.325468897819519,1.3289920091629028,0.0,3367.60009765625,3386.5,3347.39990234375,3374.39990234375,351.0,66.8499984741211,67.73999786376953,65.45999908447266,66.29000091552734,277375.0,4.33,323.291,120.9859,17.52,4.22,0,,,,,,TEST
2025-08-05,1.1584129333496094,1.158815622329712,1.1530035734176636,1.1584129333496094,0.0,1.3299994468688965,1.3309553861618042,1.3263126611709597,1.3297518491744995,0.0,3378.5,3387.199951171875,3351.199951171875,3381.89990234375,915.0,66.20999908447266,66.38999938964844,65.02999877929688,65.16000366210938,279030.0,4.33,323.291,120.9082,17.85,4.22,0,,,,,,TEST
2025-08-06,1.1579166650772097,1.164646029472351,1.156510591506958,1.1579166650772097,0.0,1.3298580646514893,1.3358982801437378,1.3283387422561646,1.3299463987350464,0.0,3380.699951171875,3383.300048828125,3361.300048828125,3380.0,1492.0,65.1500015258789,66.75,63.63999938964844,64.3499984741211,353827.0,4.33,323.291,120.5082,16.77,4.22,0,,,,,,TEST
2025-08-07,1.1663167476654053,1.1695358753204346,1.161426663398743,1.1663167476654053,0.0,1.3357733488082886,1.3437248468399048,1.3347570896148682,1.3357912302017212,0.0,3384.89990234375,3422.89990234375,3384.89990234375,3400.300048828125,5464.0,64.36000061035156,65.11000061035156,63.70000076293945,63.880001068115234,300518.0,4.33,323.291,120.5043,16.57,4.23,0,,,,,,TEST
2025-08-08,1.1676650047302246,1.167924165725708,1.163074612617493,1.1676650047302246,0.0,1.345188856124878,1.3454785346984863,1.3419936895370483,1.345152735710144,0.0,3438.800048828125,3477.0,3402.5,3439.10009765625,7657.0,63.84999847412109,64.58000183105469,62.77000045776367,63.880001068115234,322939.0,4.33,323.291,120.3329,15.15,4.27,0,,,,,,TEST
2025-08-11,1.1647952795028689,1.1676785945892334,1.1591111421585083,1.1647952795028689,0.0,1.3443931341171265,1.3476543426513672,1.3400335311889648,1.3444474935531616,0.0,3383.89990234375,3383.89990234375,3349.199951171875,3353.10009765625,1488.0,63.47999954223633,64.44000244140625,63.02000045776367,63.959999084472656,234807.0,4.33,323.291,120.6892,16.25,4.27,0,,,,,,TEST
2025-08-12,1.1618449687957764,1.1694538593292236,1.1599314212799072,1.1618449687957764,0.0,1.3434358835220337,1.3523930311203003,1.342227816581726,1.3435261249542236,0.0,3356.199951171875,3356.199951171875,3330.10009765625,3348.89990234375,1611.0,64.0,64.33999633789062,63.060001373291016,63.16999816894531,304441.0,4.33,323.291,120.2736,14.73,4.29,0,,,,,,TEST
2025-08-13,1.1677058935165403,1.1730618476867676,1.1671879291534424,1.1677058935165403,0.0,1.350530028343201,1.3585110902786257,1.3494184017181396,1.3504207134246826,0.0,3358.800048828125,3363.39990234375,3358.699951171875,3358.699951171875,1011.0,63.06999969482422,63.380001068115234,61.93999862670898,62.650001525878906,298939.0,4.33,323.291,120.13,14.49,4.24,0,,,,,,TEST
2025-08-14,1.171289324760437,1.1715638637542725,1.1638462543487549,1.171289324760437,0.0,1.3585665225982666,1.3594529628753662,1.3529237508773804,1.358529567718506,0.0,3346.800048828125,3356.0,3328.89990234375,3335.199951171875,592.0,62.790000915527344,64.0999984741211,62.58000183105469,63.959999084472656,251652.0,4.33,323.291,120.6446,14.83,4.29,0,,,,,,TEST
2025-08-15,1.1651345491409302,1.171522617340088,1.16478168964386,1.1651345491409302,0.0,1.3530151844024658,1.3575520515441897,1.3528321981430054,1.3530701398849487,0.0,3346.800048828125,3346.800048828125,3335.89990234375,3336.0,1185.0,63.90999984741211,64.1500015258789,62.68000030517578,62.79999923706055,197390.0,4.33,323.291,120.3377,15.09,4.33,0,,,,,,TEST
2025-08-18,1.1706587076187134,1.1710972785949707,1.166167140007019,1.1706587076187134,0.0,1.355766773223877,1.3565999269485474,1.3512965440750122,1.3556381464004517,0.0,3333.5,3347.800048828125,3331.699951171875,3331.699951171875,646.0,63.0,63.790000915527344,62.18000030517578,63.41999816894531,95113.0,4.33,323.291,120.5622,14.99,4.34,0,,,,,,TEST
2025-08-19,1.1668338775634766,1.169344425201416,1.1641037464141846,1.1668338775634766,0.0,1.3508037328720093,1.3531067371368408,1.3488178253173828,1.3508219718933103,0.0,3330.199951171875,3343.5,3313.39990234375,3313.39990234375,1655.0,63.27000045776367,63.38999938964844,62.25,62.34999847412109,99484.0,4.33,323.291,120.7224,15.57,4.3,0,,,,,,TEST
2025-08-20,1.164252758026123,1.1672561168670654,1.1623852252960205,1.164252758026123,0.0,1.3485630750656128,1.3508949279785156,1.3448994159698486,1.348679542541504,0.0,3310.60009765625,3343.5,3310.10009765625,3343.39990234375,1213.0,62.59999847412109,63.54999923706055,62.38999938964844,63.209999084472656,280663.0,4.33,323.291,120.7757,15.69,4.29,0,,,,,,TEST
2025-08-21,1.165175199508667,1.1661943197250366,1.1602678298950195,1.165175199508667,0.0,1.346619963645935,1.348308563232422,1.3410218954086304,1.3466380834579468,0.0,3349.39990234375,3349.39990234375,3326.5,3336.89990234375,142.0,62.84999847412109,63.66999816894531,62.52000045776367,63.52000045776367,250166.0,4.33,323.291,121.0843,16.6,4.33,0,,,,,,TEST
2025-08-22,1.16130530834198,1.1730343103408811,1.1583592891693115,1.16130530834198,0.0,1.341687560081482,1.3543713092803955,1.3391542434692385,1.3419395685195925,0.0,3349.39990234375,3377.699951171875,3349.39990234375,3374.39990234375,1240.0,63.5,63.93000030517578,63.310001373291016,63.65999984741211,223169.0,4.33,323.291,120.2774,14.22,4.26,0,,,,,,TEST
2025-08-25,1.1709601879119873,1.1719757318496704,1.1667250394821167,1.1709601879119873,0.0,1.3509807586669922,1.3528138399124146,1.348435878753662,1.35111403465271,0.0,3366.0,3378.0,3366.0,3373.800048828125,1044.0,63.880001068115234,65.0999984741211,63.52999877929688,64.80000305175781,185270.0,4.33,323.291,120.4214,14.79,4.28,0,,,,,,TEST
2025-08-26,1.1618449687957764,1.1664528846740725,1.1602543592453003,1.1618449687957764,0.0,1.3454241752624512,1.3492727279663086,1.343508243560791,1.3453518152236938,0.0,3378.89990234375,3396.5,3371.10009765625,3388.60009765625,905.0,64.75,64.76000213623047,63.130001068115234,63.25,199101.0,4.33,323.291,120.5274,14.62,4.26,0,,,,,,TEST
2025-08-27,1.1639411449432373,1.1642799377441406,1.157474398612976,1.1639411449432373,0.0,1.3477907180786133,1.3478542566299438,1.3418315649032593,1.3478723764419556,0.0,3397.0,3404.60009765625,3382.0,3404.60009765625,3222.0,63.310001373291016,64.2300033569336,62.95000076293945,64.1500015258789,193476.0,4.33,323.291,120.7274,14.85,4.24,0,,,,,,TEST
2025-08-28,1.1647952795028689,1.168770432472229,1.1629530191421509,1.1647952795028689,0.0,1.3504753112792969,1.3528138399124146,1.3485267162322998,1.3503841161727903,0.0,3409.0,3434.60009765625,3400.0,3431.800048828125,1035.0,63.869998931884766,64.69999694824219,63.34999847412109,64.5999984741211,208931.0,4.33,323.291,120.2595,14.43,4.22,0,,,,,,TEST
2025-08-29,1.1681560277938845,1.170740842819214,1.1654332876205444,1.1681560277938845,0.0,1.3509862422943115,1.351387858390808,1.3448452949523926,1.35111403465271,0.0,3432.5,3475.60009765625,3426.60009765625,3473.699951171875,0.0,64.26000213623047,64.55000305175781,63.880001068115234,64.01000213623047,0.0,4.33,323.291,120.2082,15.36,4.23,0,,,,,,TEST
2025-09-01,1.169180393218994,1.1735849380493164,1.1688660383224487,1.169180393218994,0.0,1.3504207134246826,1.354958415031433,1.3503658771514893,1.3503841161727903,0.0,,,,,,,,,,,4.22,324.245,120.2082,16.12,4.23,0,,,,,,TEST
2025-09-02,1.1715912818908691,1.1716049909591677,1.1613458395004272,1.1715912818908691,0.0,1.3547013998031616,1.3548849821090698,1.3341693878173828,1.3547931909561155,0.0,3485.699951171875,3559.199951171875,3485.699951171875,3549.39990234375,658.0,63.95000076293945,66.02999877929688,63.65999984741211,65.58999633789062,320218.0,4.22,324.245,120.6837,17.17,4.28,0,,,,,,TEST
2025-09-03,1.163602590560913,1.1682243347167969,1.1609817743301392,1.163602590560913,0.0,1.33836567401886,1.3453338146209717,1.3336355686187744,1.3383476734161377,0.0,3554.800048828125,3593.699951171875,3553.199951171875,3593.199951171875,72.0,65.62000274658203,65.72000122070312,63.720001220703125,63.970001220703125,298737.0,4.22,324.245,120.5052,16.35,4.22,0,,,,,,TEST
2025-09-04,1.16604483127594,1.1667931079864502,1.1632235050201416,1.16604483127594,0.0,1.344212532043457,1.345858812332153,1.341795563697815,1.3441582918167114,0.0,3549.89990234375,3573.60009765625,3549.89990234375,3565.800048828125,237.0,63.81999969482422,63.84000015258789,62.720001220703125,63.47999954223633,251689.0,4.22,324.245,120.7629,15.3,4.17,0,,,,,,TEST
2025-09-05,1.165691375732422,1.1759172677993774,1.1653246879577637,1.165691375732422,0.0,1.3444474935531616,1.3554543256759644,1.344266653060913,1.3444474935531616,0.0,3567.800048828125,3613.199951171875,3567.800048828125,3613.199951171875,925.0,63.33000183105469,63.4900016784668,61.45000076293945,61.869998931884766,294540.0,4.22,324.245,120.1282,15.18,4.1,0,,,,,,TEST
2025-09-08,1.1713168621063232,1.175585389137268,1.1705764532089231,1.1713168621063232,0.0,1.3492181301116943,1.3556381464004517,1.3484903573989868,1.34929096698761,0.0,3594.5,3641.0,3590.0,3638.10009765625,97.0,62.0,63.34000015258789,61.84999847412109,62.2599983215332,237288.0,4.22,324.245,120.0971,15.11,4.05,0,,,,,,TEST
2025-09-09,1.1769136190414429,1.1780366897583008,1.1718658208847046,1.1769136190414429,0.0,1.3552706241607666,1.3591573238372805,1.3525211811065674,1.3553073406219482,0.0,3647.10009765625,3670.39990234375,3627.800048828125,3643.300048828125,535.0,62.43000030517578,63.66999816894531,62.369998931884766,62.630001068115234,268529.0,4.22,324.245,120.1569,15.04,4.08,0,,,,,,TEST
2025-09-10,1.1702749729156494,1.1730204820632937,1.1688660383224487,1.1702749729156494,0.0,1.3520822525024414,1.3561527729034424,1.3516253232955933,1.352109670639038,0.0,3625.0,3655.39990234375,3620.800048828125,3643.60009765625,136.0,62.7400016784668,64.08000183105469,62.720001220703125,63.66999816894531,260684.0,4.22,324.245,120.1223,15.35,4.04,0,,,,,,TEST
2025-09-11,1.1703435182571411,1.1745636463165283,1.1668883562088013,1.1703435182571411,0.0,1.3532531261444092,1.3577916622161863,1.3495277166366575,1.3534730672836304,0.0,3632.89990234375,3636.89990234375,3618.39990234375,3636.89990234375,307.0,63.79999923706055,63.79999923706055,62.209999084472656,62.369998931884766,222661.0,4.22,324.245,119.9534,14.71,4.01,0,,,,,,TEST
2025-09-12,1.1734747886657717,1.174812078475952,1.170261263847351,1.1734747886657717,0.0,1.3574045896530151,1.3576072454452517,1.3525211811065674,1.3576626777648926,0.0,3655.5,3656.800048828125,3643.0,3649.39990234375,1300.0,62.27000045776367,63.97999954223633,61.68999862670898,62.68999862670898,313265.0,4.22,324.245,120.0611,14.76,4.06,0,,,,,,TEST
2025-09-15,1.1726491451263428,1.177440166473389,1.1717147827148438,1.1726491451263428,0.0,1.3555278778076172,1.3619710206985474,1.3549401760101318,1.35534405708313,0.0,3640.0,3686.39990234375,3635.10009765625,3682.199951171875,210.0,62.970001220703125,63.66999816894531,62.52000045776367,63.29999923706055,205560.0,4.22,324.245,119.5644,15.69,4.05,0,,,,,,TEST
2025-09-16,1.1763737201690674,1.1852554082870483,1.17583429813385,1.1763737201690674,0.0,1.3601741790771484,1.3670727014541626,1.3598780632019043,1.3602666854858398,0.0,3681.39990234375,3698.60009765625,3681.39990234375,3688.89990234375,373.0,63.310001373291016,64.76000213623047,62.88999938964844,64.5199966430664,234250.0,4.22,324.245,119.1348,16.36,4.04,0,,,,,,TEST
2025-09-17,1.1871408224105835,1.187295913696289,1.18343186378479,1.1871408224105835,0.0,1.3654673099517822,1.366923213005066,1.36314058303833,1.365392804145813,0.0,3669.0,3685.199951171875,3661.60009765625,3681.800048828125,183.0,64.58999633789062,64.66999816894531,63.68999862670898,64.05000305175781,165427.0,4.22,324.245,119.1582,15.72,4.06,1,FED,Fed cuts rates (first cut of 2025),HIGH,"EURUSD,GBPUSD,GOLD,OIL",TEST,TEST
2025-09-18,1.1826341152191162,1.184834122657776,1.1751296520233154,1.1826341152191162,0.0,1.3628991842269895,1.3657469749450684,1.353637933731079,1.36297345161438,0.0,3654.60009765625,3667.39990234375,3637.0,3643.699951171875,80.0,63.9900016784668,64.55000305175781,63.33000183105469,63.56999969482422,82321.0,4.22,324.245,119.6616,15.7,4.11,0,,,,,,TEST
2025-09-19,1.1791062355041504,1.1793843507766724,1.1730343103408811,1.1791062355041504,0.0,1.3555645942687988,1.3559303283691406,1.3465837240219116,1.3556013107299805,0.0,3659.0,3685.89990234375,3658.199951171875,3671.5,211.0,63.59000015258789,63.650001525878906,62.59999847412109,62.68000030517578,87165.0,4.22,324.245,119.7858,15.45,4.14,0,,,,,,TEST
2025-09-22,1.173695087432861,1.1786893606185913,1.172717809677124,1.173695087432861,0.0,1.346293568611145,1.3513513803482056,1.3453699350357056,1.3464748859405518,0.0,3688.199951171875,3748.199951171875,3688.0,3740.699951171875,410.0,62.7400016784668,63.18000030517578,61.97999954223633,62.63999938964844,223779.0,4.22,324.245,119.8152,16.1,4.15,0,,,,,,TEST
2025-09-23,1.1801080703735352,1.1820051670074463,1.178175449371338,1.1801080703735352,0.0,1.351387858390808,1.3536012172698977,1.3490725755691528,1.3514974117279053,0.0,3747.0,3786.0,3740.0,3780.60009765625,627.0,62.33000183105469,63.88999938964844,61.84999847412109,63.40999984741211,265948.0,4.22,324.245,119.6202,16.64,4.12,0,,,,,,TEST
2025-09-24,1.181446552276611,1.1816558837890625,1.1731306314468384,1.181446552276611,0.0,1.3526124954223633,1.3526124954223633,1.3428767919540403,1.3524478673934937,0.0,3769.800048828125,3772.5,3732.10009765625,3732.10009765625,588.0,63.63999938964844,65.05000305175781,63.25,64.98999786376953,282721.0,4.22,324.245,120.1707,16.18,4.16,0,,,,,,TEST
2025-09-25,1.1744670867919922,1.1754333972930908,1.1667931079864502,1.1744670867919922,0.0,1.3450080156326294,1.346619963645935,1.3342405557632446,1.3452396392822266,0.0,3742.800048828125,3756.0,3724.699951171875,3736.89990234375,1899.0,64.80000305175781,65.33999633789062,64.05999755859375,64.9800033569336,258353.0,4.22,324.245,120.5419,16.74,4.18,0,,,,,,TEST
2025-09-26,1.166275978088379,1.1702202558517456,1.16593599319458,1.166275978088379,0.0,1.3335111141204834,1.341381549835205,1.3331378698349,1.333653450012207,0.0,3775.300048828125,3775.300048828125,3775.300048828125,3775.300048828125,19308.0,65.19999694824219,66.41999816894531,64.66000366210938,65.72000122070312,284990.0,4.22,324.245,120.4349,15.29,4.2,0,,,,,,TEST
2025-09-29,1.170823097229004,1.1754887104034424,1.1705353260040283,1.170823097229004,0.0,1.3407701253890991,1.3456052541732788,1.3407701253890991,1.3408241271972656,0.0,3754.800048828125,3827.60009765625,3754.800048828125,3820.89990234375,8860.0,65.06999969482422,65.4000015258789,62.97999954223633,63.45000076293945,294292.0,4.22,324.245,120.115,16.12,4.15,0,,,,,,TEST
2025-09-30,1.1731443405151367,1.1759449243545532,1.1713168621063232,1.1731443405151367,0.0,1.3435298204421997,1.3465837240219116,1.341579556465149,1.3437248468399048,0.0,3827.5,3865.5,3793.39990234375,3840.800048828125,1611.0,63.13999938964844,63.2599983215332,62.02999877929688,62.369998931884766,271649.0,4.22,324.245,120.1368,16.28,4.16,0,,,,,,TEST
2025-10-01,1.1735849380493164,1.1778839826583862,1.171687364578247,1.1735849380493164,0.0,1.3441762924194336,1.352594256401062,1.343562364578247,1.3443390130996704,0.0,3863.5,3891.89990234375,3853.300048828125,3867.5,1778.0,62.459999084472656,62.88999938964844,61.400001525878906,61.77999877929688,274339.0,4.09,324.245,120.1502,16.29,4.12,0,,,,,,TEST
2025-10-02,1.1734058856964111,1.1759172677993774,1.1685655117034912,1.1734058856964111,0.0,1.347781538963318,1.3509862422943115,1.3401951789855957,1.3480178117752075,0.0,3856.199951171875,3888.60009765625,3823.699951171875,3839.699951171875,3418.0,61.77999877929688,62.540000915527344,60.400001525878906,60.47999954223633,290507.0,4.09,324.245,120.4296,16.63,4.1,0,,,,,,TEST
2025-10-03,1.1725116968154907,1.1756683588027954,1.1716187000274658,1.1725116968154907,0.0,1.3445920944213867,1.348435878753662,1.342984914779663,1.3446643352508545,0.0,3855.199951171875,3886.800048828125,3853.699951171875,3880.800048828125,392.0,60.70000076293945,61.380001068115234,60.54999923706055,60.880001068115234,240044.0,4.09,324.245,120.0881,16.65,4.13,0,,,,,,TEST
2025-10-06,1.171248197555542,1.1731581687927246,1.1654061079025269,1.171248197555542,0.0,1.3433457612991333,1.348435878753662,1.341795563697815,1.3433817625045776,0.0,3931.300048828125,3960.0,3926.800048828125,3948.5,1267.0,61.13999938964844,62.119998931884766,61.040000915527344,61.68999862670898,224682.0,4.09,324.245,120.2722,16.37,4.18,0,,,,,,TEST
2025-10-07,1.171028733253479,1.1710972785949707,1.1655147075653076,1.171028733253479,0.0,1.348435878753662,1.3484539985656738,1.339441180229187,1.3484903573989868,0.0,3959.39990234375,3981.5,3940.0,3976.60009765625,2903.0,61.72999954223633,62.11000061035156,60.720001220703125,61.72999954223633,245121.0,4.09,324.245,120.4884,17.24,4.14,0,,,,,,TEST
2025-10-08,1.1654603481292725,1.1652973890304563,1.1603620052337646,1.1654603481292725,0.0,1.3421016931533811,1.3438512086868286,1.3385089635849,1.3421016931533811,0.0,3987.199951171875,4049.199951171875,3987.199951171875,4043.300048828125,2179.0,62.04999923706055,62.91999816894531,62.04999923706055,62.54999923706055,273318.0,4.09,324.245,120.7766,16.3,4.13,0,,,,,,TEST
2025-10-09,1.1631964445114136,1.164958119392395,1.1549211740493774,1.1631964445114136,0.0,1.340015530586243,1.3419756889343262,1.3292216062545776,1.3401411771774292,0.0,4011.199951171875,4046.199951171875,3940.0,3946.300048828125,3130.0,62.310001373291016,62.869998931884766,61.25,61.5099983215332,259171.0,4.09,324.245,121.0902,16.43,4.14,0,,,,,,TEST
2025-10-10,1.156644344329834,1.162993550300598,1.1560827493667605,1.156644344329834,0.0,1.3303710222244265,1.3359339237213137,1.326664686203003,1.3304948806762695,0.0,3957.0,4012.0,3945.5,3975.89990234375,1697.0,61.4900016784668,61.66999816894531,58.220001220703125,58.900001525878906,339103.0,4.09,324.245,121.1163,21.66,4.05,0,,,,,,TEST
2025-10-13,1.160240888595581,1.16296648979187,1.1559356451034546,1.160240888595581,0.0,1.3338135480880735,1.3366124629974363,1.331611156463623,1.3336178064346311,0.0,4016.0,4111.0,4016.0,4108.60009765625,1697.0,59.0,60.16999816894531,59.0,59.4900016784668,339103.0,4.09,324.245,121.1163,19.03,4.05,0,,,,,,TEST
2025-10-14,1.1566845178604126,1.160725712776184,1.154521107673645,1.1566845178604126,0.0,1.3333511352539062,1.3352917432785034,1.325065016746521,1.3332622051239014,0.0,4131.7001953125,4160.10009765625,4085.800048828125,4138.7001953125,2424.0,59.58000183105469,59.81999969482422,57.68000030517578,58.70000076293945,259200.0,4.09,324.245,121.1822,20.81,4.03,0,,,,,,TEST
2025-10-15,1.1602274179458618,1.164822340011597,1.1602543592453003,1.1602274179458618,0.0,1.3321077823638916,1.340356707572937,1.3321077823638916,1.3321610689163208,0.0,4145.0,4210.60009765625,4145.0,4176.89990234375,3287.0,58.59999847412109,59.41999816894531,58.20000076293945,58.27000045776367,224919.0,4.09,324.245,120.8642,20.64,4.05,0,,,,,,TEST
2025-10-16,1.1646324396133425,1.1678286790847778,1.164334058761597,1.1646324396133425,0.0,1.3402310609817505,1.3454241752624512,1.3400694131851196,1.3404465913772583,0.0,4198.7998046875,4307.0,4196.60009765625,4280.2001953125,4705.0,58.77000045776367,59.11000061035156,57.2599983215332,57.459999084472656,203866.0,4.09,324.245,120.6698,25.31,3.99,0,,,,,,TEST
2025-10-17,1.1699601411819458,1.1728416681289673,1.165813684463501,1.1699601411819458,0.0,1.3444474935531616,1.3473457098007202,1.3392438888549805,1.3445558547973633,0.0,4354.7001953125,4358.0,4182.2001953125,4189.89990234375,4060.0,57.5,57.720001220703125,56.59999847412109,57.540000915527344,108748.0,4.09,324.245,120.7028,20.78,4.02,0,,,,,,TEST
2025-10-20,1.165745735168457,1.1676785945892334,1.16453754901886,1.165745735168457,0.0,1.3426783084869385,1.3444474935531616,1.339943766593933,1.342588186264038,0.0,4244.10009765625,4356.60009765625,4214.60009765625,4336.39990234375,1750.0,57.72999954223633,57.810001373291016,56.34999847412109,57.52000045776367,108146.0,4.09,324.245,120.6209,18.23,4.0,0,,,,,,TEST
2025-10-21,1.164442539215088,1.1656370162963867,1.1598505973815918,1.164442539215088,0.0,1.3403927087783811,1.3417415618896484,1.3361302614212036,1.3405184745788574,0.0,4332.7001953125,4332.7001953125,4087.699951171875,4087.699951171875,2943.0,57.369998931884766,58.27999877929688,56.9900016784668,57.81999969482422,314207.0,4.09,324.245,120.8895,17.87,3.98,0,,,,,,TEST
2025-10-22,1.160038948059082,1.1616560220718384,1.1577692031860352,1.160038948059082,0.0,1.3366659879684448,1.33872389793396,1.330672025680542,1.336523175239563,0.0,4109.7001953125,4148.5,4006.0,4044.39990234375,1237.0,57.59000015258789,59.83000183105469,57.34000015258789,58.5,378637.0,4.09,324.245,120.8958,18.6,3.97,0,,,,,,TEST
2025-10-23,1.1608469486236572,1.1621150970458984,1.1586410999298096,1.1608469486236572,0.0,1.335024356842041,1.3357733488082886,1.3311856985092163,1.3351848125457764,0.0,4078.39990234375,4136.7998046875,4070.699951171875,4125.5,354.0,59.93999862670898,62.20000076293945,59.63999938964844,61.790000915527344,735186.0,4.09,324.245,120.9531,17.3,4.01,0,,,,,,TEST
2025-10-24,1.1618045568466189,1.164768099784851,1.1601735353469849,1.1618045568466189,0.0,1.3327292203903198,1.3358982801437378,1.3293275833129885,1.332746982574463,0.0,4117.5,4120.60009765625,4074.89990234375,4118.39990234375,123.0,61.790000915527344,62.59000015258789,61.209999084472656,61.5,373744.0,4.09,324.245,120.9345,16.37,4.02,0,,,,,,TEST
2025-10-27,1.1631693840026855,1.164958119392395,1.1618720293045044,1.1631693840026855,0.0,1.332356333732605,1.335220456123352,1.3311147689819336,1.3322391510009766,0.0,4060.0,4078.60009765625,3971.300048828125,4001.89990234375,220.0,61.81999969482422,62.16999816894531,60.66999816894531,61.310001373291016,272191.0,4.09,324.245,120.7988,15.79,4.01,0,,,,,,TEST
2025-10-28,1.165175199508667,1.1668611764907837,1.1627906560897827,1.165175199508667,0.0,1.3339380025863647,1.337005615234375,1.32501220703125,1.3341000080108645,0.0,3929.699951171875,3966.199951171875,3923.60009765625,3966.199951171875,219.0,61.5,61.5,59.7599983215332,60.150001525878906,307568.0,4.09,324.245,120.6361,16.42,3.99,0,,,,,,TEST
2025-10-29,1.1657865047454834,1.1665889024734497,1.1619800329208374,1.1657865047454834,0.0,1.3278449773788452,1.3280742168426514,1.3197661638259888,1.3279330730438232,0.0,3983.699951171875,3983.699951171875,3983.699951171875,3983.699951171875,1344.0,60.18000030517578,61.02000045776367,59.70000076293945,60.47999954223633,276875.0,4.09,324.245,120.5312,16.92,4.08,1,FED,Fed cuts rates,HIGH,"EURUSD,GBPUSD,GOLD,OIL",TEST,TEST
2025-10-30,1.1603351831436155,1.1634671688079834,1.1547610759735107,1.1603351831436155,0.0,1.319400429725647,1.3219294548034668,1.311785101890564,1.3195397853851318,0.0,3960.0,4027.199951171875,3913.699951171875,4001.300048828125,935.0,60.38999938964844,60.790000915527344,59.63999938964844,60.56999969482422,247917.0,4.09,324.245,121.2832,16.91,4.11,0,,,,,,TEST
2025-10-31,1.157246708869934,1.1577826738357544,1.152379035949707,1.157246708869934,0.0,1.3160146474838257,1.3165291547775269,1.3099464178085327,1.3159106969833374,0.0,4034.5,4034.5,3976.60009765625,3982.199951171875,559.0,60.29999923706055,61.380001068115234,59.9900016784668,60.97999954223633,278598.0,4.09,324.245,121.3859,17.44,4.11,0,,,,,,TEST
2025-11-03,1.152804255485535,1.1542012691497805,1.1506155729293823,1.152804255485535,0.0,1.3136461973190308,1.315028190612793,1.3110971450805664,1.3134735822677612,0.0,3976.199951171875,4020.0,3959.0,4000.300048828125,0.0,61.400001525878906,61.5,60.5099983215332,61.04999923706055,0.0,3.88,325.063,121.4512,17.17,4.13,0,,,,,,TEST
2025-11-04,1.1519144773483276,1.1532961130142212,1.1473548412322998,1.1519144773483276,0.0,1.3131803274154663,1.3140604496002195,1.3035770654678345,1.3135254383087158,0.0,3994.199951171875,3995.39990234375,3927.39990234375,3947.699951171875,657.0,61.02999877929688,61.02999877929688,59.93999862670898,60.560001373291016,219300.0,3.88,325.063,121.8271,19.0,4.1,0,,,,,,TEST
2025-11-05,1.1485539674758911,1.149795413017273,1.1470125913619995,1.1485539674758911,0.0,1.30218505859375,1.3051422834396362,1.301168441772461,1.3021697998046875,0.0,3929.89990234375,3983.5,3929.89990234375,3980.300048828125,559.0,60.43000030517578,61.09000015258789,59.52000045776367,59.59999847412109,292518.0,3.88,325.063,121.8482,18.01,4.17,0,,,,,,TEST
2025-11-06,1.1496764421463013,1.154294490814209,1.149385690689087,1.1496764421463013,0.0,1.3052785396575928,1.312404751777649,1.3051507472991943,1.3052598237991333,0.0,4004.0,4007.5,3979.89990234375,3979.89990234375,650.0,59.68000030517578,60.5099983215332,58.83000183105469,59.43000030517578,277768.0,3.88,325.063,121.6948,19.5,4.11,0,,,,,,TEST
2025-11-07,1.1549211740493774,1.1589902639389038,1.153043508529663,1.1549211740493774,0.0,1.3140604496002195,1.3174536228179932,1.3095518350601196,1.3140950202941897,0.0,3980.800048828125,3999.39990234375,3980.800048828125,3999.39990234375,245.0,59.650001525878906,60.459999084472656,59.31999969482422,59.75,259446.0,3.88,325.063,121.388,19.08,4.11,0,,,,,,TEST
2025-11-10,1.1554548740386963,1.1582250595092771,1.1543744802474976,1.1543878316879272,0.0,1.3150626420974731,1.319087266921997,1.3138360977172852,1.3142677545547483,0.0,4060.0,4111.7998046875,4060.0,4111.7998046875,189.0,59.869998931884766,60.47999954223633,59.40999984741211,60.130001068115234,222879.0,3.88,325.063,121.2984,17.6,4.13,0,,,,,,TEST
2025-11-11,1.1557353734970093,1.1606314182281494,1.1548144817352295,1.1557220220565796,0.0,1.317314863204956,1.31835675239563,1.3117679357528689,1.3172974586486816,0.0,4140.10009765625,4140.10009765625,4106.7998046875,4106.7998046875,569.0,60.06999969482422,61.27999877929688,59.65999984741211,61.040000915527344,264427.0,3.88,325.063,121.2984,17.28,4.13,0,,,,,,TEST
2025-11-12,1.1588828563690186,1.1597968339920044,1.1563233137130735,1.1587486267089844,0.0,1.3152875900268557,1.315598964691162,1.3085922002792358,1.3152875900268557,0.0,4115.60009765625,4204.39990234375,4102.89990234375,4204.39990234375,396.0,61.04999923706055,61.060001373291016,58.29999923706055,58.4900016784668,329517.0,3.88,325.063,121.0458,17.51,4.08,0,,,,,,TEST
2025-11-13,1.159245491027832,1.1649309396743774,1.1579837799072266,1.159218668937683,0.0,1.3130252361297607,1.3213530778884888,1.3104099035263062,1.3127838373184204,0.0,4228.7001953125,4228.7001953125,4163.7001953125,4186.89990234375,167.0,58.470001220703125,59.209999084472656,58.119998931884766,58.68999862670898,247349.0,3.88,325.063,120.7725,20.0,4.11,0,,,,,,TEST
2025-11-14,1.163074612617493,1.1653653383255005,1.1608065366744995,1.1631964445114136,0.0,1.3153568506240845,1.3192263841629028,1.3108221292495728,1.3152183294296265,0.0,4197.7001953125,4197.89990234375,4047.0,4087.60009765625,483.0,58.709999084472656,60.650001525878906,58.709999084472656,60.09000015258789,334116.0,3.88,325.063,120.9666,19.83,4.14,0,,,,,,TEST
2025-11-17,1.16146719455719,1.1617100238800049,1.1583056449890137,1.161534547805786,0.0,1.3157376050949097,1.319330811500549,1.3137152194976809,1.3160146474838257,0.0,4070.0,4099.5,4019.39990234375,4068.300048828125,1552.0,59.79999923706055,60.43999862670898,59.31999969482422,59.90999984741211,189638.0,3.88,325.063,121.1146,22.38,4.13,0,,,,,,TEST
2025-11-18,1.159003734588623,1.1606987714767456,1.1573805809020996,1.159057378768921,0.0,1.3153740167617798,1.3175750970840454,1.3136979341506958,1.3156163692474363,0.0,4037.39990234375,4063.39990234375,4035.60009765625,4061.300048828125,1375.0,59.7400016784668,60.93000030517578,59.310001373291016,60.7400016784668,105325.0,3.88,325.063,121.2127,24.69,4.12,0,,,,,,TEST
2025-11-19,1.158104419708252,1.1597565412521362,1.1535356044769287,1.1581177711486816,0.0,1.3147515058517456,1.3156682252883911,1.3069674968719482,1.3147515058517456,0.0,4086.10009765625,4122.7001953125,4072.0,4077.699951171875,486.0,60.619998931884766,60.790000915527344,58.77000045776367,59.43999862670898,79622.0,3.88,325.063,121.4978,23.66,4.13,0,,,,,,TEST
2025-11-20,1.154068112373352,1.1551345586776731,1.1507744789123535,1.154068112373352,0.0,1.3060967922210691,1.3121638298034668,1.3039339780807495,1.3061821460723877,0.0,4045.0,4090.39990234375,4040.199951171875,4056.5,202.0,59.630001068115234,60.33000183105469,58.86000061035156,59.13999938964844,324282.0,3.88,325.063,121.6889,26.42,4.1,0,,,,,,TEST
2025-11-21,1.1535356044769287,1.1552013158798218,1.1492139101028442,1.1534557342529297,0.0,1.3083696365356443,1.310289740562439,1.304036021232605,1.308489441871643,0.0,4031.800048828125,4085.199951171875,4031.800048828125,4076.699951171875,171.0,58.79999923706055,58.79999923706055,57.380001068115234,58.060001373291016,345014.0,3.88,325.063,121.8653,23.43,4.06,0,,,,,,TEST
2025-11-24,1.1507877111434937,1.1551345586776731,1.1502846479415894,1.1507612466812134,0.0,1.3096890449523926,1.3118194341659546,1.3081300258636477,1.3096375465393066,0.0,4060.5,4091.89990234375,4060.5,4091.89990234375,591.0,58.04999923706055,59.060001373291016,57.41999816894531,58.84000015258789,238138.0,3.88,325.063,121.9171,20.52,4.04,0,,,,,,TEST
2025-11-25,1.1520737409591677,1.1583458185195925,1.1512116193771362,1.1520073413848877,0.0,1.3106160163879397,1.3195570707321167,1.3096497058868408,1.3106160163879397,0.0,4139.2001953125,4139.2001953125,4139.2001953125,4139.2001953125,132704.0,58.88999938964844,58.959999084472656,57.09999847412109,57.95000076293945,334442.0,3.88,325.063,121.6335,18.56,4.01,0,,,,,,TEST
2025-11-26,1.156577467918396,1.1602274179458618,1.154961109161377,1.156483769416809,0.0,1.3161011934280396,1.323591709136963,1.312594294548035,1.315870761871338,0.0,4128.60009765625,4171.0,4127.5,4165.2001953125,25088.0,58.04999923706055,58.720001220703125,57.65999984741211,58.650001525878906,228285.0,3.88,325.063,121.2437,17.19,4.0,0,,,,,,TEST
2025-11-27,1.1603620052337646,1.1615750789642334,1.1577155590057373,1.1602139472961426,0.0,1.3245033025741575,1.3269639015197754,1.3210737705230713,1.3244997262954712,0.0,,,,,,,,,,,3.88,325.063,121.2437,17.21,4.0,0,,,,,,TEST
2025-11-28,1.1600254774093628,1.1606718301773071,1.1557353734970093,1.1599851846694946,0.0,1.3241350650787354,1.3250824213027954,1.3201842308044434,1.3241175413131714,0.0,4163.39990234375,4223.89990234375,4140.0,4218.2998046875,3615.0,58.58000183105469,59.63999938964844,58.27000045776367,58.54999923706055,153758.0,3.88,325.063,121.0527,16.35,4.02,0,,,,,,TEST
2025-12-01,1.1602139472961426,1.1651887893676758,1.159003734588623,1.1601465940475464,0.0,1.324082374572754,1.3274747133255005,1.3208295106887815,1.32397723197937,0.0,4218.5,4262.10009765625,4214.89990234375,4239.2998046875,913.0,58.959999084472656,59.970001220703125,58.83000183105469,59.31999969482422,232770.0,3.72,326.031,120.9862,17.24,4.09,0,,,,,,TEST
2025-12-02,1.1607661247253418,1.1623852252960205,1.1592992544174194,1.1607661247253418,0.0,1.32098650932312,1.322226643562317,1.3181829452514648,1.320934176445007,0.0,4230.5,4230.5,4167.0,4186.60009765625,366.0,59.52000045776367,59.66999816894531,58.27999877929688,58.63999938964844,255513.0,3.72,326.031,121.1467,16.59,4.09,0,,,,,,TEST
2025-12-03,1.1628988981246948,1.1675832271575928,1.1628177165985107,1.1627906560897827,0.0,1.3220866918563845,1.3347214460372925,1.3218246698379517,1.3219469785690308,0.0,4215.7001953125,4234.10009765625,4195.7001953125,4199.2998046875,1897.0,58.650001525878906,59.63999938964844,58.369998931884766,58.95000076293945,260974.0,3.72,326.031,120.7336,16.08,4.06,0,,,,,,TEST
2025-12-04,1.166670560836792,1.1682243347167969,1.1653653383255005,1.1666841506958008,0.0,1.3346858024597168,1.3384193181991575,1.3324450254440308,1.3348817825317385,0.0,4211.0,4211.7998046875,4175.0,4211.7998046875,616.0,59.09000015258789,60.02000045776367,58.810001373291016,59.66999816894531,264993.0,3.72,326.031,120.6766,15.78,4.11,0,,,,,,TEST
2025-12-05,1.164456129074097,1.167147159576416,1.162858247756958,1.1642799377441406,0.0,1.3323917388916016,1.3362374305725098,1.3318772315979004,1.332178831100464,0.0,4204.10009765625,4255.7001953125,4194.5,4212.89990234375,533.0,59.70000076293945,60.5,59.41999816894531,60.08000183105469,255075.0,3.72,326.031,120.6863,15.41,4.14,0,,,,,,TEST
2025-12-08,1.1641172170639038,1.1672561168670654,1.1616965532302856,1.164022445678711,0.0,1.3326581716537476,1.3347214460372925,1.3307782411575315,1.3324593305587769,0.0,4205.5,4215.7998046875,4175.5,4187.2001953125,318.0,60.150001525878906,60.29999923706055,58.68000030517578,58.880001068115234,263009.0,3.72,326.031,120.776,16.66,4.17,0,,,,,,TEST
2025-12-09,1.1641442775726318,1.165677785873413,1.1616965532302856,1.1641442775726318,0.0,1.3329778909683228,1.335505723953247,1.32902729511261,1.3326793909072876,0.0,4190.7001953125,4219.7001953125,4177.7001953125,4206.7001953125,660.0,58.869998931884766,59.16999816894531,58.119998931884766,58.25,260206.0,3.72,326.031,120.6832,16.93,4.18,0,,,,,,TEST
2025-12-10,1.1628447771072388,1.165745735168457,1.1622366905212402,1.1628313064575195,0.0,1.3303604125976562,1.3340448141098022,1.3297696113586426,1.3303532600402832,0.0,4209.0,4234.5,4183.60009765625,4196.39990234375,692.0,58.369998931884766,59.04999923706055,57.65999984741211,58.459999084472656,256508.0,3.72,326.031,120.6752,15.77,4.13,1,FED,Fed cuts rates to 3.50-3.75%,HIGH,"EURUSD,GBPUSD,GOLD,OIL",TEST,TEST
2025-12-11,1.170192837715149,1.1759449243545532,1.1683062314987185,1.1701242923736572,0.0,1.3389031887054443,1.3437970876693726,1.335594892501831,1.3388315439224243,0.0,4224.0,4286.89990234375,4214.2998046875,4285.5,528.0,58.90999984741211,58.93999862670898,57.0099983215332,57.59999847412109,286808.0,3.72,326.031,119.98,14.85,4.14,0,,,,,,TEST
2025-12-12,1.1741361618041992,1.1746740341186523,1.172016978263855,1.1739431619644165,0.0,1.3393874168395996,1.3400335311889648,1.3344007730484009,1.339046597480774,0.0,4276.39990234375,4355.0,4260.0,4300.10009765625,1531.0,57.88999938964844,58.18999862670898,57.150001525878906,57.43999862670898,212806.0,3.72,326.031,120.1442,15.74,4.19,0,,,,,,TEST
2025-12-15,1.1737502813339231,1.1769136190414429,1.1727042198181152,1.1737639904022217,0.0,1.336844801902771,1.3401411771774292,1.3354700803756714,1.3367732763290403,0.0,4308.2998046875,4349.2001953125,4292.89990234375,4306.7001953125,854.0,57.5,57.79999923706055,56.400001525878906,56.81999969482422,229310.0,3.72,326.031,119.9561,16.5,4.18,0,,,,,,TEST
2025-12-16,1.1755025386810305,1.18047034740448,1.1746050119400024,1.1754610538482666,0.0,1.3379716873168943,1.345406174659729,1.335666298866272,1.3380612134933472,0.0,4270.5,4321.39990234375,4270.5,4304.5,1796.0,56.68000030517578,56.70000076293945,54.97999954223633,55.27000045776367,230933.0,3.72,326.031,119.8902,16.48,4.15,0,,,,,,TEST
2025-12-17,1.1749638319015503,1.1757928133010864,1.1704530715942385,1.1749500036239624,0.0,1.342624306678772,1.3426424264907837,1.3313628435134888,1.342499852180481,0.0,4308.5,4351.39990234375,4308.5,4347.5,2169.0,55.22999954223633,56.97999954223633,55.20000076293945,55.93999862670898,125608.0,3.72,326.031,120.155,17.62,4.16,0,,,,,,TEST
2025-12-18,1.1742188930511477,1.1758896112442017,1.17134428024292,1.1742326021194458,0.0,1.3374526500701904,1.3445378541946411,1.3342405557632446,1.3374598026275637,0.0,4331.0,4348.10009765625,4328.2001953125,4339.5,705.0,56.900001525878906,57.02999877929688,55.880001068115234,56.150001525878906,85735.0,3.72,326.031,120.0528,16.87,4.12,0,,,,,,TEST
2025-12-19,1.1725391149520874,1.1737502813339231,1.1704120635986328,1.1725666522979736,0.0,1.3384193181991575,1.338741898536682,1.3357733488082886,1.3385393619537354,0.0,4350.10009765625,4361.39990234375,4350.10009765625,4361.39990234375,1065.0,56.02999877929688,56.900001525878906,55.81999969482422,56.65999984741211,209264.0,3.72,326.031,120.1652,14.91,4.16,0,,,,,,TEST
2025-12-22,1.1710835695266724,1.177024483680725,1.1710835695266724,1.1708093881607056,0.0,1.3380074501037598,1.346728801727295,1.3380074501037598,1.3377031087875366,0.0,4371.10009765625,4447.60009765625,4371.10009765625,4444.60009765625,449.0,56.630001068115234,58.130001068115234,56.59999847412109,58.0099983215332,221576.0,3.72,326.031,119.9912,14.08,4.17,0,,,,,,TEST
2025-12-23,1.1764428615570068,1.18035888671875,1.176429033279419,1.1765950918197632,0.0,1.34689199924469,1.3520638942718506,1.34689199924469,1.346989989280701,0.0,4503.2998046875,4503.7998046875,4450.39990234375,4482.7998046875,694.0,57.95000076293945,58.560001373291016,57.7400016784668,58.380001068115234,183633.0,3.72,326.031,119.7057,14.0,4.18,0,,,,,,TEST
2025-12-24,1.179565191268921,1.1809163093566897,1.1774264574050903,1.179551362991333,0.0,1.351387858390808,1.3535462617874146,1.3493820428848269,1.3513604402542114,0.0,4500.7001953125,4503.39990234375,4468.39990234375,4480.60009765625,500.0,58.470001220703125,58.75,58.130001068115234,58.34999847412109,111762.0,3.72,326.031,119.4372,13.47,4.15,0,,,,,,TEST
2025-12-26,1.178383708000183,1.179940938949585,1.1763044595718384,1.1785364151000977,0.0,1.350712537765503,1.3526674509048462,1.347781538963318,1.3508949279785156,0.0,4512.0,4556.2998046875,4502.0,4529.10009765625,263.0,58.34999847412109,58.880001068115234,56.650001525878906,56.7400016784668,166669.0,3.72,326.031,119.4723,13.6,4.14,0,,,,,,TEST
2025-12-29,1.1774957180023191,1.1788560152053833,1.1754058599472046,1.177273869514465,0.0,1.350074291229248,1.3513513803482056,1.347127914428711,1.349727988243103,0.0,4371.5,4379.0,4325.10009765625,4325.10009765625,2044.0,57.040000915527344,58.29999923706055,56.90999984741211,58.08000183105469,178590.0,3.72,326.031,119.5899,14.2,4.12,0,,,,,,TEST
2025-12-30,1.1773016452789309,1.178133845329285,1.1746188402175903,1.1772878170013428,0.0,1.3509862422943115,1.3530151844024658,1.3451708555221558,1.3510993719100952,0.0,4346.39990234375,4403.60009765625,4338.0,4370.10009765625,1837.0,57.810001373291016,58.470001220703125,57.59999847412109,57.95000076293945,143802.0,3.72,326.031,119.4939,14.33,4.14,0,,,,,,TEST
2025-12-31,1.1746463775634766,1.1758756637573242,1.1720856428146362,1.1747292280197144,0.0,1.34678316116333,1.3476543426513672,1.3403388261795044,1.346719741821289,0.0,4333.5,4363.7998046875,4285.0,4325.60009765625,785.0,57.95000076293945,58.54999923706055,57.20000076293945,57.41999816894531,157160.0,3.72,326.031,119.7456,14.95,4.18,0,,,,,,TEST
2026-01-02,1.1751158237457275,1.176747441291809,1.17134428024292,1.175046682357788,0.0,1.347490906715393,1.3501653671264648,1.3435261249542236,1.347363829612732,0.0,4350.60009765625,4350.60009765625,4314.39990234375,4314.39990234375,589.0,57.40999984741211,57.93000030517578,56.59999847412109,57.31999969482422,189503.0,3.64,326.588,119.6059,14.51,4.19,0,,,,,,TEST
2026-01-05,1.1706448793411257,1.1718658208847046,1.166003942489624,1.1704667806625366,0.0,1.3439414501190186,1.35255765914917,1.3415435552597046,1.3437970876693726,0.0,4386.7001953125,4443.5,4384.7998046875,4436.89990234375,618.0,57.470001220703125,58.5099983215332,56.310001373291016,58.31999969482422,301483.0,3.64,326.588,119.6192,14.9,4.17,0,,,,,,TEST
2026-01-06,1.1716461181640625,1.1745359897613523,1.1684154272079468,1.1714951992034912,0.0,1.3534547090530396,1.356815218925476,1.34929096698761,1.3533997535705566,0.0,4449.7001953125,4482.2001953125,4449.0,4482.2001953125,459.0,58.34000015258789,58.869998931884766,56.84000015258789,57.130001068115234,292067.0,3.64,326.588,119.7807,14.75,4.18,0,,,,,,TEST
2026-01-07,1.1687841415405271,1.170548915863037,1.167446851730347,1.1688251495361328,0.0,1.3500378131866455,1.3517532348632812,1.3470189571380615,1.3500559329986572,0.0,4450.0,4450.0,4449.2998046875,4449.2998046875,972.0,57.0,57.16999816894531,55.7599983215332,55.9900016784668,383128.0,3.64,326.588,119.8719,15.38,4.15,0,,,,,,TEST
2026-01-08,1.1677467823028564,1.1684973239898682,1.1652837991714478,1.1676785945892334,0.0,1.345949411392212,1.3466380834579468,1.3417595624923706,1.3459312915802002,0.0,4460.2001953125,4461.2998046875,4418.0,4449.7001953125,2423.0,56.41999816894531,58.7400016784668,55.970001220703125,57.7599983215332,334134.0,3.64,326.588,120.0904,15.45,4.19,0,,,,,,TEST
2026-01-09,1.165813684463501,1.16604483127594,1.161926031112671,1.1657865047454834,0.0,1.3435803651809692,1.3447185754776,1.3394052982330322,1.3438005447387695,0.0,4473.0,4490.2998046875,4473.0,4490.2998046875,237.0,58.400001525878906,59.77000045776367,57.61000061035156,59.119998931884766,360309.0,3.64,326.588,120.2215,14.49,4.18,0,,,,,,TEST
2026-01-12,1.162493348121643,1.169864296913147,1.162304162979126,1.1623716354370115,0.0,1.339441180229187,1.34865403175354,1.3392258882522583,1.3394231796264648,0.0,4579.10009765625,4620.0,4577.7998046875,4604.2998046875,156.0,59.0,59.90999984741211,58.45000076293945,59.5,309700.0,3.64,326.588,119.9958,15.12,4.19,0,,,,,,TEST
2026-01-13,1.1667931079864502,1.1675423383712769,1.1635212898254397,1.1666978597640991,0.0,1.346619963645935,1.3488723039627075,1.3426603078842163,1.3465656042099,0.0,4578.60009765625,4617.10009765625,4578.60009765625,4589.2001953125,239.0,59.95000076293945,61.5,59.470001220703125,61.150001525878906,411190.0,3.64,326.588,120.1401,15.98,4.18,0,,,,,,TEST
2026-01-14,1.164334058761597,1.1663167476654053,1.1637108325958252,1.164252758026123,0.0,1.342570185661316,1.3462574481964111,1.342065691947937,1.3426783084869385,0.0,4610.2998046875,4635.0,4608.2001953125,4626.2998046875,1313.0,61.119998931884766,62.36000061035156,59.18999862670898,62.02000045776367,410261.0,3.64,326.588,119.9537,16.75,4.15,0,,,,,,TEST
2026-01-15,1.1645103693008425,1.164686679840088,1.1593934297561646,1.1646324396133425,0.0,1.3440680503845217,1.3446643352508545,1.3365589380264282,1.344266653060913,0.0,4612.89990234375,4616.2998046875,4612.89990234375,4616.2998046875,4358.0,61.060001373291016,61.13999938964844,58.880001068115234,59.18999862670898,113642.0,3.64,326.588,119.9951,15.84,4.17,0,,,,,,TEST
2026-01-16,1.1609547138214111,1.1626555919647217,1.1585471630096436,1.1609008312225342,0.0,1.338186502456665,1.3412916660308838,1.3367375135421753,1.3381328582763672,0.0,4608.0,4608.0,4588.39990234375,4588.39990234375,352.0,59.2599983215332,60.18000030517578,58.93999862670898,59.43999862670898,113794.0,3.64,326.588,120.0838,15.86,4.24,0,,,,,,TEST
2026-01-19,1.1623852252960205,1.164958119392395,1.1609547138214111,1.162493348121643,0.0,1.3403388261795044,1.3433637619018557,1.3382043838500977,1.3404287099838257,0.0,,,,,,,,,,,3.64,326.588,120.0838,18.84,4.24,0,,,,,,TEST
2026-01-20,1.1639952659606934,1.174701690673828,1.1633453369140625,1.1639139652252195,0.0,1.3419216871261597,1.34916353225708,1.3410991430282593,1.3418315649032593,0.0,4662.2001953125,4764.0,4661.7998046875,4759.60009765625,175.0,59.0099983215332,60.68000030517578,58.70000076293945,60.34000015258789,499595.0,3.64,326.588,119.4455,20.09,4.3,0,,,,,,TEST
2026-01-21,1.1726078987121582,1.1742602586746216,1.169700026512146,1.1727865934371948,0.0,1.3439956903457642,1.345858812332153,1.3402490615844729,1.344085931777954,0.0,4863.5,4872.2998046875,4771.5,4831.7998046875,1706.0,59.56999969482422,60.88999938964844,59.220001220703125,60.619998931884766,333062.0,3.64,326.588,119.3431,16.9,4.26,0,,,,,,TEST
2026-01-22,1.167392373085022,1.175074338912964,1.167392373085022,1.1672970056533811,0.0,1.3417415618896484,1.349800944328308,1.3410578966140747,1.3419395685195925,0.0,4791.89990234375,4908.7998046875,4791.89990234375,4908.7998046875,1175.0,60.68000030517578,60.81999969482422,58.959999084472656,59.36000061035156,324349.0,3.64,326.588,119.1962,15.64,4.26,0,,,,,,TEST
2026-01-23,1.1753920316696167,1.1775649785995483,1.1728966236114502,1.1754610538482666,0.0,1.350001335144043,1.3597116470336914,1.3483449220657349,1.3501288890838623,0.0,4949.60009765625,4976.2001953125,4936.0,4976.2001953125,169.0,59.65999984741211,61.36000061035156,59.52000045776367,61.06999969482422,283419.0,3.64,326.588,118.8976,16.09,4.24,0,,,,,,TEST
2026-01-26,1.1858175992965698,1.1904903650283811,1.183712124824524,1.1858457326889038,0.0,1.3662508726119995,1.3712530136108398,1.3643310070037842,1.3662508726119995,0.0,5081.5,5095.60009765625,5052.2001953125,5079.7001953125,180.0,61.220001220703125,61.709999084472656,60.31999969482422,60.630001068115234,281062.0,3.64,326.588,118.0525,16.15,4.22,0,,,,,,TEST
2026-01-27,1.1874228715896606,1.1989833116531372,1.185185194015503,1.1876484155654907,0.0,1.3675214052200315,1.3790820837020874,1.3665122985839844,1.3677457571029663,0.0,5079.89990234375,5079.89990234375,5079.89990234375,5079.89990234375,34.0,60.77999877929688,62.630001068115234,60.13999938964844,62.38999938964844,360208.0,3.64,326.588,117.4523,16.35,4.24,0,,,,,,TEST
2026-01-28,1.2022699117660522,1.2023565769195557,1.1921935081481934,1.2017642259597778,0.0,1.3825522661209106,1.3829345703125,1.3751943111419678,1.3824374675750732,0.0,5301.60009765625,5301.60009765625,5301.60009765625,5301.60009765625,112054.0,62.58000183105469,63.56999969482422,62.06999969482422,63.209999084472656,354864.0,3.64,326.588,117.5117,16.35,4.26,1,FED,FOMC rate decision (hold),MEDIUM,"EURUSD,GBPUSD,GOLD,OIL",TEST,TEST
2026-01-29,1.1976622343063354,1.199457764625549,1.1908447742462158,1.1977769136428833,0.0,1.382341980934143,1.384677171707153,1.3748350143432615,1.382533073425293,0.0,5415.7001953125,5586.2001953125,5097.5,5318.39990234375,23709.0,63.5,66.4800033569336,63.27999877929688,65.41999816894531,560007.0,3.64,326.588,117.4396,16.88,4.24,0,,,,,,TEST
2026-01-30,1.1967878341674805,1.1973466873168943,1.187394618988037,1.19657301902771,0.0,1.3809102773666382,1.3814444541931152,1.371478796005249,1.380643367767334,0.0,5376.39990234375,5440.5,4700.0,4713.89990234375,8374.0,65.5199966430664,66.11000061035156,63.63999938964844,65.20999908447266,449325.0,3.64,326.588,117.8996,17.44,4.26,0,,,,,,TEST
2026-02-02,1.185044765472412,1.187507390975952,1.179078459739685,1.1849182844161987,0.0,1.3681013584136963,1.371441125869751,1.36275053024292,1.3679141998291016,0.0,4807.7001953125,4855.7998046875,4400.0,4622.5,3588.0,64.72000122070312,64.73999786376953,61.38999938964844,62.13999938964844,414083.0,3.64,327.46,118.3609,16.34,4.29,0,,,,,,TEST
2026-02-03,1.1799131631851196,1.1824523210525513,1.178078293800354,1.1798714399337769,0.0,1.3674278259277344,1.3707268238067627,1.3652622699737549,1.367315649986267,0.0,4680.0,4984.60009765625,4674.2998046875,4903.7001953125,1213.0,62.27999877929688,64.20999908447266,61.119998931884766,63.209999084472656,381144.0,3.64,327.46,117.9764,18.0,4.28,0,,,,,,TEST
2026-02-04,1.1816281080245972,1.1838523149490356,1.1792314052581787,1.1816140413284302,0.0,1.3697504997253418,1.3733245134353638,1.3644241094589231,1.3697504997253418,0.0,4923.2998046875,5082.2001953125,4897.89990234375,4920.39990234375,3886.0,63.79999923706055,65.52999877929688,62.86000061035156,65.13999938964844,446588.0,3.64,327.46,118.2602,18.64,4.29,0,,,,,,TEST
2026-02-05,1.1802334785461426,1.1820470094680786,1.178050518035889,1.180163860321045,0.0,1.364628791809082,1.3654673099517822,1.3521188497543335,1.3644611835479736,0.0,5008.7001953125,5012.2998046875,4786.0,4861.39990234375,793.0,64.48999786376953,64.66999816894531,62.650001525878906,63.290000915527344,389763.0,3.64,327.46,118.5034,21.77,4.21,0,,,,,,TEST
2026-02-06,1.177745342254639,1.1826481819152832,1.176747441291809,1.177786946296692,0.0,1.3521188497543335,1.3615630865097046,1.3509862422943115,1.3520822525024414,0.0,4762.0,4958.5,4655.0,4951.2001953125,1386.0,63.09999847412109,64.58000183105469,62.20000076293945,63.54999923706055,448924.0,3.64,327.46,118.2407,17.76,4.22,0,,,,,,TEST
2026-02-09,1.1826202869415283,1.1925204992294312,1.1817816495895386,1.182578206062317,0.0,1.360858917236328,1.3691691160202026,1.358861804008484,1.3608959913253784,0.0,5017.39990234375,5065.7001953125,4979.10009765625,5050.89990234375,170.0,62.9900016784668,64.87999725341797,62.619998931884766,64.36000061035156,298005.0,3.64,327.46,117.6392,17.36,4.22,0,,,,,,TEST
2026-02-10,1.1904761791229248,1.192847728729248,1.1890182495117188,1.1904053688049316,0.0,1.3683072328567505,1.3698630332946775,1.3653740882873535,1.368344783782959,0.0,5013.5,5029.0,5002.7001953125,5003.7998046875,281.0,64.44000244140625,64.70999908447266,63.650001525878906,63.959999084472656,276292.0,3.64,327.46,117.5216,17.79,4.16,0,,,,,,TEST
2026-02-11,1.188792109489441,1.192733883857727,1.1839083433151243,1.1889617443084717,0.0,1.3633265495300293,1.371290683746338,1.361952543258667,1.3634566068649292,0.0,5049.89990234375,5111.2998046875,5041.2998046875,5071.60009765625,2681.0,64.19999694824219,65.83000183105469,64.1500015258789,64.62999725341797,340194.0,3.64,327.46,117.4601,17.65,4.18,0,,,,,,TEST
2026-02-12,1.1875356435775757,1.1890605688095093,1.1853257417678833,1.1876062154769895,0.0,1.3623793125152588,1.367128849029541,1.360544204711914,1.362399697303772,0.0,5060.39990234375,5078.10009765625,4892.0,4923.7001953125,484.0,64.87000274658203,65.0999984741211,62.38999938964844,62.84000015258789,369303.0,3.64,327.46,117.5376,20.82,4.09,0,,,,,,TEST
2026-02-13,1.1869717836380005,1.1879446506500244,1.1848762035369873,1.1868449449539185,0.0,1.361952543258667,1.364628791809082,1.3592127561569214,1.3620266914367676,0.0,4953.0,5043.89990234375,4946.2001953125,5022.0,232.0,62.9900016784668,63.2599983215332,62.13999938964844,62.88999938964844,255793.0,3.64,327.46,117.5258,20.6,4.04,0,,,,,,TEST
2026-02-16,1.186704158782959,1.1870845556259155,1.1847639083862305,1.1867464780807495,0.0,1.3647406101226809,1.3662508726119995,1.3627134561538696,1.3647778034210205,0.0,,,,,,,,,,,3.64,327.46,117.5258,21.2,4.04,0,,,,,,TEST
2026-02-17,1.1850868463516235,1.1852554082870483,1.180553913116455,1.184988498687744,0.0,1.36286199092865,1.3629549741744995,1.349800944328308,1.3627691268920898,0.0,5020.0,5020.0,4847.7998046875,4882.89990234375,540.0,63.29999923706055,64.13999938964844,61.869998931884766,62.33000183105469,328727.0,3.64,327.46,117.7375,20.29,4.05,0,,,,,,TEST
2026-02-18,1.185157060623169,1.1853959560394287,1.1810418367385864,1.185185194015503,0.0,1.3564103841781616,1.3582342863082886,1.3534547090530396,1.3564472198486328,0.0,4872.2001953125,4987.0,4869.5,4986.5,544.0,62.29999923706055,65.55999755859375,62.119998931884766,65.19000244140625,115379.0,3.64,327.46,117.8426,19.62,4.09,0,,,,,,TEST
2026-02-19,1.1791062355041504,1.1807769536972046,1.1743016242980957,1.1788839101791382,0.0,1.349545955657959,1.3517532348632812,1.3435261249542236,1.349582314491272,0.0,5014.7001953125,5014.7001953125,4975.89990234375,4975.89990234375,37.0,65.0999984741211,66.9000015258789,64.87999725341797,66.43000030517578,113408.0,3.64,327.46,118.2354,20.23,4.08,0,,,,,,TEST
2026-02-20,1.1769136190414429,1.1806097030639648,1.1745498180389404,1.1769136190414429,0.0,1.346058011054993,1.3514243364334106,1.3436344861984253,1.3461124897003174,0.0,5039.5,5072.7001953125,5039.5,5059.2998046875,134.0,66.66999816894531,67.05000305175781,65.94000244140625,66.38999938964844,351351.0,3.64,327.46,117.9917,19.09,4.08,1,COURT_RULING,Supreme Court rules President cannot impose tariffs under IEEPA,SEVERE,"EURUSD,GBPUSD,GOLD,OIL",TEST,TEST
2026-02-23,1.1829839944839478,1.183445930480957,1.1775233745574951,1.1834739446640017,0.0,1.352868676185608,1.3535646200180054,1.347781538963318,1.3533265590667725,0.0,5120.2998046875,5211.60009765625,5120.2998046875,5204.7001953125,779.0,65.88999938964844,67.27999877929688,65.37999725341797,66.30999755859375,270365.0,3.64,327.46,117.9395,21.01,4.03,0,,,,,,TEST
2026-02-24,1.1793148517608645,1.179662585258484,1.1767336130142212,1.1793843507766724,0.0,1.3496370315551758,1.353747844696045,1.3471460342407229,1.34969162940979,0.0,5158.7998046875,5159.0,5112.7001953125,5155.7998046875,88.0,66.30999755859375,67.1500015258789,65.55000305175781,65.62999725341797,312124.0,3.64,327.46,117.9463,19.55,4.04,1,TARIFF,Section 122 tariffs take effect at 10%,HIGH,"EURUSD,GBPUSD,GOLD,OIL",TEST,TEST
2026-02-25,1.1775511503219604,1.180790901184082,1.1771352291107178,1.1775233745574951,0.0,1.3496370315551758,1.3551236391067505,1.349199891090393,1.3497462272644043,0.0,5166.0,5206.39990234375,5166.0,5206.39990234375,1772.0,66.06999969482422,66.5999984741211,65.12000274658203,65.41999816894531,306780.0,3.64,327.46,117.769,17.93,4.05,0,,,,,,TEST
2026-02-26,1.181544303894043,1.1830118894577026,1.1782448291778564,1.181516408920288,0.0,1.355821967124939,1.3574045896530151,1.3497098684310913,1.3558034896850586,0.0,5177.2001953125,5199.2001953125,5143.89990234375,5176.5,1520.0,65.6500015258789,66.70999908447266,63.59999847412109,65.20999908447266,498542.0,3.64,327.46,117.9042,18.63,4.02,0,,,,,,TEST
2026-02-27,1.1803449392318726,1.182396411895752,1.1790506839752195,1.1803030967712402,0.0,1.3492363691329956,1.350548267364502,1.3441762924194336,1.3491452932357788,0.0,5186.7001953125,5280.0,5176.7001953125,5230.5,354.0,65.3499984741211,67.83000183105469,64.8499984741211,67.0199966430664,437053.0,3.64,327.46,117.8223,19.86,3.97,0,,,,,,TEST
2026-03-02,1.176014065742493,1.1795791387557983,1.1672834157943726,1.1759449243545532,0.0,1.340752124786377,1.3456594944000244,1.3316820859909058,1.3406623601913452,0.0,5346.60009765625,5405.0,5266.2998046875,5294.39990234375,72.0,75.0,75.33000183105469,69.19999694824219,71.2300033569336,881329.0,3.64,330.293,118.667,21.44,4.05,0,,,,,,TEST
2026-03-03,1.1694538593292236,1.1707134246826172,1.153203010559082,1.169727444648743,0.0,1.3408960103988647,1.3425161838531494,1.325486421585083,1.3410578966140747,0.0,5298.7001953125,5303.7998046875,5023.0,5107.39990234375,1776.0,71.2300033569336,77.9800033569336,70.41000366210938,74.55999755859375,1009753.0,3.64,330.293,119.4341,23.57,4.06,0,,,,,,TEST
2026-03-04,1.161089539527893,1.1654876470565796,1.1576753854751587,1.161224365234375,0.0,1.335309624671936,1.3404645919799805,1.3305480480194092,1.3353630304336548,0.0,5130.7001953125,5180.2001953125,5117.2001953125,5120.2001953125,679.0,74.73999786376953,77.2300033569336,73.27999877929688,74.66000366210938,617822.0,3.64,330.293,119.0705,21.15,4.09,0,,,,,,TEST
2026-03-05,1.1635212898254397,1.164686679840088,1.1561896800994873,1.1635618209838867,0.0,1.3369520902633667,1.3386342525482178,1.3301233053207395,1.3369520902633667,0.0,5169.5,5169.5,5054.7001953125,5065.2998046875,1701.0,76.1500015258789,82.16000366210938,74.97000122070312,81.01000213623047,707030.0,3.64,330.293,119.5683,23.75,4.13,0,,,,,,TEST
2026-03-06,1.1607122421264648,1.16225004196167,1.1547610759735107,1.1608065366744995,0.0,1.3356841802597046,1.3408780097961426,1.3313806056976318,1.3357375860214231,0.0,5121.0,5146.10009765625,5076.10009765625,5146.10009765625,148.0,79.08000183105469,92.61000061035156,78.23999786376953,90.9000015258789,996251.0,3.64,330.293,119.491,29.49,4.15,0,,,,,,TEST
2026-03-09,1.1525650024414062,1.159366488456726,1.150814175605774,1.152325987815857,0.0,1.3307074308395386,1.3398720026016235,1.3284975290298462,1.330105543136597,0.0,5155.0,5160.60009765625,5077.7001953125,5091.5,639.0,98.0,119.4800033569336,81.19000244140625,94.7699966430664,1107193.0,3.64,330.293,119.5151,25.5,4.12,0,,,,,,TEST
2026-03-10,1.1616694927215576,1.1663848161697388,1.1608469486236572,1.161723494529724,0.0,1.342390060424805,1.3481448888778689,1.3415075540542605,1.3424980640411377,0.0,5138.2001953125,5229.7001953125,5137.60009765625,5229.7001953125,4300.0,85.75,91.4800033569336,76.7300033569336,83.44999694824219,801564.0,3.64,330.293,118.7255,24.93,4.15,0,,,,,,TEST
2026-03-11,1.1613187789916992,1.164401888847351,1.1566978693008425,1.1611299514770508,0.0,1.3421918153762815,1.3457320928573608,1.3395847082138062,1.3419036865234375,0.0,5190.7998046875,5191.2998046875,5167.39990234375,5167.39990234375,633.0,86.88999938964844,88.98999786376953,81.79000091552734,87.25,538020.0,3.64,330.293,119.2885,24.23,4.21,0,,,,,,TEST
2026-03-12,1.1541746854782104,1.156738042831421,1.151145339012146,1.1543211936950684,0.0,1.3380612134933472,1.3409498929977417,1.3341693878173828,1.338186502456665,0.0,5137.2001953125,5137.2001953125,5115.7998046875,5115.7998046875,410.0,89.31999969482422,97.19000244140624,88.61000061035156,95.7300033569336,548999.0,3.64,330.293,119.8227,27.29,4.27,0,,,,,,TEST
2026-03-13,1.1522197723388672,1.152923822402954,1.1434844732284546,1.1521666049957275,0.0,1.335238337516785,1.336969971656799,1.323364019393921,1.335250735282898,0.0,5089.60009765625,5117.0,5009.5,5052.5,479.0,96.73999786376952,99.31999969482422,92.04000091552734,98.70999908447266,436700.0,3.64,330.293,120.5518,27.19,4.28,0,,,,,,TEST
2026-03-16,1.1438244581222534,1.1501259803771973,1.1415655612945557,1.1435105800628662,0.0,1.3249244689941406,1.3316465616226196,1.3232413530349731,1.3247665166854858,0.0,5001.60009765625,5010.60009765625,4994.0,4994.0,130.0,100.93000030517578,102.44000244140624,92.93000030517578,93.5,455454.0,3.64,330.293,120.097,23.51,4.23,0,,,,,,TEST
2026-03-17,1.1497821807861328,1.15421462059021,1.146696925163269,1.1499539613723757,0.0,1.3312742710113523,1.3358982801437378,1.3274219036102295,1.3314337730407717,0.0,5017.60009765625,5017.60009765625,4994.2001953125,5001.0,239.0,94.41000366210938,98.41999816894533,93.83000183105467,96.20999908447266,308425.0,3.64,330.293,119.8328,22.37,4.2,0,,,,,,TEST
2026-03-18,1.1539082527160645,1.1556684970855713,1.1492536067962646,1.153948187828064,0.0,1.3357912302017212,1.3376137018203735,1.3306366205215454,1.335951805114746,0.0,4949.60009765625,4949.60009765625,4821.7001953125,4889.89990234375,1461.0,96.0,100.5500030517578,91.95999908447266,96.31999969482422,157222.0,3.64,330.293,119.9276,25.09,4.26,1,FED,FOMC rate decision (hold),MEDIUM,"EURUSD,GBPUSD,GOLD,OIL",TEST,TEST
2026-03-19,1.1462894678115845,1.1536552906036377,1.144505262374878,1.1464471817016602,0.0,1.326435923576355,1.3388315439224243,1.3249069452285769,1.32650625705719,0.0,4830.2998046875,4830.2998046875,4554.0,4600.7001953125,627.0,99.12999725341795,101.4800033569336,92.8000030517578,96.13999938964844,118719.0,3.64,330.293,120.1802,24.06,4.25,0,,,,,,TEST
2026-03-20,1.1575682163238523,1.1581177711486816,1.1526447534561155,1.157755732536316,0.0,1.3424620628356934,1.3436344861984253,1.3302825689315796,1.342570185661316,0.0,4686.89990234375,4686.89990234375,4570.39990234375,4570.39990234375,235.0,95.0,99.66999816894533,93.41999816894533,98.31999969482422,461845.0,3.64,330.293,120.2757,26.78,4.39,0,,,,,,TEST
2026-03-23,1.156376838684082,1.1637920141220093,1.14850115776062,1.1560158729553225,0.0,1.3334755897521973,1.347636342048645,1.325996160507202,1.3331555128097534,0.0,4353.0,4480.39990234375,4100.7998046875,4404.10009765625,544.0,100.51000213623048,101.66999816894533,84.37000274658203,88.12999725341797,666790.0,3.64,330.293,119.9371,26.15,4.34,0,,,,,,TEST
2026-03-24,1.160779595375061,1.1616560220718384,1.1569254398345947,1.1607122421264648,0.0,1.342570185661316,1.3444112539291382,1.3367732763290403,1.342426061630249,0.0,4338.7001953125,4399.2998046875,4325.2001953125,4399.2998046875,378.0,88.77999877929688,93.36000061035156,86.33999633789062,92.3499984741211,420067.0,3.64,330.293,120.1295,26.95,4.39,0,,,,,,TEST
2026-03-25,1.161386251449585,1.1631964445114136,1.1563634872436523,1.16146719455719,0.0,1.341471552848816,1.3436164855957031,1.3361302614212036,1.3416335582733154,0.0,4549.0,4551.89990234375,4541.7998046875,4549.7998046875,388.0,88.48999786376953,91.7300033569336,86.45999908447266,90.31999969482422,405170.0,3.64,330.293,120.1282,25.33,4.33,0,,,,,,TEST
2026-03-26,1.1564704179763794,1.1574074029922483,1.1523923873901367,1.1561496257781982,0.0,1.336362361907959,1.337595820426941,1.332356333732605,1.336362361907959,0.0,4441.5,4443.10009765625,4375.5,4375.5,1070.0,91.37999725341795,95.44000244140624,89.51000213623047,94.4800033569336,350768.0,3.64,330.293,120.389,27.44,4.42,0,,,,,,TEST
2026-03-27,1.1535356044769287,1.1547343730926514,1.1502978801727295,1.1535090208053589,0.0,1.3336195945739746,1.3347997665405271,1.327527642250061,1.333564519882202,0.0,4492.0,4492.0,4492.0,4492.0,74348.0,93.30999755859376,101.23999786376952,92.08000183105467,99.63999938964844,374920.0,3.64,330.293,120.8851,31.05,4.44,0,,,,,,TEST
2026-03-30,1.1491875648498535,1.152339220046997,1.1443873643875122,1.149200677871704,0.0,1.323784351348877,1.3281975984573364,1.3175925016403198,1.3238370418548584,0.0,4482.7998046875,4579.10009765625,4413.39990234375,4526.0,10816.0,102.5999984741211,105.36000061035156,99.43000030517578,102.87999725341795,374075.0,3.64,330.293,121.2851,30.61,4.35,0,,,,,,TEST
2026-03-31,1.1457903385162354,1.1538816690444946,1.144924521446228,1.1460003852844238,0.0,1.3173494338989258,1.326330304145813,1.316118597984314,1.3172800540924072,0.0,4510.0,4684.10009765625,4508.60009765625,4647.60009765625,4264.0,105.06999969482422,106.86000061035156,99.62000274658205,101.37999725341795,495395.0,3.64,330.293,121.035,25.25,4.3,0,,,,,,TEST
2026-04-01,1.157112717628479,1.1626555919647217,1.1555883884429932,1.1574207544326782,0.0,1.324099898338318,1.3336000442504885,1.3222790956497192,1.324327826499939,0.0,4668.39990234375,4789.10009765625,4668.0,4783.2001953125,1637.0,101.72000122070312,103.30999755859376,96.5,100.12000274658205,434561.0,3.64,332.407,120.1198,24.54,4.33,0,,,,,,TEST
2026-04-02,1.159151554107666,1.1598775386810305,1.1510393619537354,1.159057378768921,0.0,1.3302825689315796,1.3314515352249146,1.3183915615081787,1.3302648067474363,0.0,4764.89990234375,4784.39990234375,4558.89990234375,4651.5,0.0,98.91999816894533,113.97000122070312,97.5,111.54000091552734,0.0,3.64,332.407,120.503,23.87,4.31,0,,,,,,TEST
2026-04-03,1.1543878316879272,1.1548677682876587,1.1520869731903076,1.1541746854782104,0.0,1.323364019393921,1.3245033025741575,1.3197835683822632,1.323031306266785,0.0,,,,,,,,,,,3.64,332.407,120.6565,23.87,4.35,0,,,,,,TEST
2026-04-06,1.151185154914856,1.1570056676864624,1.1506949663162231,1.150999665260315,0.0,1.318913221359253,1.3268407583236694,1.318913221359253,1.318634867668152,0.0,4656.10009765625,4689.60009765625,4605.0,4656.7998046875,148.0,112.95999908447266,115.4800033569336,108.88999938964844,112.41000366210938,271742.0,3.64,332.407,120.4302,24.17,4.34,0,,,,,,TEST
2026-04-07,1.1540547609329224,1.1583458185195925,1.1525251865386963,1.1541212797164917,0.0,1.323328971862793,1.3285505771636963,1.3212482929229736,1.3234164714813232,0.0,4624.89990234375,4676.2998046875,4608.0,4657.10009765625,327.0,112.62000274658205,117.62999725341795,109.1999969482422,112.9499969482422,429331.0,3.64,332.407,120.32,25.78,4.33,0,,,,,,TEST
2026-04-08,1.1690436601638794,1.172333002090454,1.1666841506958008,1.1686612367630005,0.0,1.3402490615844729,1.3484176397323608,1.3380969762802124,1.3401771783828735,0.0,4760.0,4851.0,4738.7998046875,4749.5,405.0,108.73999786376952,109.19000244140624,91.0500030517578,94.41000366210938,599576.0,3.64,332.407,119.0596,21.04,4.29,0,,,,,,TEST
2026-04-09,1.165813684463501,1.1706311702728271,1.1651073694229126,1.16593599319458,0.0,1.3394052982330322,1.3443931341171265,1.3382043838500977,1.3394052982330322,0.0,4711.0,4799.10009765625,4711.0,4792.2001953125,1277.0,96.77999877929688,102.6999969482422,95.25,97.87000274658205,427201.0,3.64,332.407,118.8998,19.49,4.29,0,,,,,,TEST
2026-04-10,1.1691941022872925,1.174122333526611,1.1678149700164795,1.1691256761550903,0.0,1.343021035194397,1.3479087352752686,1.3412736654281616,1.3430029153823853,0.0,4745.89990234375,4791.0,4744.89990234375,4761.89990234375,812.0,98.2300033569336,100.41999816894533,95.51000213623048,96.56999969482422,314855.0,3.64,332.407,118.8552,19.23,4.31,0,,,,,,TEST
2026-04-13,1.1672152280807495,1.1719481945037842,1.167147159576416,1.1675150394439695,0.0,1.3389569520950315,1.3465473651885986,1.3386881351470947,1.339441180229187,0.0,4704.0,4742.39990234375,4704.0,4742.39990234375,32.0,102.0,105.62999725341795,97.02999877929688,99.08000183105467,344337.0,3.64,332.407,118.9916,19.12,4.3,0,,,,,,TEST
2026-04-14,1.176345944404602,1.1810559034347534,1.1756960153579712,1.176885962486267,0.0,1.351186990737915,1.3588987588882446,1.3504297733306885,1.3515340089797974,0.0,4770.10009765625,4841.60009765625,4770.10009765625,4825.0,288.0,97.98999786376952,98.0,91.05999755859376,91.27999877929688,315821.0,3.64,332.407,118.3581,18.36,4.26,0,,,,,,TEST
2026-04-15,1.179815649986267,1.1810559034347534,1.177398681640625,1.179940938949585,0.0,1.357478380203247,1.3579576015472412,1.3544628620147705,1.357533574104309,0.0,4843.60009765625,4843.60009765625,4798.0,4800.0,182.0,92.0199966430664,93.3000030517578,86.95999908447266,91.29000091552734,240397.0,3.64,332.407,118.3623,18.17,4.29,0,,,,,,TEST
2026-04-16,1.1807769536972046,1.182382583618164,1.176955223083496,1.1809163093566897,0.0,1.3574230670928955,1.3594344854354858,1.351917743682861,1.3573696613311768,0.0,4810.89990234375,4810.89990234375,4785.39990234375,4785.39990234375,805.0,91.47000122070312,95.44000244140624,90.5199966430664,94.69000244140624,194354.0,3.64,332.407,118.3616,17.94,4.32,0,,,,,,TEST
2026-04-17,1.1778979301452637,1.1851149797439575,1.1772878170013428,1.178272724151611,0.0,1.3522651195526123,1.3598597049713137,1.3505666255950928,1.3526124954223633,0.0,4771.60009765625,4879.7001953125,4767.2001953125,4857.60009765625,1902.0,93.18000030517578,94.04000091552734,80.55999755859375,83.8499984741211,116624.0,3.64,332.407,118.0795,17.48,4.26,0,,,,,,TEST
2026-04-20,1.1739156246185305,1.1791062355041504,1.1739156246185305,1.174122333526611,0.0,1.348435878753662,1.3544628620147705,1.3481813669204712,1.348435878753662,0.0,4793.89990234375,4811.0,4770.0,4806.60009765625,724.0,89.0,91.1999969482422,87.0199966430664,89.61000061035156,115578.0,3.64,332.407,118.2374,18.87,4.26,0,,,,,,TEST
2026-04-21,1.178383708000183,1.178828239440918,1.174315333366394,1.1784392595291138,0.0,1.3530151844024658,1.3538193702697754,1.348617672920227,1.3531250953674316,0.0,4698.39990234375,4705.0,4676.39990234375,4698.39990234375,1197.0,87.88999938964844,94.4499969482422,87.76000213623047,92.12999725341795,383596.0,3.64,332.407,118.4331,19.5,4.3,0,,,,,,TEST
2026-04-22,1.1745774745941162,1.176110863685608,1.1713716983795166,1.174425721168518,0.0,1.3512235879898071,1.3535462617874146,1.349345564842224,1.3509680032730105,0.0,4754.2001953125,4754.2001953125,4732.5,4732.5,765.0,90.0,93.7300033569336,87.63999938964844,92.95999908447266,299675.0,3.64,332.407,118.6004,18.92,4.3,0,,,,,,TEST
2026-04-23,1.1704941987991333,1.1716461181640625,1.167924165725708,1.1706037521362305,0.0,1.3498555421829224,1.351826310157776,1.3479633331298828,1.3500378131866455,0.0,4711.5,4732.39990234375,4705.10009765625,4705.10009765625,292.0,92.9000015258789,98.38999938964844,92.3000030517578,95.8499984741211,365210.0,3.64,332.407,118.7155,19.31,4.34,0,,,,,,TEST
2026-04-24,1.1684017181396484,1.17205810546875,1.1673243045806885,1.16838800907135,0.0,1.346765160560608,1.3519724607467651,1.3454241752624512,1.3466380834579468,0.0,4695.0,4722.2998046875,4657.5,4722.2998046875,45.0,96.62000274658205,97.8499984741211,92.68000030517578,94.4000015258789,330280.0,3.64,332.407,118.7294,18.71,4.31,0,,,,,,TEST
2026-04-27,1.1705901622772217,1.1756407022476196,1.1705901622772217,1.1706448793411257,0.0,1.351387858390808,1.3575890064239502,1.3513513803482056,1.3515102863311768,0.0,4707.60009765625,4711.10009765625,4675.39990234375,4675.39990234375,538.0,95.5999984741211,97.66999816894533,94.58999633789062,96.37000274658205,219055.0,3.64,332.407,118.5458,18.02,4.35,0,,,,,,TEST
2026-04-28,1.1723191738128662,1.1728830337524414,1.1678286790847778,1.1723467111587524,0.0,1.3538029193878174,1.3542795181274414,1.3464386463165283,1.3538211584091189,0.0,4680.89990234375,4680.89990234375,4591.5,4591.5,2660.0,96.66999816894533,101.8499984741211,96.23999786376952,99.93000030517578,281078.0,3.64,332.407,118.7717,17.83,4.36,0,,,,,,TEST
2026-04-29,1.1719344854354858,1.172195553779602,1.1683608293533323,1.171783447265625,0.0,1.3526674509048462,1.3528138399124146,1.3473457098007202,1.3524478673934937,0.0,4598.60009765625,4601.60009765625,4515.7001953125,4545.2001953125,507.0,99.70999908447266,108.5999984741211,98.41999816894533,106.87999725341795,318841.0,3.64,332.407,119.0975,18.81,4.42,1,FED,FOMC rate decision (hold),MEDIUM,"EURUSD,GBPUSD,GOLD,OIL",TEST,TEST
2026-04-30,1.168770432472229,1.17384672164917,1.165623426437378,1.168470025062561,0.0,1.348981499671936,1.3592866659164429,1.345532774925232,1.3488596677780151,0.0,4561.89990234375,4636.7001953125,4561.89990234375,4614.7001953125,77.0,109.06999969482422,110.93000030517578,103.33999633789062,105.06999969482422,341994.0,3.64,332.407,118.671,16.89,4.4,0,,,,,,TEST
2026-05-01,1.1730204820632937,1.1784532070159912,1.1719344854354858,1.172910451889038,0.0,1.3603407144546509,1.3657844066619873,1.3588802814483645,1.3602666854858398,0.0,4636.7001953125,4636.7001953125,4581.7001953125,4629.89990234375,113.0,105.13999938964844,106.6500015258789,99.3000030517578,101.94000244140624,268707.0,3.63,333.979,118.3926,16.99,4.39,0,,,,,,TEST
2026-05-04,1.1726078987121582,1.17384672164917,1.1690847873687744,1.1726628541946411,0.0,1.3581420183181765,1.360063076019287,1.3526674509048462,1.3581420183181765,0.0,4581.2001953125,4581.2001953125,4512.7001953125,4519.5,20.0,99.7300033569336,107.45999908447266,99.11000061035156,106.41999816894533,342843.0,3.63,333.979,118.8264,18.29,4.45,0,,,,,,TEST
2026-05-05,1.1691941022872925,1.1716461181640625,1.1677467823028564,1.1691941022872925,0.0,1.353179931640625,1.357810139656067,1.3514426946640017,1.353143334388733,0.0,4547.60009765625,4580.5,4547.60009765625,4555.7998046875,426.0,104.93000030517578,105.4800033569336,101.08000183105467,102.2699966430664,241150.0,3.63,333.979,118.6207,17.38,4.43,0,,,,,,TEST
2026-05-06,1.1715089082717896,1.179662585258484,1.1712619066238403,1.1715774536132812,0.0,1.3568521738052368,1.3643310070037842,1.3564103841781616,1.3568705320358276,0.0,4663.60009765625,4712.60009765625,4663.60009765625,4681.89990234375,212.0,102.6999969482422,102.6999969482422,88.66000366210938,95.08000183105467,423491.0,3.63,333.979,118.0982,17.39,4.36,0,,,,,,TEST
2026-05-07,1.174812078475952,1.177994966506958,1.1746740341186523,1.1747430562973022,0.0,1.3590649366378784,1.3631964921951294,1.3590649366378784,1.3591758012771606,0.0,4704.7998046875,4736.2001953125,4699.7998046875,4699.7998046875,254.0,96.3000030517578,97.98999786376952,89.8499984741211,94.80999755859376,392091.0,3.63,333.979,118.0116,17.08,4.41,0,,,,,,TEST
2026-05-08,1.1730892658233645,1.178467035293579,1.172525405883789,1.1731581687927246,0.0,1.3556013107299805,1.3629549741744995,1.354976773262024,1.3555645942687988,0.0,4714.39990234375,4724.7998046875,4713.60009765625,4720.39990234375,120.0,98.25,98.63999938964844,93.81999969482422,95.41999816894533,243423.0,3.63,333.979,118.0392,17.19,4.38,0,,,,,,TEST
2026-05-11,1.176885962486267,1.1789672374725342,1.174936294555664,1.176885962486267,0.0,1.359397530555725,1.3652249574661257,1.358068346977234,1.3594714403152466,0.0,4729.5,4729.5,4718.7001953125,4718.7001953125,36.0,98.19000244140624,100.37000274658205,96.12999725341795,98.06999969482422,256251.0,3.63,333.979,118.0562,18.38,4.42,0,,,,,,TEST
2026-05-12,1.1775649785995483,1.1778563261032104,1.172305464744568,1.177994966506958,0.0,1.360063076019287,1.3604886531829834,1.3503477573394775,1.360470175743103,0.0,4762.2001953125,4765.2001953125,4677.60009765625,4677.60009765625,93.0,98.38999938964844,102.72000122070312,98.0,102.18000030517578,231747.0,3.63,333.979,118.5238,17.99,4.46,0,,,,,,TEST
2026-05-13,1.173626184463501,1.1742602586746216,1.1696317195892334,1.1735436916351318,0.0,1.353637933731079,1.3550686836242676,1.3487813472747805,1.3537001609802246,0.0,4722.7001953125,4722.7001953125,4679.5,4697.7001953125,228.0,102.16000366210938,103.66999816894533,100.55999755859376,101.0199966430664,212582.0,3.63,333.979,118.4737,17.87,4.46,0,,,,,,TEST
2026-05-14,1.171783447265625,1.1721543073654177,1.1672425270080566,1.1716049909591677,0.0,1.352630853652954,1.353363037109375,1.3475091457366943,1.352630853652954,0.0,4678.10009765625,4678.10009765625,4650.2998046875,4678.10009765625,5.0,101.0199966430664,102.3499984741211,99.38999938964844,101.16999816894533,173862.0,3.63,333.979,118.6696,17.26,4.47,0,,,,,,TEST
2026-05-15,1.166248798370361,1.1664528846740725,1.1618314981460571,1.166208028793335,0.0,1.339046597480774,1.3392438888549805,1.3317352533340454,1.339136242866516,0.0,4615.2001953125,4615.2001953125,4524.2998046875,4555.7998046875,607.0,102.05999755859376,106.0,101.4800033569336,105.41999816894533,96552.0,3.63,333.979,119.2825,18.43,4.59,0,,,,,,TEST
2026-05-18,1.1617100238800049,1.1659088134765625,1.1609008312225342,1.161440134048462,0.0,1.331061601638794,1.3424079418182373,1.3304418325424194,1.330849051475525,0.0,4563.0,4570.2998046875,4538.7001953125,4552.5,38.0,106.0,109.47000122070312,102.6500015258789,108.66000366210938,117910.0,3.63,333.979,119.0574,17.82,4.61,0,,,,,,TEST
2026-05-19,1.1654061079025269,1.1655012369155884,1.159312725067139,1.1655147075653076,0.0,1.3433637619018557,1.3433637619018557,1.338043212890625,1.3432012796401978,0.0,4551.7001953125,4552.60009765625,4506.2001953125,4506.2998046875,875.0,107.11000061035156,109.23999786376952,106.76000213623048,107.7699966430664,206472.0,3.63,333.979,119.451,18.06,4.67,0,,,,,,TEST
2026-05-20,1.1605371236801147,1.16441547870636,1.1583592891693115,1.1607122421264648,0.0,1.3392438888549805,1.3461849689483645,1.3378641605377195,1.3396027088165283,0.0,4502.60009765625,4531.2998046875,4465.10009765625,4531.2998046875,981.0,104.12000274658205,104.4499969482422,96.94000244140624,98.26000213623048,320034.0,3.63,333.979,119.1624,17.44,4.57,0,,,,,,TEST
2026-05-21,1.1625068187713623,1.1637378931045532,1.1577290296554563,1.1625338792800903,0.0,1.3434540033340454,1.345243215560913,1.3393514156341553,1.3433998823165894,0.0,4507.2001953125,4539.7998046875,4503.7998046875,4539.7998046875,426.0,98.9499969482422,102.66000366210938,95.76000213623048,96.3499984741211,345482.0,3.63,333.979,119.369,16.76,4.57,0,,,,,,TEST
2026-05-22,1.1615750789642334,1.1618449687957764,1.1589365005493164,1.1621150970458984,0.0,1.342984914779663,1.345949411392212,1.3414356708526611,1.3432555198669434,0.0,4519.5,4530.2998046875,4519.10009765625,4521.0,40.0,98.0,99.43000030517578,94.7300033569336,96.5999984741211,261142.0,3.63,333.979,119.2868,16.7,4.56,0,,,,,,TEST
2026-05-25,1.1640766859054563,1.1655012369155884,1.1630340814590454,1.164225697517395,0.0,1.34816312789917,1.3508037328720093,1.347164273262024,1.34816312789917,0.0,,,,,,,,,,,3.63,333.979,119.2868,16.59,4.56,0,,,,,,TEST
2026-05-26,1.1636160612106323,1.164686679840088,1.161737084388733,1.1637378931045532,0.0,1.349582314491272,1.3497098684310913,1.3436344861984253,1.3496370315551758,0.0,4572.7998046875,4572.7998046875,4500.39990234375,4500.39990234375,1261.0,93.87999725341795,94.6999969482422,89.41000366210938,93.88999938964844,358867.0,3.63,333.979,119.1696,17.01,4.5,0,,,,,,TEST
2026-05-27,1.1638598442077637,1.1660856008529663,1.1623852252960205,1.1636837720870972,0.0,1.3457139730453491,1.3458950519561768,1.3417415618896484,1.345532774925232,0.0,4439.7001953125,4447.5,4439.7001953125,4447.5,81062.0,93.38999938964844,93.69000244140624,87.7699966430664,88.68000030517578,290948.0,3.63,333.979,119.1829,16.29,4.48,0,,,,,,TEST
2026-05-28,1.1617640256881714,1.1657729148864746,1.1587486267089844,1.16179096698761,0.0,1.3415615558624268,1.3447548151016235,1.336844801902771,1.3416515588760376,0.0,4453.60009765625,4512.60009765625,4363.5,4499.2998046875,16427.0,89.11000061035156,92.5199966430664,87.11000061035156,88.9000015258789,235145.0,3.63,333.979,119.0318,15.74,4.45,0,,,,,,TEST
2026-05-29,1.165338158607483,1.1685519218444824,1.1625880002975464,1.1652837991714478,0.0,1.3444656133651731,1.3485448360443115,1.340985894203186,1.3444474935531616,0.0,4494.0,4591.7998046875,4487.89990234375,4560.5,1883.0,88.55000305175781,89.0199966430664,86.3499984741211,87.36000061035156,267803.0,3.63,333.979,118.8783,15.32,4.45,0,,,,,,TEST
2026-06-01,1.164808750152588,1.1667250394821167,1.160739183425903,1.164890170097351,0.0,1.3450441360473633,1.347636342048645,1.3408780097961426,1.345152735710144,0.0,4523.5,4541.39990234375,4449.7001953125,4475.2001953125,835.0,88.5,94.77999877929688,88.44999694824219,92.16000366210938,322039.0,3.63,332.568,119.1653,16.05,4.47,0,,,,,,TEST
2026-06-02,1.1635618209838867,1.1655012369155884,1.162912368774414,1.1635483503341677,0.0,1.3460218906402588,1.3481448888778689,1.3451708555221558,1.3460001945495603,0.0,4488.0,4529.5,4474.2001953125,4489.10009765625,456.0,92.4499969482422,94.0,90.12000274658205,93.76000213623048,238146.0,3.63,332.568,119.0359,15.77,4.46,0,,,,,,TEST
2026-06-03,1.1621556282043457,1.163602590560913,1.1595412492752075,1.1622096300125122,0.0,1.3453155755996704,1.3473457098007202,1.3422459363937378,1.3454241752624512,0.0,4471.2001953125,4471.7001953125,4427.2001953125,4436.7001953125,2913.0,93.4499969482422,97.0,93.4499969482422,96.0199966430664,260613.0,3.63,332.568,119.3848,16.06,4.49,0,,,,,,TEST
2026-06-04,1.1609278917312622,1.164686679840088,1.1599044799804688,1.160941243171692,0.0,1.3427144289016724,1.3462574481964111,1.3412736654281616,1.3427144289016724,0.0,4447.39990234375,4509.89990234375,4447.39990234375,4475.7998046875,480.0,95.75,95.91000366210938,91.91000366210938,93.04000091552734,219500.0,3.63,332.568,119.3615,15.4,4.47,0,,,,,,TEST
2026-06-05,1.161440134048462,1.1645511388778689,1.1531099081039429,1.1612648963928225,0.0,1.3424620628356934,1.3482722043991089,1.3357375860214231,1.3427000045776367,0.0,4472.2998046875,4472.2998046875,4319.10009765625,4337.10009765625,4062.0,92.81999969482422,93.62999725341795,89.68000030517578,90.54000091552734,252903.0,3.63,332.568,120.0831,21.51,4.55,0,,,,,,TEST
2026-06-08,1.1524720191955566,1.155428171157837,1.1500862836837769,1.1522595882415771,0.0,1.333564519882202,1.3369520902633667,1.3306896686553955,1.333564519882202,0.0,4324.2001953125,4340.89990234375,4284.60009765625,4335.89990234375,357.0,93.0,95.47000122070312,90.38999938964844,91.3000030517578,278650.0,3.63,332.568,120.034,18.92,4.56,0,,,,,,TEST
2026-06-09,1.152790904045105,1.157809495925903,1.152790904045105,1.1528440713882446,0.0,1.333280086517334,1.3409318923950195,1.3332266807556152,1.3333333730697632,0.0,4332.7998046875,4344.5,4240.2001953125,4260.0,1292.0,91.27999877929688,91.5500030517578,85.94999694824219,88.19999694824219,306101.0,3.63,332.568,119.9617,19.87,4.53,0,,,,,,TEST
2026-06-10,1.1535356044769287,1.1574074029922483,1.15340256690979,1.1535356044769287,0.0,1.3372023105621338,1.3422638177871704,1.3369340896606443,1.3372201919555664,0.0,4200.0,4206.7001953125,4100.0,4108.2001953125,525.0,89.4000015258789,91.87000274658205,87.38999938964844,90.02999877929688,291935.0,3.63,332.568,119.9134,22.22,4.55,0,,,,,,TEST
2026-06-11,1.1538017988204956,1.1558021306991575,1.151450276374817,1.1535621881484983,0.0,1.3365768194198608,1.3392258882522583,1.3325693607330322,1.3362016677856443,0.0,4042.89990234375,4209.7998046875,4031.0,4090.300048828125,1938.0,92.25,93.63999938964844,85.73999786376953,87.70999908447266,317151.0,3.63,332.568,120.1174,19.44,4.45,0,,,,,,TEST
2026-06-12,1.157353758811951,1.159151554107666,1.1558021306991575,1.157594919204712,0.0,1.341219782829285,1.3426424264907837,1.3385268449783323,1.341381549835205,0.0,4208.2998046875,4225.2998046875,4173.2001953125,4215.0,1167.0,86.63999938964844,87.2300033569336,83.19999694824219,84.87999725341797,233924.0,3.63,332.568,119.5073,17.68,4.48,0,,,,,,TEST
2026-06-15,1.160644769668579,1.16225004196167,1.1594606637954712,1.1603081226348877,0.0,1.3453155755996704,1.3461124897003174,1.341813564300537,1.344971776008606,0.0,4271.2001953125,4362.0,4269.10009765625,4328.0,1666.0,81.4000015258789,82.41999816894531,79.69999694824219,80.75,208395.0,3.63,332.568,119.3158,16.2,4.47,0,,,,,,TEST
2026-06-16,1.1592857837677002,1.1618449687957764,1.1575413942337036,1.1594202518463137,0.0,1.3417415618896484,1.3441221714019775,1.339159607887268,1.341599464416504,0.0,4309.5,4345.7998046875,4309.5,4330.89990234375,158.0,81.0999984741211,81.58000183105469,75.5199966430664,76.05000305175781,205050.0,3.63,332.568,119.256,16.41,4.43,0,,,,,,TEST
2026-06-17,1.1609278917312622,1.1618449687957764,1.1586545705795288,1.1609952449798584,0.0,1.3424980640411377,1.3435442447662354,1.3388851881027222,1.3426424264907837,0.0,4339.0,4377.0,4296.0,4358.89990234375,1961.0,76.58999633789062,80.02999877929688,74.58999633789062,76.79000091552734,100474.0,3.63,332.568,119.3871,18.44,4.49,1,FED,FOMC rate decision (hold),MEDIUM,"EURUSD,GBPUSD,GOLD,OIL",TEST,TEST
2026-06-18,1.151145339012146,1.1530035734176636,1.1454228162765503,1.150734782218933,0.0,1.330477237701416,1.3326226472854614,1.3207073211669922,1.3301233053207395,0.0,4279.7998046875,4323.2001953125,4223.7001953125,4224.10009765625,738.0,75.52999877929688,76.98999786376953,73.58000183105469,76.5999984741211,97813.0,3.63,332.568,120.3958,16.4,4.46,0,,,,,,TEST
2026-06-19,1.1463946104049685,1.1475785970687866,1.1418262720108032,1.1458560228347778,0.0,1.3205503225326538,1.3241524696350098,1.3163783550262451,1.320201754570007,0.0,,,,,,,,,,,3.63,332.568,120.3958,16.78,4.46,0,,,,,,TEST
2026-06-22,1.1463682651519775,1.147315263748169,1.1426090002059937,1.146276354789734,0.0,1.3208295106887815,1.327210545539856,1.31851327419281,1.3207945823669434,0.0,4138.7998046875,4216.39990234375,4134.7998046875,4181.89990234375,1197.0,78.93000030517578,78.95999908447266,74.44999694824219,74.81999969482422,315903.0,3.63,332.568,120.5463,17.28,4.51,0,,,,,,TEST
2026-06-23,1.1425306797027588,1.1439030170440674,1.137669324874878,1.1427135467529297,0.0,1.324643611907959,1.3250298500061035,1.318634867668152,1.3247138261795044,0.0,4127.10009765625,4135.2001953125,4118.5,4129.89990234375,252.0,74.13999938964844,74.44999694824219,72.4800033569336,73.20999908447266,203509.0,3.63,332.568,121.0552,19.49,4.5,0,,,,,,TEST
2026-06-24,1.1379282474517822,1.1384334564208984,1.132541298866272,1.1379542350769043,0.0,1.3200798034667969,1.320934176445007,1.3143022060394287,1.32000994682312,0.0,4104.39990234375,4104.7001953125,3963.300048828125,3990.300048828125,353.0,73.12999725341797,73.18000030517578,69.62999725341797,70.33999633789062,251403.0,3.63,332.568,121.412,18.63,4.41,0,,,,,,TEST
2026-06-25,1.135344386100769,1.1388354301452637,1.1334270238876345,1.1354217529296875,0.0,1.3162744045257568,1.3217023611068726,1.3153221607208252,1.3166556358337402,0.0,3988.39990234375,4030.5,3986.699951171875,4030.5,2724.0,69.94999694824219,72.5,68.9000015258789,71.91999816894531,228065.0,3.63,332.568,121.0559,18.89,4.4,0,,,,,,TEST
2026-06-26,1.1363893747329712,1.1433929204940796,1.135486125946045,1.1361699104309082,0.0,1.3190349340438845,1.3232064247131348,1.3181134462356567,1.318791389465332,0.0,4078.699951171875,4078.699951171875,4078.699951171875,4078.699951171875,1431.0,71.44000244140625,71.86000061035156,68.55999755859375,69.2300033569336,249316.0,3.63,332.568,120.8866,18.41,4.38,0,,,,,,TEST
2026-06-29,1.1384464502334597,1.1425960063934326,1.1381744146347046,1.1385631561279297,0.0,1.3196094036102295,1.325556755065918,1.3194701671600342,1.319713830947876,0.0,4057.5,4070.0,4003.199951171875,4022.300048828125,785.0,70.5,71.1500015258789,69.31999969482422,70.75,170488.0,3.63,332.568,120.9525,17.65,4.38,0,,,,,,TEST
